{"resourceType":"CodeSystem","id":"CareConnect-ReferralRequestMethod-1","text":{"status":"generated","div":"<div xmlns=\"http://www.w3.org/1999/xhtml\">\n         <h2>Care Connect Referral Request Method</h2>\n         <div>\n            <p>A CodeSystem to identify the form in which a referral is sent and received.</p> \n         </div>\n         <p>\n            <b>Copyright Statement:</b> Copyright © 2019 HL7 UK\n         </p>\n         <p>This code system https://hl7.org.uk/fhir/CodeSystem/CareConnect-ReferralRequestMethod-1 defines the following codes:</p>\n         <table class=\"codes\">\n            <tr>\n               <td style=\"white-space:nowrap\">\n                  <b>Code</b>\n               </td>\n               <td>\n                  <b>Display</b>\n               </td>\n               <td>\n                  <b>Definition</b>\n               </td>\n            </tr>\n            <tr>\n               <td style=\"white-space:nowrap\">1\n                  <a name=\"CareConnect-ReferralRequestMethod-1-1\"> </a>\n               </td>\n               <td>Fax</td>\n               <td/>\n            </tr>\n            <tr>\n               <td style=\"white-space:nowrap\">2\n                  <a name=\"CareConnect-ReferralRequestMethod-1-2\"> </a>\n               </td>\n               <td>Phone</td>\n               <td/>\n            </tr>\n            <tr>\n               <td style=\"white-space:nowrap\">3\n                  <a name=\"CareConnect-ReferralRequestMethod-1-3\"> </a>\n               </td>\n               <td>Secure Messaging</td>\n               <td/>\n            </tr>\n            <tr>\n               <td style=\"white-space:nowrap\">4\n                  <a name=\"CareConnect-ReferralRequestMethod-1-4\"> </a>\n               </td>\n               <td>Secure Email</td>\n               <td/>\n            </tr>\n            <tr>\n               <td style=\"white-space:nowrap\">5\n                  <a name=\"CareConnect-ReferralRequestMethod-1-5\"> </a>\n               </td>\n               <td>Letter</td>\n               <td/>\n            </tr>\n            <tr>\n               <td style=\"white-space:nowrap\">6\n                  <a name=\"CareConnect-ReferralRequestMethod-1-6\"> </a>\n               </td>\n               <td>NHS E-Referral Service</td>\n               <td/>\n            </tr>\n            <tr>\n               <td style=\"white-space:nowrap\">7\n                  <a name=\"CareConnect-ReferralRequestMethod-1-7\"> </a>\n               </td>\n               <td>Self Referral</td>\n               <td/>\n            </tr>\n         </table>\n      </div>"},"url":"https://hl7.org.uk/fhir/CodeSystem/CareConnect-ReferralRequestMethod-1","version":"4.0.0","name":"Care Connect Referral Request Method","status":"draft","date":"2019-07-16T18:43:00+01:00","publisher":"INTEROPen","contact":[{"telecom":[{"system":"other","value":"https://chat.fhir.org/#narrow/stream/179189-uk"}]}],"description":"A CodeSystem to identify the form in which a referral is sent and received.","jurisdiction":[{"coding":[{"system":"http://unstats.un.org/unsd/methods/m49/m49.htm","code":"826"}]}],"copyright":"Copyright © 2019 HL7 UK","caseSensitive":true,"content":"complete","concept":[{"code":"1","display":"Fax"},{"code":"2","display":"Phone"},{"code":"3","display":"Secure Messaging"},{"code":"4","display":"Secure Email"},{"code":"5","display":"Letter"},{"code":"6","display":"NHS E-Referral Service"},{"code":"7","display":"Self Referral"}]}