{"resourceType":"CodeSystem","id":"CareConnect-PDS-PersonNameType-1","text":{"status":"generated","div":"<div xmlns=\"http://www.w3.org/1999/xhtml\">\n         <h2>PDS Person Name Type</h2>\n         <div>\n            <p>A code to identify the type of a name of a Person.</p> \n         </div>\n         <p>\n            <b>Copyright Statement:</b> Copyright © 2016 HL7 UK\n         </p>\n         <p>This code system https://hl7.org.uk/fhir/CodeSystem/CareConnect-PDS-PersonNameType-1 defines the following codes:</p>\n         <table class=\"codes\">\n            <tr>\n               <td style=\"white-space:nowrap\">\n                  <b>Code</b>\n               </td>\n               <td>\n                  <b>Display</b>\n               </td>\n               <td>\n                  <b>Definition</b>\n               </td>\n            </tr>\n            <tr>\n               <td style=\"white-space:nowrap\">L\n                  <a name=\"CareConnect-PDS-PersonNameType-1-L\"> </a>\n               </td>\n               <td>Usual (current) name</td>\n               <td/>\n            </tr>\n            <tr>\n               <td style=\"white-space:nowrap\">A\n                  <a name=\"CareConnect-PDS-PersonNameType-1-A\"> </a>\n               </td>\n               <td>Alias name</td>\n               <td/>\n            </tr>\n            <tr>\n               <td style=\"white-space:nowrap\">PREFERRED\n                  <a name=\"CareConnect-PDS-PersonNameType-1-PREFERRED\"> </a>\n               </td>\n               <td>Preferred name</td>\n               <td/>\n            </tr>\n            <tr>\n               <td style=\"white-space:nowrap\">PREVIOUS\n                  <a name=\"CareConnect-PDS-PersonNameType-1-PREVIOUS\"> </a>\n               </td>\n               <td>Other previous name</td>\n               <td/>\n            </tr>\n            <tr>\n               <td style=\"white-space:nowrap\">PREVIOUS-BACHELOR\n                  <a name=\"CareConnect-PDS-PersonNameType-1-PREVIOUS-BACHELOR\"> </a>\n               </td>\n               <td>Bachelor name</td>\n               <td/>\n            </tr>\n            <tr>\n               <td style=\"white-space:nowrap\">PREVIOUS-BIRTH\n                  <a name=\"CareConnect-PDS-PersonNameType-1-PREVIOUS-BIRTH\"> </a>\n               </td>\n               <td>Birth name</td>\n               <td/>\n            </tr>\n            <tr>\n               <td style=\"white-space:nowrap\">PREVIOUS-MAIDEN\n                  <a name=\"CareConnect-PDS-PersonNameType-1-PREVIOUS-MAIDEN\"> </a>\n               </td>\n               <td>Maiden name</td>\n               <td/>\n            </tr>\n         </table>\n      </div>"},"url":"https://hl7.org.uk/fhir/CodeSystem/CareConnect-PDS-PersonNameType-1","version":"4.0.0","name":"PDS Person Name Type","status":"draft","date":"2018-11-02T00:00:00+00:00","publisher":"INTEROPen","contact":[{"telecom":[{"system":"other","value":"https://chat.fhir.org/#narrow/stream/179189-uk"}]}],"description":"A code to identify the type of a name of a Person.","jurisdiction":[{"coding":[{"system":"http://unstats.un.org/unsd/methods/m49/m49.htm","code":"826"}]}],"copyright":"Copyright © 2016 HL7 UK","caseSensitive":true,"content":"complete","concept":[{"code":"L","display":"Usual (current) name"},{"code":"A","display":"Alias name"},{"code":"PREFERRED","display":"Preferred name"},{"code":"PREVIOUS","display":"Other previous name"},{"code":"PREVIOUS-BACHELOR","display":"Bachelor name"},{"code":"PREVIOUS-BIRTH","display":"Birth name"},{"code":"PREVIOUS-MAIDEN","display":"Maiden name"}]}