{"resourceType":"CodeSystem","id":"CareConnect-ResidentialStatus-1","text":{"status":"generated","div":"<div xmlns=\"http://www.w3.org/1999/xhtml\">\n         <h2>Care Connect Residential Status</h2>\n         <div>\n            <p>A CodeSystem that identifies the residential status of a patient.</p> \n         </div>\n         <p>\n            <b>Copyright Statement:</b> Copyright © 2016 HL7 UK\n         </p>\n         <p>This code system https://hl7.org.uk/fhir/CodeSystem/CareConnect-ResidentialStatus-1 defines the following codes:</p>\n         <table class=\"codes\">\n            <tr>\n               <td style=\"white-space:nowrap\">\n                  <b>Code</b>\n               </td>\n               <td>\n                  <b>Display</b>\n               </td>\n               <td>\n                  <b>Definition</b>\n               </td>\n            </tr>\n            <tr>\n               <td style=\"white-space:nowrap\">H\n                  <a name=\"CareConnect-ResidentialStatus-1-H\"> </a>\n               </td>\n               <td>UK Resident</td>\n               <td/>\n            </tr>\n            <tr>\n               <td style=\"white-space:nowrap\">O\n                  <a name=\"CareConnect-ResidentialStatus-1-O\"> </a>\n               </td>\n               <td>Overseas Resident</td>\n               <td/>\n            </tr>\n         </table>\n      </div>"},"url":"https://hl7.org.uk/fhir/CodeSystem/CareConnect-ResidentialStatus-1","version":"4.0.0","name":"Care Connect Residential Status","status":"draft","date":"2018-11-02T00:00:00+00:00","publisher":"INTEROPen","contact":[{"telecom":[{"system":"other","value":"https://chat.fhir.org/#narrow/stream/179189-uk"}]}],"description":"A CodeSystem that identifies the residential status of a patient.","jurisdiction":[{"coding":[{"system":"http://unstats.un.org/unsd/methods/m49/m49.htm","code":"826"}]}],"copyright":"Copyright © 2016 HL7 UK","caseSensitive":true,"content":"complete","concept":[{"code":"H","display":"UK Resident"},{"code":"O","display":"Overseas Resident"}]}