{"resourceType":"CodeSystem","id":"CareConnect-DeathNotificationStatus-1","text":{"status":"generated","div":"<div xmlns=\"http://www.w3.org/1999/xhtml\">\n         <h2>Care Connect Death Notification Status</h2>\n         <div>\n            <p>A CodeSystem to identify the type of death notice as held on Personal Demographics Service (PDS).</p> \n         </div>\n         <p>\n            <b>Copyright Statement:</b> Copyright © 2016 HL7 UK\n         </p>\n         <p>This code system https://hl7.org.uk/fhir/CodeSystem/CareConnect-DeathNotificationStatus-1 defines the following codes:</p>\n         <table class=\"codes\">\n            <tr>\n               <td style=\"white-space:nowrap\">\n                  <b>Code</b>\n               </td>\n               <td>\n                  <b>Display</b>\n               </td>\n               <td>\n                  <b>Definition</b>\n               </td>\n            </tr>\n            <tr>\n               <td style=\"white-space:nowrap\">1\n                  <a name=\"CareConnect-DeathNotificationStatus-1-1\"> </a>\n               </td>\n               <td>Informal - death notice received via an update from a local NHS Organisation such as GP or Trust</td>\n               <td/>\n            </tr>\n            <tr>\n               <td style=\"white-space:nowrap\">2\n                  <a name=\"CareConnect-DeathNotificationStatus-1-2\"> </a>\n               </td>\n               <td>Formal - death notice received from Registrar of Deaths</td>\n               <td/>\n            </tr>\n            <tr>\n               <td style=\"white-space:nowrap\">U\n                  <a name=\"CareConnect-DeathNotificationStatus-1-U\"> </a>\n               </td>\n               <td>Removed</td>\n               <td/>\n            </tr>\n         </table>\n      </div>"},"url":"https://hl7.org.uk/fhir/CodeSystem/CareConnect-DeathNotificationStatus-1","version":"4.0.0","name":"Care Connect Death Notification Status","status":"draft","date":"2018-11-12T00:00:00+00:00","publisher":"INTEROPen","contact":[{"telecom":[{"system":"other","value":"https://chat.fhir.org/#narrow/stream/179189-uk"}]}],"description":"A CodeSystem to identify the type of death notice as held on Personal Demographics Service (PDS).","jurisdiction":[{"coding":[{"system":"http://unstats.un.org/unsd/methods/m49/m49.htm","code":"826"}]}],"copyright":"Copyright © 2016 HL7 UK","caseSensitive":true,"content":"complete","concept":[{"code":"1","display":"Informal - death notice received via an update from a local NHS Organisation such as GP or Trust"},{"code":"2","display":"Formal - death notice received from Registrar of Deaths"},{"code":"U","display":"Removed"}]}