{"resourceType":"CodeSystem","id":"CareConnect-TreatmentCategory-1","text":{"status":"generated","div":"<div xmlns=\"http://www.w3.org/1999/xhtml\">\n         <h2>Care Connect Treatment Category</h2>\n         <div>\n            <p>A CodeSystem that identifies the treatment category for this patient.</p> \n         </div>\n         <p>\n            <b>Copyright Statement:</b> Copyright © 2016 HL7 UK\n         </p>\n         <p>This code system https://hl7.org.uk/fhir/CodeSystem/CareConnect-TreatmentCategory-1 defines the following codes:</p>\n         <table class=\"codes\">\n            <tr>\n               <td style=\"white-space:nowrap\">\n                  <b>Code</b>\n               </td>\n               <td>\n                  <b>Display</b>\n               </td>\n               <td>\n                  <b>Definition</b>\n               </td>\n            </tr>\n            <tr>\n               <td style=\"white-space:nowrap\">1\n                  <a name=\"CareConnect-TreatmentCategory-1-1\"> </a>\n               </td>\n               <td>Exempt from payment - subject to reciprocal health agreement</td>\n               <td/>\n            </tr>\n            <tr>\n               <td style=\"white-space:nowrap\">2\n                  <a name=\"CareConnect-TreatmentCategory-1-2\"> </a>\n               </td>\n               <td>Exempt from payment - other</td>\n               <td/>\n            </tr>\n            <tr>\n               <td style=\"white-space:nowrap\">3\n                  <a name=\"CareConnect-TreatmentCategory-1-3\"> </a>\n               </td>\n               <td>To pay hotel fees only</td>\n               <td/>\n            </tr>\n            <tr>\n               <td style=\"white-space:nowrap\">4\n                  <a name=\"CareConnect-TreatmentCategory-1-4\"> </a>\n               </td>\n               <td>To pay all fees</td>\n               <td/>\n            </tr>\n            <tr>\n               <td style=\"white-space:nowrap\">9\n                  <a name=\"CareConnect-TreatmentCategory-1-9\"> </a>\n               </td>\n               <td>Charging rate not known</td>\n               <td/>\n            </tr>\n            <tr>\n               <td style=\"white-space:nowrap\">8\n                  <a name=\"CareConnect-TreatmentCategory-1-8\"> </a>\n               </td>\n               <td>Not applicable</td>\n               <td>Not an Overseas Visitor</td>\n            </tr>\n         </table>\n      </div>"},"url":"https://hl7.org.uk/fhir/CodeSystem/CareConnect-TreatmentCategory-1","version":"4.0.0","name":"Care Connect Treatment Category","status":"draft","date":"2018-11-02T00:00:00+00:00","publisher":"INTEROPen","contact":[{"telecom":[{"system":"other","value":"https://chat.fhir.org/#narrow/stream/179189-uk"}]}],"description":"A CodeSystem that identifies the treatment category for this patient.","jurisdiction":[{"coding":[{"system":"http://unstats.un.org/unsd/methods/m49/m49.htm","code":"826"}]}],"copyright":"Copyright © 2016 HL7 UK","caseSensitive":true,"content":"complete","concept":[{"code":"1","display":"Exempt from payment - subject to reciprocal health agreement"},{"code":"2","display":"Exempt from payment - other"},{"code":"3","display":"To pay hotel fees only"},{"code":"4","display":"To pay all fees"},{"code":"9","display":"Charging rate not known"},{"code":"8","display":"Not applicable","definition":"Not an Overseas Visitor"}]}