{"resourceType":"CodeSystem","id":"CareConnect-LanguageAbilityProficiency-1","text":{"status":"generated","div":"<div xmlns=\"http://www.w3.org/1999/xhtml\">\n         <h2>Care Connect Language Ability Proficiency</h2>\n         <div>\n            <p>A CodeSystem to identify the level of proficiency in communicating a language.</p> \n         </div>\n         <p>\n            <b>Copyright Statement:</b> Copyright © 2016 HL7 UK\n         </p>\n         <p>This code system https://hl7.org.uk/fhir/CodeSystem/CareConnect-LanguageAbilityProficiency-1 defines the following codes:</p>\n         <table class=\"codes\">\n            <tr>\n               <td style=\"white-space:nowrap\">\n                  <b>Code</b>\n               </td>\n               <td>\n                  <b>Display</b>\n               </td>\n               <td>\n                  <b>Definition</b>\n               </td>\n            </tr>\n            <tr>\n               <td style=\"white-space:nowrap\">E\n                  <a name=\"CareConnect-LanguageAbilityProficiency-1-E\"> </a>\n               </td>\n               <td>Excellent</td>\n               <td/>\n            </tr>\n            <tr>\n               <td style=\"white-space:nowrap\">F\n                  <a name=\"CareConnect-LanguageAbilityProficiency-1-F\"> </a>\n               </td>\n               <td>Fair</td>\n               <td/>\n            </tr>\n            <tr>\n               <td style=\"white-space:nowrap\">G\n                  <a name=\"CareConnect-LanguageAbilityProficiency-1-G\"> </a>\n               </td>\n               <td>Good</td>\n               <td/>\n            </tr>\n            <tr>\n               <td style=\"white-space:nowrap\">P\n                  <a name=\"CareConnect-LanguageAbilityProficiency-1-P\"> </a>\n               </td>\n               <td>Poor</td>\n               <td/>\n            </tr>\n         </table>\n      </div>"},"url":"https://hl7.org.uk/fhir/CodeSystem/CareConnect-LanguageAbilityProficiency-1","version":"4.0.0","name":"Care Connect Language Ability Proficiency","status":"draft","date":"2018-11-01T00:00:00+00:00","publisher":"INTEROPen","contact":[{"telecom":[{"system":"other","value":"https://chat.fhir.org/#narrow/stream/179189-uk"}]}],"description":"A CodeSystem to identify the level of proficiency in communicating a language.","jurisdiction":[{"coding":[{"system":"http://unstats.un.org/unsd/methods/m49/m49.htm","code":"826"}]}],"copyright":"Copyright © 2016 HL7 UK","caseSensitive":true,"content":"complete","concept":[{"code":"E","display":"Excellent"},{"code":"F","display":"Fair"},{"code":"G","display":"Good"},{"code":"P","display":"Poor"}]}