{"resourceType":"CodeSystem","id":"CareConnect-HumanLanguage-1","text":{"status":"generated","div":"<div xmlns=\"http://www.w3.org/1999/xhtml\">\n         <h2>Care Connect Human Language</h2>\n         <div>\n            <p>A CodeSystem that identifies the language used by a person.</p> \n         </div>\n         <p>\n            <b>Copyright Statement:</b> Copyright © 2016 HL7 UK\n         </p>\n         <p>This code system https://hl7.org.uk/fhir/CodeSystem/CareConnect-HumanLanguage-1 defines the following codes:</p>\n         <table class=\"codes\">\n            <tr>\n               <td style=\"white-space:nowrap\">\n                  <b>Code</b>\n               </td>\n               <td>\n                  <b>Display</b>\n               </td>\n               <td>\n                  <b>Definition</b>\n               </td>\n            </tr>\n            <tr>\n               <td style=\"white-space:nowrap\">q1\n                  <a name=\"CareConnect-HumanLanguage-1-q1\"> </a>\n               </td>\n               <td>Braille</td>\n               <td/>\n            </tr>\n            <tr>\n               <td style=\"white-space:nowrap\">q2\n                  <a name=\"CareConnect-HumanLanguage-1-q2\"> </a>\n               </td>\n               <td>American Sign Language</td>\n               <td/>\n            </tr>\n            <tr>\n               <td style=\"white-space:nowrap\">q3\n                  <a name=\"CareConnect-HumanLanguage-1-q3\"> </a>\n               </td>\n               <td>Australian Sign Language</td>\n               <td/>\n            </tr>\n            <tr>\n               <td style=\"white-space:nowrap\">q4\n                  <a name=\"CareConnect-HumanLanguage-1-q4\"> </a>\n               </td>\n               <td>British Sign Language</td>\n               <td/>\n            </tr>\n            <tr>\n               <td style=\"white-space:nowrap\">q5\n                  <a name=\"CareConnect-HumanLanguage-1-q5\"> </a>\n               </td>\n               <td>Makaton</td>\n               <td/>\n            </tr>\n            <tr>\n               <td style=\"white-space:nowrap\">aa\n                  <a name=\"CareConnect-HumanLanguage-1-aa\"> </a>\n               </td>\n               <td>Afar</td>\n               <td/>\n            </tr>\n            <tr>\n               <td style=\"white-space:nowrap\">ab\n                  <a name=\"CareConnect-HumanLanguage-1-ab\"> </a>\n               </td>\n               <td>Abkhazian</td>\n               <td/>\n            </tr>\n            <tr>\n               <td style=\"white-space:nowrap\">af\n                  <a name=\"CareConnect-HumanLanguage-1-af\"> </a>\n               </td>\n               <td>Afrikaans</td>\n               <td/>\n            </tr>\n            <tr>\n               <td style=\"white-space:nowrap\">ak\n                  <a name=\"CareConnect-HumanLanguage-1-ak\"> </a>\n               </td>\n               <td>Akan</td>\n               <td/>\n            </tr>\n            <tr>\n               <td style=\"white-space:nowrap\">sq\n                  <a name=\"CareConnect-HumanLanguage-1-sq\"> </a>\n               </td>\n               <td>Albanian</td>\n               <td/>\n            </tr>\n            <tr>\n               <td style=\"white-space:nowrap\">am\n                  <a name=\"CareConnect-HumanLanguage-1-am\"> </a>\n               </td>\n               <td>Amharic</td>\n               <td/>\n            </tr>\n            <tr>\n               <td style=\"white-space:nowrap\">ar\n                  <a name=\"CareConnect-HumanLanguage-1-ar\"> </a>\n               </td>\n               <td>Arabic</td>\n               <td/>\n            </tr>\n            <tr>\n               <td style=\"white-space:nowrap\">an\n                  <a name=\"CareConnect-HumanLanguage-1-an\"> </a>\n               </td>\n               <td>Aragonese</td>\n               <td/>\n            </tr>\n            <tr>\n               <td style=\"white-space:nowrap\">hy\n                  <a name=\"CareConnect-HumanLanguage-1-hy\"> </a>\n               </td>\n               <td>Armenian</td>\n               <td/>\n            </tr>\n            <tr>\n               <td style=\"white-space:nowrap\">as\n                  <a name=\"CareConnect-HumanLanguage-1-as\"> </a>\n               </td>\n               <td>Assamese</td>\n               <td/>\n            </tr>\n            <tr>\n               <td style=\"white-space:nowrap\">av\n                  <a name=\"CareConnect-HumanLanguage-1-av\"> </a>\n               </td>\n               <td>Avaric</td>\n               <td/>\n            </tr>\n            <tr>\n               <td style=\"white-space:nowrap\">ae\n                  <a name=\"CareConnect-HumanLanguage-1-ae\"> </a>\n               </td>\n               <td>Avestan</td>\n               <td/>\n            </tr>\n            <tr>\n               <td style=\"white-space:nowrap\">ay\n                  <a name=\"CareConnect-HumanLanguage-1-ay\"> </a>\n               </td>\n               <td>Aymara</td>\n               <td/>\n            </tr>\n            <tr>\n               <td style=\"white-space:nowrap\">az\n                  <a name=\"CareConnect-HumanLanguage-1-az\"> </a>\n               </td>\n               <td>Azerbaijani</td>\n               <td/>\n            </tr>\n            <tr>\n               <td style=\"white-space:nowrap\">ba\n                  <a name=\"CareConnect-HumanLanguage-1-ba\"> </a>\n               </td>\n               <td>Bashkir</td>\n               <td/>\n            </tr>\n            <tr>\n               <td style=\"white-space:nowrap\">bm\n                  <a name=\"CareConnect-HumanLanguage-1-bm\"> </a>\n               </td>\n               <td>Bambara</td>\n               <td/>\n            </tr>\n            <tr>\n               <td style=\"white-space:nowrap\">eu\n                  <a name=\"CareConnect-HumanLanguage-1-eu\"> </a>\n               </td>\n               <td>Basque</td>\n               <td/>\n            </tr>\n            <tr>\n               <td style=\"white-space:nowrap\">be\n                  <a name=\"CareConnect-HumanLanguage-1-be\"> </a>\n               </td>\n               <td>Belarusian</td>\n               <td/>\n            </tr>\n            <tr>\n               <td style=\"white-space:nowrap\">bn\n                  <a name=\"CareConnect-HumanLanguage-1-bn\"> </a>\n               </td>\n               <td>Bengali</td>\n               <td/>\n            </tr>\n            <tr>\n               <td style=\"white-space:nowrap\">bh\n                  <a name=\"CareConnect-HumanLanguage-1-bh\"> </a>\n               </td>\n               <td>Bihari languages</td>\n               <td/>\n            </tr>\n            <tr>\n               <td style=\"white-space:nowrap\">bi\n                  <a name=\"CareConnect-HumanLanguage-1-bi\"> </a>\n               </td>\n               <td>Bislama</td>\n               <td/>\n            </tr>\n            <tr>\n               <td style=\"white-space:nowrap\">bo\n                  <a name=\"CareConnect-HumanLanguage-1-bo\"> </a>\n               </td>\n               <td>Tibetan</td>\n               <td/>\n            </tr>\n            <tr>\n               <td style=\"white-space:nowrap\">bs\n                  <a name=\"CareConnect-HumanLanguage-1-bs\"> </a>\n               </td>\n               <td>Bosnian</td>\n               <td/>\n            </tr>\n            <tr>\n               <td style=\"white-space:nowrap\">br\n                  <a name=\"CareConnect-HumanLanguage-1-br\"> </a>\n               </td>\n               <td>Breton</td>\n               <td/>\n            </tr>\n            <tr>\n               <td style=\"white-space:nowrap\">bg\n                  <a name=\"CareConnect-HumanLanguage-1-bg\"> </a>\n               </td>\n               <td>Bulgarian</td>\n               <td/>\n            </tr>\n            <tr>\n               <td style=\"white-space:nowrap\">my\n                  <a name=\"CareConnect-HumanLanguage-1-my\"> </a>\n               </td>\n               <td>Burmese</td>\n               <td/>\n            </tr>\n            <tr>\n               <td style=\"white-space:nowrap\">ca\n                  <a name=\"CareConnect-HumanLanguage-1-ca\"> </a>\n               </td>\n               <td>Catalan; Valencian</td>\n               <td/>\n            </tr>\n            <tr>\n               <td style=\"white-space:nowrap\">cs\n                  <a name=\"CareConnect-HumanLanguage-1-cs\"> </a>\n               </td>\n               <td>Czech</td>\n               <td/>\n            </tr>\n            <tr>\n               <td style=\"white-space:nowrap\">ch\n                  <a name=\"CareConnect-HumanLanguage-1-ch\"> </a>\n               </td>\n               <td>Chamorro</td>\n               <td/>\n            </tr>\n            <tr>\n               <td style=\"white-space:nowrap\">ce\n                  <a name=\"CareConnect-HumanLanguage-1-ce\"> </a>\n               </td>\n               <td>Chechen</td>\n               <td/>\n            </tr>\n            <tr>\n               <td style=\"white-space:nowrap\">zh\n                  <a name=\"CareConnect-HumanLanguage-1-zh\"> </a>\n               </td>\n               <td>Chinese</td>\n               <td/>\n            </tr>\n            <tr>\n               <td style=\"white-space:nowrap\">cu\n                  <a name=\"CareConnect-HumanLanguage-1-cu\"> </a>\n               </td>\n               <td>Church Slavic; Old Slavonic; Church Slavonic; Old Bulgarian; Old Church Slavonic</td>\n               <td/>\n            </tr>\n            <tr>\n               <td style=\"white-space:nowrap\">cv\n                  <a name=\"CareConnect-HumanLanguage-1-cv\"> </a>\n               </td>\n               <td>Chuvash</td>\n               <td/>\n            </tr>\n            <tr>\n               <td style=\"white-space:nowrap\">kw\n                  <a name=\"CareConnect-HumanLanguage-1-kw\"> </a>\n               </td>\n               <td>Cornish</td>\n               <td/>\n            </tr>\n            <tr>\n               <td style=\"white-space:nowrap\">co\n                  <a name=\"CareConnect-HumanLanguage-1-co\"> </a>\n               </td>\n               <td>Corsican</td>\n               <td/>\n            </tr>\n            <tr>\n               <td style=\"white-space:nowrap\">cr\n                  <a name=\"CareConnect-HumanLanguage-1-cr\"> </a>\n               </td>\n               <td>Cree</td>\n               <td/>\n            </tr>\n            <tr>\n               <td style=\"white-space:nowrap\">cy\n                  <a name=\"CareConnect-HumanLanguage-1-cy\"> </a>\n               </td>\n               <td>Welsh</td>\n               <td/>\n            </tr>\n            <tr>\n               <td style=\"white-space:nowrap\">da\n                  <a name=\"CareConnect-HumanLanguage-1-da\"> </a>\n               </td>\n               <td>Danish</td>\n               <td/>\n            </tr>\n            <tr>\n               <td style=\"white-space:nowrap\">de\n                  <a name=\"CareConnect-HumanLanguage-1-de\"> </a>\n               </td>\n               <td>German</td>\n               <td/>\n            </tr>\n            <tr>\n               <td style=\"white-space:nowrap\">dv\n                  <a name=\"CareConnect-HumanLanguage-1-dv\"> </a>\n               </td>\n               <td>Divehi; Dhivehi; Maldivian</td>\n               <td/>\n            </tr>\n            <tr>\n               <td style=\"white-space:nowrap\">nl\n                  <a name=\"CareConnect-HumanLanguage-1-nl\"> </a>\n               </td>\n               <td>Dutch; Flemish</td>\n               <td/>\n            </tr>\n            <tr>\n               <td style=\"white-space:nowrap\">dz\n                  <a name=\"CareConnect-HumanLanguage-1-dz\"> </a>\n               </td>\n               <td>Dzongkha</td>\n               <td/>\n            </tr>\n            <tr>\n               <td style=\"white-space:nowrap\">el\n                  <a name=\"CareConnect-HumanLanguage-1-el\"> </a>\n               </td>\n               <td>Greek, Modern (1453-)</td>\n               <td/>\n            </tr>\n            <tr>\n               <td style=\"white-space:nowrap\">en\n                  <a name=\"CareConnect-HumanLanguage-1-en\"> </a>\n               </td>\n               <td>English</td>\n               <td/>\n            </tr>\n            <tr>\n               <td style=\"white-space:nowrap\">eo\n                  <a name=\"CareConnect-HumanLanguage-1-eo\"> </a>\n               </td>\n               <td>Esperanto</td>\n               <td/>\n            </tr>\n            <tr>\n               <td style=\"white-space:nowrap\">et\n                  <a name=\"CareConnect-HumanLanguage-1-et\"> </a>\n               </td>\n               <td>Estonian</td>\n               <td/>\n            </tr>\n            <tr>\n               <td style=\"white-space:nowrap\">ee\n                  <a name=\"CareConnect-HumanLanguage-1-ee\"> </a>\n               </td>\n               <td>Ewe</td>\n               <td/>\n            </tr>\n            <tr>\n               <td style=\"white-space:nowrap\">fo\n                  <a name=\"CareConnect-HumanLanguage-1-fo\"> </a>\n               </td>\n               <td>Faroese</td>\n               <td/>\n            </tr>\n            <tr>\n               <td style=\"white-space:nowrap\">fa\n                  <a name=\"CareConnect-HumanLanguage-1-fa\"> </a>\n               </td>\n               <td>Persian</td>\n               <td/>\n            </tr>\n            <tr>\n               <td style=\"white-space:nowrap\">fj\n                  <a name=\"CareConnect-HumanLanguage-1-fj\"> </a>\n               </td>\n               <td>Fijian</td>\n               <td/>\n            </tr>\n            <tr>\n               <td style=\"white-space:nowrap\">fi\n                  <a name=\"CareConnect-HumanLanguage-1-fi\"> </a>\n               </td>\n               <td>Finnish</td>\n               <td/>\n            </tr>\n            <tr>\n               <td style=\"white-space:nowrap\">fr\n                  <a name=\"CareConnect-HumanLanguage-1-fr\"> </a>\n               </td>\n               <td>French</td>\n               <td/>\n            </tr>\n            <tr>\n               <td style=\"white-space:nowrap\">fy\n                  <a name=\"CareConnect-HumanLanguage-1-fy\"> </a>\n               </td>\n               <td>Western Frisian</td>\n               <td/>\n            </tr>\n            <tr>\n               <td style=\"white-space:nowrap\">ff\n                  <a name=\"CareConnect-HumanLanguage-1-ff\"> </a>\n               </td>\n               <td>Fulah</td>\n               <td/>\n            </tr>\n            <tr>\n               <td style=\"white-space:nowrap\">ka\n                  <a name=\"CareConnect-HumanLanguage-1-ka\"> </a>\n               </td>\n               <td>Georgian</td>\n               <td/>\n            </tr>\n            <tr>\n               <td style=\"white-space:nowrap\">gd\n                  <a name=\"CareConnect-HumanLanguage-1-gd\"> </a>\n               </td>\n               <td>Gaelic; Scottish Gaelic</td>\n               <td/>\n            </tr>\n            <tr>\n               <td style=\"white-space:nowrap\">ga\n                  <a name=\"CareConnect-HumanLanguage-1-ga\"> </a>\n               </td>\n               <td>Irish</td>\n               <td/>\n            </tr>\n            <tr>\n               <td style=\"white-space:nowrap\">gl\n                  <a name=\"CareConnect-HumanLanguage-1-gl\"> </a>\n               </td>\n               <td>Galician</td>\n               <td/>\n            </tr>\n            <tr>\n               <td style=\"white-space:nowrap\">gv\n                  <a name=\"CareConnect-HumanLanguage-1-gv\"> </a>\n               </td>\n               <td>Manx</td>\n               <td/>\n            </tr>\n            <tr>\n               <td style=\"white-space:nowrap\">gn\n                  <a name=\"CareConnect-HumanLanguage-1-gn\"> </a>\n               </td>\n               <td>Guarani</td>\n               <td/>\n            </tr>\n            <tr>\n               <td style=\"white-space:nowrap\">gu\n                  <a name=\"CareConnect-HumanLanguage-1-gu\"> </a>\n               </td>\n               <td>Gujarati</td>\n               <td/>\n            </tr>\n            <tr>\n               <td style=\"white-space:nowrap\">ht\n                  <a name=\"CareConnect-HumanLanguage-1-ht\"> </a>\n               </td>\n               <td>Haitian; Haitian Creole</td>\n               <td/>\n            </tr>\n            <tr>\n               <td style=\"white-space:nowrap\">ha\n                  <a name=\"CareConnect-HumanLanguage-1-ha\"> </a>\n               </td>\n               <td>Hausa</td>\n               <td/>\n            </tr>\n            <tr>\n               <td style=\"white-space:nowrap\">he\n                  <a name=\"CareConnect-HumanLanguage-1-he\"> </a>\n               </td>\n               <td>Hebrew</td>\n               <td/>\n            </tr>\n            <tr>\n               <td style=\"white-space:nowrap\">hz\n                  <a name=\"CareConnect-HumanLanguage-1-hz\"> </a>\n               </td>\n               <td>Herero</td>\n               <td/>\n            </tr>\n            <tr>\n               <td style=\"white-space:nowrap\">hi\n                  <a name=\"CareConnect-HumanLanguage-1-hi\"> </a>\n               </td>\n               <td>Hindi</td>\n               <td/>\n            </tr>\n            <tr>\n               <td style=\"white-space:nowrap\">ho\n                  <a name=\"CareConnect-HumanLanguage-1-ho\"> </a>\n               </td>\n               <td>Hiri Motu</td>\n               <td/>\n            </tr>\n            <tr>\n               <td style=\"white-space:nowrap\">hr\n                  <a name=\"CareConnect-HumanLanguage-1-hr\"> </a>\n               </td>\n               <td>Croatian</td>\n               <td/>\n            </tr>\n            <tr>\n               <td style=\"white-space:nowrap\">hu\n                  <a name=\"CareConnect-HumanLanguage-1-hu\"> </a>\n               </td>\n               <td>Hungarian</td>\n               <td/>\n            </tr>\n            <tr>\n               <td style=\"white-space:nowrap\">ig\n                  <a name=\"CareConnect-HumanLanguage-1-ig\"> </a>\n               </td>\n               <td>Igbo</td>\n               <td/>\n            </tr>\n            <tr>\n               <td style=\"white-space:nowrap\">is\n                  <a name=\"CareConnect-HumanLanguage-1-is\"> </a>\n               </td>\n               <td>Icelandic</td>\n               <td/>\n            </tr>\n            <tr>\n               <td style=\"white-space:nowrap\">io\n                  <a name=\"CareConnect-HumanLanguage-1-io\"> </a>\n               </td>\n               <td>Ido</td>\n               <td/>\n            </tr>\n            <tr>\n               <td style=\"white-space:nowrap\">ii\n                  <a name=\"CareConnect-HumanLanguage-1-ii\"> </a>\n               </td>\n               <td>Sichuan Yi; Nuosu</td>\n               <td/>\n            </tr>\n            <tr>\n               <td style=\"white-space:nowrap\">iu\n                  <a name=\"CareConnect-HumanLanguage-1-iu\"> </a>\n               </td>\n               <td>Inuktitut</td>\n               <td/>\n            </tr>\n            <tr>\n               <td style=\"white-space:nowrap\">ie\n                  <a name=\"CareConnect-HumanLanguage-1-ie\"> </a>\n               </td>\n               <td>Interlingue; Occidental</td>\n               <td/>\n            </tr>\n            <tr>\n               <td style=\"white-space:nowrap\">ia\n                  <a name=\"CareConnect-HumanLanguage-1-ia\"> </a>\n               </td>\n               <td>Interlingua (International Auxiliary Language Association)</td>\n               <td/>\n            </tr>\n            <tr>\n               <td style=\"white-space:nowrap\">id\n                  <a name=\"CareConnect-HumanLanguage-1-id\"> </a>\n               </td>\n               <td>Indonesian</td>\n               <td/>\n            </tr>\n            <tr>\n               <td style=\"white-space:nowrap\">ik\n                  <a name=\"CareConnect-HumanLanguage-1-ik\"> </a>\n               </td>\n               <td>Inupiaq</td>\n               <td/>\n            </tr>\n            <tr>\n               <td style=\"white-space:nowrap\">it\n                  <a name=\"CareConnect-HumanLanguage-1-it\"> </a>\n               </td>\n               <td>Italian</td>\n               <td/>\n            </tr>\n            <tr>\n               <td style=\"white-space:nowrap\">jv\n                  <a name=\"CareConnect-HumanLanguage-1-jv\"> </a>\n               </td>\n               <td>Javanese</td>\n               <td/>\n            </tr>\n            <tr>\n               <td style=\"white-space:nowrap\">ja\n                  <a name=\"CareConnect-HumanLanguage-1-ja\"> </a>\n               </td>\n               <td>Japanese</td>\n               <td/>\n            </tr>\n            <tr>\n               <td style=\"white-space:nowrap\">kl\n                  <a name=\"CareConnect-HumanLanguage-1-kl\"> </a>\n               </td>\n               <td>Kalaallisut; Greenlandic</td>\n               <td/>\n            </tr>\n            <tr>\n               <td style=\"white-space:nowrap\">kn\n                  <a name=\"CareConnect-HumanLanguage-1-kn\"> </a>\n               </td>\n               <td>Kannada</td>\n               <td/>\n            </tr>\n            <tr>\n               <td style=\"white-space:nowrap\">ks\n                  <a name=\"CareConnect-HumanLanguage-1-ks\"> </a>\n               </td>\n               <td>Kashmiri</td>\n               <td/>\n            </tr>\n            <tr>\n               <td style=\"white-space:nowrap\">kr\n                  <a name=\"CareConnect-HumanLanguage-1-kr\"> </a>\n               </td>\n               <td>Kanuri</td>\n               <td/>\n            </tr>\n            <tr>\n               <td style=\"white-space:nowrap\">kk\n                  <a name=\"CareConnect-HumanLanguage-1-kk\"> </a>\n               </td>\n               <td>Kazakh</td>\n               <td/>\n            </tr>\n            <tr>\n               <td style=\"white-space:nowrap\">km\n                  <a name=\"CareConnect-HumanLanguage-1-km\"> </a>\n               </td>\n               <td>Central Khmer</td>\n               <td/>\n            </tr>\n            <tr>\n               <td style=\"white-space:nowrap\">ki\n                  <a name=\"CareConnect-HumanLanguage-1-ki\"> </a>\n               </td>\n               <td>Kikuyu; Gikuyu</td>\n               <td/>\n            </tr>\n            <tr>\n               <td style=\"white-space:nowrap\">rw\n                  <a name=\"CareConnect-HumanLanguage-1-rw\"> </a>\n               </td>\n               <td>Kinyarwanda</td>\n               <td/>\n            </tr>\n            <tr>\n               <td style=\"white-space:nowrap\">ky\n                  <a name=\"CareConnect-HumanLanguage-1-ky\"> </a>\n               </td>\n               <td>Kirghiz; Kyrgyz</td>\n               <td/>\n            </tr>\n            <tr>\n               <td style=\"white-space:nowrap\">kv\n                  <a name=\"CareConnect-HumanLanguage-1-kv\"> </a>\n               </td>\n               <td>Komi</td>\n               <td/>\n            </tr>\n            <tr>\n               <td style=\"white-space:nowrap\">kg\n                  <a name=\"CareConnect-HumanLanguage-1-kg\"> </a>\n               </td>\n               <td>Kongo</td>\n               <td/>\n            </tr>\n            <tr>\n               <td style=\"white-space:nowrap\">ko\n                  <a name=\"CareConnect-HumanLanguage-1-ko\"> </a>\n               </td>\n               <td>Korean</td>\n               <td/>\n            </tr>\n            <tr>\n               <td style=\"white-space:nowrap\">kj\n                  <a name=\"CareConnect-HumanLanguage-1-kj\"> </a>\n               </td>\n               <td>Kuanyama; Kwanyama</td>\n               <td/>\n            </tr>\n            <tr>\n               <td style=\"white-space:nowrap\">ku\n                  <a name=\"CareConnect-HumanLanguage-1-ku\"> </a>\n               </td>\n               <td>Kurdish</td>\n               <td/>\n            </tr>\n            <tr>\n               <td style=\"white-space:nowrap\">lo\n                  <a name=\"CareConnect-HumanLanguage-1-lo\"> </a>\n               </td>\n               <td>Lao</td>\n               <td/>\n            </tr>\n            <tr>\n               <td style=\"white-space:nowrap\">la\n                  <a name=\"CareConnect-HumanLanguage-1-la\"> </a>\n               </td>\n               <td>Latin</td>\n               <td/>\n            </tr>\n            <tr>\n               <td style=\"white-space:nowrap\">lv\n                  <a name=\"CareConnect-HumanLanguage-1-lv\"> </a>\n               </td>\n               <td>Latvian</td>\n               <td/>\n            </tr>\n            <tr>\n               <td style=\"white-space:nowrap\">li\n                  <a name=\"CareConnect-HumanLanguage-1-li\"> </a>\n               </td>\n               <td>Limburgan; Limburger; Limburgish</td>\n               <td/>\n            </tr>\n            <tr>\n               <td style=\"white-space:nowrap\">ln\n                  <a name=\"CareConnect-HumanLanguage-1-ln\"> </a>\n               </td>\n               <td>Lingala</td>\n               <td/>\n            </tr>\n            <tr>\n               <td style=\"white-space:nowrap\">lt\n                  <a name=\"CareConnect-HumanLanguage-1-lt\"> </a>\n               </td>\n               <td>Lithuanian</td>\n               <td/>\n            </tr>\n            <tr>\n               <td style=\"white-space:nowrap\">lb\n                  <a name=\"CareConnect-HumanLanguage-1-lb\"> </a>\n               </td>\n               <td>Luxembourgish; Letzeburgesch</td>\n               <td/>\n            </tr>\n            <tr>\n               <td style=\"white-space:nowrap\">lu\n                  <a name=\"CareConnect-HumanLanguage-1-lu\"> </a>\n               </td>\n               <td>Luba-Katanga</td>\n               <td/>\n            </tr>\n            <tr>\n               <td style=\"white-space:nowrap\">lg\n                  <a name=\"CareConnect-HumanLanguage-1-lg\"> </a>\n               </td>\n               <td>Ganda</td>\n               <td/>\n            </tr>\n            <tr>\n               <td style=\"white-space:nowrap\">mk\n                  <a name=\"CareConnect-HumanLanguage-1-mk\"> </a>\n               </td>\n               <td>Macedonian</td>\n               <td/>\n            </tr>\n            <tr>\n               <td style=\"white-space:nowrap\">mh\n                  <a name=\"CareConnect-HumanLanguage-1-mh\"> </a>\n               </td>\n               <td>Marshallese</td>\n               <td/>\n            </tr>\n            <tr>\n               <td style=\"white-space:nowrap\">ml\n                  <a name=\"CareConnect-HumanLanguage-1-ml\"> </a>\n               </td>\n               <td>Malayalam</td>\n               <td/>\n            </tr>\n            <tr>\n               <td style=\"white-space:nowrap\">mi\n                  <a name=\"CareConnect-HumanLanguage-1-mi\"> </a>\n               </td>\n               <td>Maori</td>\n               <td/>\n            </tr>\n            <tr>\n               <td style=\"white-space:nowrap\">mr\n                  <a name=\"CareConnect-HumanLanguage-1-mr\"> </a>\n               </td>\n               <td>Marathi</td>\n               <td/>\n            </tr>\n            <tr>\n               <td style=\"white-space:nowrap\">ms\n                  <a name=\"CareConnect-HumanLanguage-1-ms\"> </a>\n               </td>\n               <td>Malay</td>\n               <td/>\n            </tr>\n            <tr>\n               <td style=\"white-space:nowrap\">mg\n                  <a name=\"CareConnect-HumanLanguage-1-mg\"> </a>\n               </td>\n               <td>Malagasy</td>\n               <td/>\n            </tr>\n            <tr>\n               <td style=\"white-space:nowrap\">mt\n                  <a name=\"CareConnect-HumanLanguage-1-mt\"> </a>\n               </td>\n               <td>Maltese</td>\n               <td/>\n            </tr>\n            <tr>\n               <td style=\"white-space:nowrap\">mn\n                  <a name=\"CareConnect-HumanLanguage-1-mn\"> </a>\n               </td>\n               <td>Mongolian</td>\n               <td/>\n            </tr>\n            <tr>\n               <td style=\"white-space:nowrap\">na\n                  <a name=\"CareConnect-HumanLanguage-1-na\"> </a>\n               </td>\n               <td>Nauru</td>\n               <td/>\n            </tr>\n            <tr>\n               <td style=\"white-space:nowrap\">nv\n                  <a name=\"CareConnect-HumanLanguage-1-nv\"> </a>\n               </td>\n               <td>Navajo; Navaho</td>\n               <td/>\n            </tr>\n            <tr>\n               <td style=\"white-space:nowrap\">nr\n                  <a name=\"CareConnect-HumanLanguage-1-nr\"> </a>\n               </td>\n               <td>Ndebele, South; South Ndebele</td>\n               <td/>\n            </tr>\n            <tr>\n               <td style=\"white-space:nowrap\">nd\n                  <a name=\"CareConnect-HumanLanguage-1-nd\"> </a>\n               </td>\n               <td>Ndebele, North; North Ndebele</td>\n               <td/>\n            </tr>\n            <tr>\n               <td style=\"white-space:nowrap\">ng\n                  <a name=\"CareConnect-HumanLanguage-1-ng\"> </a>\n               </td>\n               <td>Ndonga</td>\n               <td/>\n            </tr>\n            <tr>\n               <td style=\"white-space:nowrap\">ne\n                  <a name=\"CareConnect-HumanLanguage-1-ne\"> </a>\n               </td>\n               <td>Nepali</td>\n               <td/>\n            </tr>\n            <tr>\n               <td style=\"white-space:nowrap\">nn\n                  <a name=\"CareConnect-HumanLanguage-1-nn\"> </a>\n               </td>\n               <td>Norwegian Nynorsk; Nynorsk, Norwegian</td>\n               <td/>\n            </tr>\n            <tr>\n               <td style=\"white-space:nowrap\">nb\n                  <a name=\"CareConnect-HumanLanguage-1-nb\"> </a>\n               </td>\n               <td>Bokmal, Norwegian; Norwegian Bokmal</td>\n               <td/>\n            </tr>\n            <tr>\n               <td style=\"white-space:nowrap\">no\n                  <a name=\"CareConnect-HumanLanguage-1-no\"> </a>\n               </td>\n               <td>Norwegian</td>\n               <td/>\n            </tr>\n            <tr>\n               <td style=\"white-space:nowrap\">ny\n                  <a name=\"CareConnect-HumanLanguage-1-ny\"> </a>\n               </td>\n               <td>Chichewa; Chewa; Nyanja</td>\n               <td/>\n            </tr>\n            <tr>\n               <td style=\"white-space:nowrap\">oc\n                  <a name=\"CareConnect-HumanLanguage-1-oc\"> </a>\n               </td>\n               <td>Occitan (post1500)</td>\n               <td/>\n            </tr>\n            <tr>\n               <td style=\"white-space:nowrap\">oj\n                  <a name=\"CareConnect-HumanLanguage-1-oj\"> </a>\n               </td>\n               <td>Ojibwa</td>\n               <td/>\n            </tr>\n            <tr>\n               <td style=\"white-space:nowrap\">or\n                  <a name=\"CareConnect-HumanLanguage-1-or\"> </a>\n               </td>\n               <td>Oriya</td>\n               <td/>\n            </tr>\n            <tr>\n               <td style=\"white-space:nowrap\">om\n                  <a name=\"CareConnect-HumanLanguage-1-om\"> </a>\n               </td>\n               <td>Oromo</td>\n               <td/>\n            </tr>\n            <tr>\n               <td style=\"white-space:nowrap\">os\n                  <a name=\"CareConnect-HumanLanguage-1-os\"> </a>\n               </td>\n               <td>Ossetian; Ossetic</td>\n               <td/>\n            </tr>\n            <tr>\n               <td style=\"white-space:nowrap\">pa\n                  <a name=\"CareConnect-HumanLanguage-1-pa\"> </a>\n               </td>\n               <td>Panjabi; Punjabi</td>\n               <td/>\n            </tr>\n            <tr>\n               <td style=\"white-space:nowrap\">pi\n                  <a name=\"CareConnect-HumanLanguage-1-pi\"> </a>\n               </td>\n               <td>Pali</td>\n               <td/>\n            </tr>\n            <tr>\n               <td style=\"white-space:nowrap\">pl\n                  <a name=\"CareConnect-HumanLanguage-1-pl\"> </a>\n               </td>\n               <td>Polish</td>\n               <td/>\n            </tr>\n            <tr>\n               <td style=\"white-space:nowrap\">pt\n                  <a name=\"CareConnect-HumanLanguage-1-pt\"> </a>\n               </td>\n               <td>Portuguese</td>\n               <td/>\n            </tr>\n            <tr>\n               <td style=\"white-space:nowrap\">ps\n                  <a name=\"CareConnect-HumanLanguage-1-ps\"> </a>\n               </td>\n               <td>Pushto; Pashto</td>\n               <td/>\n            </tr>\n            <tr>\n               <td style=\"white-space:nowrap\">qu\n                  <a name=\"CareConnect-HumanLanguage-1-qu\"> </a>\n               </td>\n               <td>Quechua</td>\n               <td/>\n            </tr>\n            <tr>\n               <td style=\"white-space:nowrap\">rm\n                  <a name=\"CareConnect-HumanLanguage-1-rm\"> </a>\n               </td>\n               <td>Romansh</td>\n               <td/>\n            </tr>\n            <tr>\n               <td style=\"white-space:nowrap\">ro\n                  <a name=\"CareConnect-HumanLanguage-1-ro\"> </a>\n               </td>\n               <td>Romanian; Moldavian; Moldovan</td>\n               <td/>\n            </tr>\n            <tr>\n               <td style=\"white-space:nowrap\">rn\n                  <a name=\"CareConnect-HumanLanguage-1-rn\"> </a>\n               </td>\n               <td>Rundi</td>\n               <td/>\n            </tr>\n            <tr>\n               <td style=\"white-space:nowrap\">ru\n                  <a name=\"CareConnect-HumanLanguage-1-ru\"> </a>\n               </td>\n               <td>Russian</td>\n               <td/>\n            </tr>\n            <tr>\n               <td style=\"white-space:nowrap\">sg\n                  <a name=\"CareConnect-HumanLanguage-1-sg\"> </a>\n               </td>\n               <td>Sango</td>\n               <td/>\n            </tr>\n            <tr>\n               <td style=\"white-space:nowrap\">sa\n                  <a name=\"CareConnect-HumanLanguage-1-sa\"> </a>\n               </td>\n               <td>Sanskrit</td>\n               <td/>\n            </tr>\n            <tr>\n               <td style=\"white-space:nowrap\">sr\n                  <a name=\"CareConnect-HumanLanguage-1-sr\"> </a>\n               </td>\n               <td>Serbian</td>\n               <td/>\n            </tr>\n            <tr>\n               <td style=\"white-space:nowrap\">si\n                  <a name=\"CareConnect-HumanLanguage-1-si\"> </a>\n               </td>\n               <td>Sinhala; Sinhalese</td>\n               <td/>\n            </tr>\n            <tr>\n               <td style=\"white-space:nowrap\">sk\n                  <a name=\"CareConnect-HumanLanguage-1-sk\"> </a>\n               </td>\n               <td>Slovak</td>\n               <td/>\n            </tr>\n            <tr>\n               <td style=\"white-space:nowrap\">sl\n                  <a name=\"CareConnect-HumanLanguage-1-sl\"> </a>\n               </td>\n               <td>Slovenian</td>\n               <td/>\n            </tr>\n            <tr>\n               <td style=\"white-space:nowrap\">se\n                  <a name=\"CareConnect-HumanLanguage-1-se\"> </a>\n               </td>\n               <td>Northern Sami</td>\n               <td/>\n            </tr>\n            <tr>\n               <td style=\"white-space:nowrap\">sm\n                  <a name=\"CareConnect-HumanLanguage-1-sm\"> </a>\n               </td>\n               <td>Samoan</td>\n               <td/>\n            </tr>\n            <tr>\n               <td style=\"white-space:nowrap\">sn\n                  <a name=\"CareConnect-HumanLanguage-1-sn\"> </a>\n               </td>\n               <td>Shona</td>\n               <td/>\n            </tr>\n            <tr>\n               <td style=\"white-space:nowrap\">sd\n                  <a name=\"CareConnect-HumanLanguage-1-sd\"> </a>\n               </td>\n               <td>Sindhi</td>\n               <td/>\n            </tr>\n            <tr>\n               <td style=\"white-space:nowrap\">so\n                  <a name=\"CareConnect-HumanLanguage-1-so\"> </a>\n               </td>\n               <td>Somali</td>\n               <td/>\n            </tr>\n            <tr>\n               <td style=\"white-space:nowrap\">st\n                  <a name=\"CareConnect-HumanLanguage-1-st\"> </a>\n               </td>\n               <td>Sotho, Southern</td>\n               <td/>\n            </tr>\n            <tr>\n               <td style=\"white-space:nowrap\">es\n                  <a name=\"CareConnect-HumanLanguage-1-es\"> </a>\n               </td>\n               <td>Spanish; Castilian</td>\n               <td/>\n            </tr>\n            <tr>\n               <td style=\"white-space:nowrap\">sc\n                  <a name=\"CareConnect-HumanLanguage-1-sc\"> </a>\n               </td>\n               <td>Sardinian</td>\n               <td/>\n            </tr>\n            <tr>\n               <td style=\"white-space:nowrap\">ss\n                  <a name=\"CareConnect-HumanLanguage-1-ss\"> </a>\n               </td>\n               <td>Swati</td>\n               <td/>\n            </tr>\n            <tr>\n               <td style=\"white-space:nowrap\">su\n                  <a name=\"CareConnect-HumanLanguage-1-su\"> </a>\n               </td>\n               <td>Sundanese</td>\n               <td/>\n            </tr>\n            <tr>\n               <td style=\"white-space:nowrap\">sw\n                  <a name=\"CareConnect-HumanLanguage-1-sw\"> </a>\n               </td>\n               <td>Swahili</td>\n               <td/>\n            </tr>\n            <tr>\n               <td style=\"white-space:nowrap\">sv\n                  <a name=\"CareConnect-HumanLanguage-1-sv\"> </a>\n               </td>\n               <td>Swedish</td>\n               <td/>\n            </tr>\n            <tr>\n               <td style=\"white-space:nowrap\">ty\n                  <a name=\"CareConnect-HumanLanguage-1-ty\"> </a>\n               </td>\n               <td>Tahitian</td>\n               <td/>\n            </tr>\n            <tr>\n               <td style=\"white-space:nowrap\">ta\n                  <a name=\"CareConnect-HumanLanguage-1-ta\"> </a>\n               </td>\n               <td>Tamil</td>\n               <td/>\n            </tr>\n            <tr>\n               <td style=\"white-space:nowrap\">tt\n                  <a name=\"CareConnect-HumanLanguage-1-tt\"> </a>\n               </td>\n               <td>Tatar</td>\n               <td/>\n            </tr>\n            <tr>\n               <td style=\"white-space:nowrap\">te\n                  <a name=\"CareConnect-HumanLanguage-1-te\"> </a>\n               </td>\n               <td>Telugu</td>\n               <td/>\n            </tr>\n            <tr>\n               <td style=\"white-space:nowrap\">tg\n                  <a name=\"CareConnect-HumanLanguage-1-tg\"> </a>\n               </td>\n               <td>Tajik</td>\n               <td/>\n            </tr>\n            <tr>\n               <td style=\"white-space:nowrap\">tl\n                  <a name=\"CareConnect-HumanLanguage-1-tl\"> </a>\n               </td>\n               <td>Tagalog</td>\n               <td/>\n            </tr>\n            <tr>\n               <td style=\"white-space:nowrap\">th\n                  <a name=\"CareConnect-HumanLanguage-1-th\"> </a>\n               </td>\n               <td>Thai</td>\n               <td/>\n            </tr>\n            <tr>\n               <td style=\"white-space:nowrap\">ti\n                  <a name=\"CareConnect-HumanLanguage-1-ti\"> </a>\n               </td>\n               <td>Tigrinya</td>\n               <td/>\n            </tr>\n            <tr>\n               <td style=\"white-space:nowrap\">to\n                  <a name=\"CareConnect-HumanLanguage-1-to\"> </a>\n               </td>\n               <td>Tonga (Tonga Islands)</td>\n               <td/>\n            </tr>\n            <tr>\n               <td style=\"white-space:nowrap\">tn\n                  <a name=\"CareConnect-HumanLanguage-1-tn\"> </a>\n               </td>\n               <td>Tswana</td>\n               <td/>\n            </tr>\n            <tr>\n               <td style=\"white-space:nowrap\">ts\n                  <a name=\"CareConnect-HumanLanguage-1-ts\"> </a>\n               </td>\n               <td>Tsonga</td>\n               <td/>\n            </tr>\n            <tr>\n               <td style=\"white-space:nowrap\">tk\n                  <a name=\"CareConnect-HumanLanguage-1-tk\"> </a>\n               </td>\n               <td>Turkmen</td>\n               <td/>\n            </tr>\n            <tr>\n               <td style=\"white-space:nowrap\">tr\n                  <a name=\"CareConnect-HumanLanguage-1-tr\"> </a>\n               </td>\n               <td>Turkish</td>\n               <td/>\n            </tr>\n            <tr>\n               <td style=\"white-space:nowrap\">tw\n                  <a name=\"CareConnect-HumanLanguage-1-tw\"> </a>\n               </td>\n               <td>Twi</td>\n               <td/>\n            </tr>\n            <tr>\n               <td style=\"white-space:nowrap\">ug\n                  <a name=\"CareConnect-HumanLanguage-1-ug\"> </a>\n               </td>\n               <td>Uighur; Uyghur</td>\n               <td/>\n            </tr>\n            <tr>\n               <td style=\"white-space:nowrap\">uk\n                  <a name=\"CareConnect-HumanLanguage-1-uk\"> </a>\n               </td>\n               <td>Ukrainian</td>\n               <td/>\n            </tr>\n            <tr>\n               <td style=\"white-space:nowrap\">ur\n                  <a name=\"CareConnect-HumanLanguage-1-ur\"> </a>\n               </td>\n               <td>Urdu</td>\n               <td/>\n            </tr>\n            <tr>\n               <td style=\"white-space:nowrap\">uz\n                  <a name=\"CareConnect-HumanLanguage-1-uz\"> </a>\n               </td>\n               <td>Uzbek</td>\n               <td/>\n            </tr>\n            <tr>\n               <td style=\"white-space:nowrap\">ve\n                  <a name=\"CareConnect-HumanLanguage-1-ve\"> </a>\n               </td>\n               <td>Venda</td>\n               <td/>\n            </tr>\n            <tr>\n               <td style=\"white-space:nowrap\">vi\n                  <a name=\"CareConnect-HumanLanguage-1-vi\"> </a>\n               </td>\n               <td>Vietnamese</td>\n               <td/>\n            </tr>\n            <tr>\n               <td style=\"white-space:nowrap\">vo\n                  <a name=\"CareConnect-HumanLanguage-1-vo\"> </a>\n               </td>\n               <td>Volapuk</td>\n               <td/>\n            </tr>\n            <tr>\n               <td style=\"white-space:nowrap\">wa\n                  <a name=\"CareConnect-HumanLanguage-1-wa\"> </a>\n               </td>\n               <td>Walloon</td>\n               <td/>\n            </tr>\n            <tr>\n               <td style=\"white-space:nowrap\">wo\n                  <a name=\"CareConnect-HumanLanguage-1-wo\"> </a>\n               </td>\n               <td>Wolof</td>\n               <td/>\n            </tr>\n            <tr>\n               <td style=\"white-space:nowrap\">xh\n                  <a name=\"CareConnect-HumanLanguage-1-xh\"> </a>\n               </td>\n               <td>Xhosa</td>\n               <td/>\n            </tr>\n            <tr>\n               <td style=\"white-space:nowrap\">yi\n                  <a name=\"CareConnect-HumanLanguage-1-yi\"> </a>\n               </td>\n               <td>Yiddish</td>\n               <td/>\n            </tr>\n            <tr>\n               <td style=\"white-space:nowrap\">yo\n                  <a name=\"CareConnect-HumanLanguage-1-yo\"> </a>\n               </td>\n               <td>Yoruba</td>\n               <td/>\n            </tr>\n            <tr>\n               <td style=\"white-space:nowrap\">za\n                  <a name=\"CareConnect-HumanLanguage-1-za\"> </a>\n               </td>\n               <td>Zhuang; Chuang</td>\n               <td/>\n            </tr>\n            <tr>\n               <td style=\"white-space:nowrap\">zu\n                  <a name=\"CareConnect-HumanLanguage-1-zu\"> </a>\n               </td>\n               <td>Zulu</td>\n               <td/>\n            </tr>\n         </table>\n      </div>"},"url":"https://hl7.org.uk/fhir/CodeSystem/CareConnect-HumanLanguage-1","version":"4.0.0","name":"Care Connect Human Language","status":"draft","date":"2019-03-01T00:00:00+00:00","publisher":"INTEROPen","contact":[{"telecom":[{"system":"other","value":"https://chat.fhir.org/#narrow/stream/179189-uk"}]}],"description":"A CodeSystem that identifies the language used by a person.","jurisdiction":[{"coding":[{"system":"http://unstats.un.org/unsd/methods/m49/m49.htm","code":"826"}]}],"copyright":"Copyright © 2016 HL7 UK","caseSensitive":true,"content":"complete","concept":[{"code":"q1","display":"Braille"},{"code":"q2","display":"American Sign Language"},{"code":"q3","display":"Australian Sign Language"},{"code":"q4","display":"British Sign Language"},{"code":"q5","display":"Makaton"},{"code":"aa","display":"Afar"},{"code":"ab","display":"Abkhazian"},{"code":"af","display":"Afrikaans"},{"code":"ak","display":"Akan"},{"code":"sq","display":"Albanian"},{"code":"am","display":"Amharic"},{"code":"ar","display":"Arabic"},{"code":"an","display":"Aragonese"},{"code":"hy","display":"Armenian"},{"code":"as","display":"Assamese"},{"code":"av","display":"Avaric"},{"code":"ae","display":"Avestan"},{"code":"ay","display":"Aymara"},{"code":"az","display":"Azerbaijani"},{"code":"ba","display":"Bashkir"},{"code":"bm","display":"Bambara"},{"code":"eu","display":"Basque"},{"code":"be","display":"Belarusian"},{"code":"bn","display":"Bengali"},{"code":"bh","display":"Bihari languages"},{"code":"bi","display":"Bislama"},{"code":"bo","display":"Tibetan"},{"code":"bs","display":"Bosnian"},{"code":"br","display":"Breton"},{"code":"bg","display":"Bulgarian"},{"code":"my","display":"Burmese"},{"code":"ca","display":"Catalan; Valencian"},{"code":"cs","display":"Czech"},{"code":"ch","display":"Chamorro"},{"code":"ce","display":"Chechen"},{"code":"zh","display":"Chinese"},{"code":"cu","display":"Church Slavic; Old Slavonic; Church Slavonic; Old Bulgarian; Old Church Slavonic"},{"code":"cv","display":"Chuvash"},{"code":"kw","display":"Cornish"},{"code":"co","display":"Corsican"},{"code":"cr","display":"Cree"},{"code":"cy","display":"Welsh"},{"code":"da","display":"Danish"},{"code":"de","display":"German"},{"code":"dv","display":"Divehi; Dhivehi; Maldivian"},{"code":"nl","display":"Dutch; Flemish"},{"code":"dz","display":"Dzongkha"},{"code":"el","display":"Greek, Modern (1453-)"},{"code":"en","display":"English"},{"code":"eo","display":"Esperanto"},{"code":"et","display":"Estonian"},{"code":"ee","display":"Ewe"},{"code":"fo","display":"Faroese"},{"code":"fa","display":"Persian"},{"code":"fj","display":"Fijian"},{"code":"fi","display":"Finnish"},{"code":"fr","display":"French"},{"code":"fy","display":"Western Frisian"},{"code":"ff","display":"Fulah"},{"code":"ka","display":"Georgian"},{"code":"gd","display":"Gaelic; Scottish Gaelic"},{"code":"ga","display":"Irish"},{"code":"gl","display":"Galician"},{"code":"gv","display":"Manx"},{"code":"gn","display":"Guarani"},{"code":"gu","display":"Gujarati"},{"code":"ht","display":"Haitian; Haitian Creole"},{"code":"ha","display":"Hausa"},{"code":"he","display":"Hebrew"},{"code":"hz","display":"Herero"},{"code":"hi","display":"Hindi"},{"code":"ho","display":"Hiri Motu"},{"code":"hr","display":"Croatian"},{"code":"hu","display":"Hungarian"},{"code":"ig","display":"Igbo"},{"code":"is","display":"Icelandic"},{"code":"io","display":"Ido"},{"code":"ii","display":"Sichuan Yi; Nuosu"},{"code":"iu","display":"Inuktitut"},{"code":"ie","display":"Interlingue; Occidental"},{"code":"ia","display":"Interlingua (International Auxiliary Language Association)"},{"code":"id","display":"Indonesian"},{"code":"ik","display":"Inupiaq"},{"code":"it","display":"Italian"},{"code":"jv","display":"Javanese"},{"code":"ja","display":"Japanese"},{"code":"kl","display":"Kalaallisut; Greenlandic"},{"code":"kn","display":"Kannada"},{"code":"ks","display":"Kashmiri"},{"code":"kr","display":"Kanuri"},{"code":"kk","display":"Kazakh"},{"code":"km","display":"Central Khmer"},{"code":"ki","display":"Kikuyu; Gikuyu"},{"code":"rw","display":"Kinyarwanda"},{"code":"ky","display":"Kirghiz; Kyrgyz"},{"code":"kv","display":"Komi"},{"code":"kg","display":"Kongo"},{"code":"ko","display":"Korean"},{"code":"kj","display":"Kuanyama; Kwanyama"},{"code":"ku","display":"Kurdish"},{"code":"lo","display":"Lao"},{"code":"la","display":"Latin"},{"code":"lv","display":"Latvian"},{"code":"li","display":"Limburgan; Limburger; Limburgish"},{"code":"ln","display":"Lingala"},{"code":"lt","display":"Lithuanian"},{"code":"lb","display":"Luxembourgish; Letzeburgesch"},{"code":"lu","display":"Luba-Katanga"},{"code":"lg","display":"Ganda"},{"code":"mk","display":"Macedonian"},{"code":"mh","display":"Marshallese"},{"code":"ml","display":"Malayalam"},{"code":"mi","display":"Maori"},{"code":"mr","display":"Marathi"},{"code":"ms","display":"Malay"},{"code":"mg","display":"Malagasy"},{"code":"mt","display":"Maltese"},{"code":"mn","display":"Mongolian"},{"code":"na","display":"Nauru"},{"code":"nv","display":"Navajo; Navaho"},{"code":"nr","display":"Ndebele, South; South Ndebele"},{"code":"nd","display":"Ndebele, North; North Ndebele"},{"code":"ng","display":"Ndonga"},{"code":"ne","display":"Nepali"},{"code":"nn","display":"Norwegian Nynorsk; Nynorsk, Norwegian"},{"code":"nb","display":"Bokmal, Norwegian; Norwegian Bokmal"},{"code":"no","display":"Norwegian"},{"code":"ny","display":"Chichewa; Chewa; Nyanja"},{"code":"oc","display":"Occitan (post1500)"},{"code":"oj","display":"Ojibwa"},{"code":"or","display":"Oriya"},{"code":"om","display":"Oromo"},{"code":"os","display":"Ossetian; Ossetic"},{"code":"pa","display":"Panjabi; Punjabi"},{"code":"pi","display":"Pali"},{"code":"pl","display":"Polish"},{"code":"pt","display":"Portuguese"},{"code":"ps","display":"Pushto; Pashto"},{"code":"qu","display":"Quechua"},{"code":"rm","display":"Romansh"},{"code":"ro","display":"Romanian; Moldavian; Moldovan"},{"code":"rn","display":"Rundi"},{"code":"ru","display":"Russian"},{"code":"sg","display":"Sango"},{"code":"sa","display":"Sanskrit"},{"code":"sr","display":"Serbian"},{"code":"si","display":"Sinhala; Sinhalese"},{"code":"sk","display":"Slovak"},{"code":"sl","display":"Slovenian"},{"code":"se","display":"Northern Sami"},{"code":"sm","display":"Samoan"},{"code":"sn","display":"Shona"},{"code":"sd","display":"Sindhi"},{"code":"so","display":"Somali"},{"code":"st","display":"Sotho, Southern"},{"code":"es","display":"Spanish; Castilian"},{"code":"sc","display":"Sardinian"},{"code":"ss","display":"Swati"},{"code":"su","display":"Sundanese"},{"code":"sw","display":"Swahili"},{"code":"sv","display":"Swedish"},{"code":"ty","display":"Tahitian"},{"code":"ta","display":"Tamil"},{"code":"tt","display":"Tatar"},{"code":"te","display":"Telugu"},{"code":"tg","display":"Tajik"},{"code":"tl","display":"Tagalog"},{"code":"th","display":"Thai"},{"code":"ti","display":"Tigrinya"},{"code":"to","display":"Tonga (Tonga Islands)"},{"code":"tn","display":"Tswana"},{"code":"ts","display":"Tsonga"},{"code":"tk","display":"Turkmen"},{"code":"tr","display":"Turkish"},{"code":"tw","display":"Twi"},{"code":"ug","display":"Uighur; Uyghur"},{"code":"uk","display":"Ukrainian"},{"code":"ur","display":"Urdu"},{"code":"uz","display":"Uzbek"},{"code":"ve","display":"Venda"},{"code":"vi","display":"Vietnamese"},{"code":"vo","display":"Volapuk"},{"code":"wa","display":"Walloon"},{"code":"wo","display":"Wolof"},{"code":"xh","display":"Xhosa"},{"code":"yi","display":"Yiddish"},{"code":"yo","display":"Yoruba"},{"code":"za","display":"Zhuang; Chuang"},{"code":"zu","display":"Zulu"}]}