{"resourceType":"CodeSystem","id":"CareConnect-ProblemSignificance-1","text":{"status":"generated","div":"<div xmlns=\"http://www.w3.org/1999/xhtml\">\n         <h2>Care Connect Problem Significance</h2>\n         <div>\n            <p>A CodeSystem to record the significance of a Problem Header Condition.</p> \n         </div>\n         <p>\n            <b>Copyright Statement:</b> Copyright © 2016 HL7 UK\n         </p>\n         <p>This code system https://hl7.org.uk/fhir/CodeSystem/CareConnect-ProblemSignificance-1 defines the following codes:</p>\n         <table class=\"codes\">\n            <tr>\n               <td style=\"white-space:nowrap\">\n                  <b>Code</b>\n               </td>\n               <td>\n                  <b>Display</b>\n               </td>\n               <td>\n                  <b>Definition</b>\n               </td>\n            </tr>\n            <tr>\n               <td style=\"white-space:nowrap\">major\n                  <a name=\"CareConnect-ProblemSignificance-1-major\"> </a>\n               </td>\n               <td>Major</td>\n               <td/>\n            </tr>\n            <tr>\n               <td style=\"white-space:nowrap\">minor\n                  <a name=\"CareConnect-ProblemSignificance-1-minor\"> </a>\n               </td>\n               <td>Minor</td>\n               <td/>\n            </tr>\n         </table>\n      </div>"},"url":"https://hl7.org.uk/fhir/CodeSystem/CareConnect-ProblemSignificance-1","version":"4.0.0","name":"Care Connect Problem Significance","status":"draft","date":"2018-04-16T01:00:00+01:00","publisher":"INTEROPen","contact":[{"telecom":[{"system":"other","value":"https://chat.fhir.org/#narrow/stream/179189-uk"}]}],"description":"A CodeSystem to record the significance of a Problem Header Condition.","jurisdiction":[{"coding":[{"system":"http://unstats.un.org/unsd/methods/m49/m49.htm","code":"826"}]}],"copyright":"Copyright © 2016 HL7 UK","caseSensitive":true,"content":"complete","concept":[{"code":"major","display":"Major"},{"code":"minor","display":"Minor"}]}