{"resourceType":"CodeSystem","id":"CareConnect-RegistrationType-1","text":{"status":"generated","div":"<div xmlns=\"http://www.w3.org/1999/xhtml\">\n         <h2>Care Connect Registration Type</h2>\n         <div>\n            <p>A CodeSystem that identifies the type of registration for a patient at a healthcare organisation.</p> \n         </div>\n         <p>\n            <b>Copyright Statement:</b> Copyright © 2016 HL7 UK\n         </p>\n         <p>This code system https://hl7.org.uk/fhir/CodeSystem/CareConnect-RegistrationType-1 defines the following codes:</p>\n         <table class=\"codes\">\n            <tr>\n               <td style=\"white-space:nowrap\">\n                  <b>Code</b>\n               </td>\n               <td>\n                  <b>Display</b>\n               </td>\n               <td>\n                  <b>Definition</b>\n               </td>\n            </tr>\n            <tr>\n               <td style=\"white-space:nowrap\">R\n                  <a name=\"CareConnect-RegistrationType-1-R\"> </a>\n               </td>\n               <td>Regular</td>\n               <td/>\n            </tr>\n            <tr>\n               <td style=\"white-space:nowrap\">E\n                  <a name=\"CareConnect-RegistrationType-1-E\"> </a>\n               </td>\n               <td>Emergency</td>\n               <td/>\n            </tr>\n            <tr>\n               <td style=\"white-space:nowrap\">IN\n                  <a name=\"CareConnect-RegistrationType-1-IN\"> </a>\n               </td>\n               <td>Immediately necessary</td>\n               <td/>\n            </tr>\n            <tr>\n               <td style=\"white-space:nowrap\">T\n                  <a name=\"CareConnect-RegistrationType-1-T\"> </a>\n               </td>\n               <td>Temporary</td>\n               <td/>\n            </tr>\n            <tr>\n               <td style=\"white-space:nowrap\">P\n                  <a name=\"CareConnect-RegistrationType-1-P\"> </a>\n               </td>\n               <td>Private</td>\n               <td/>\n            </tr>\n            <tr>\n               <td style=\"white-space:nowrap\">O\n                  <a name=\"CareConnect-RegistrationType-1-O\"> </a>\n               </td>\n               <td>Other</td>\n               <td/>\n            </tr>\n            <tr>\n               <td style=\"white-space:nowrap\">S\n                  <a name=\"CareConnect-RegistrationType-1-S\"> </a>\n               </td>\n               <td>Synthetic Record</td>\n               <td/>\n            </tr>\n         </table>\n      </div>"},"url":"https://hl7.org.uk/fhir/CodeSystem/CareConnect-RegistrationType-1","version":"4.0.0","name":"Care Connect Registration Type","status":"draft","date":"2017-08-01T01:00:00+01:00","publisher":"INTEROPen","contact":[{"telecom":[{"system":"other","value":"https://chat.fhir.org/#narrow/stream/179189-uk"}]}],"description":"A CodeSystem that identifies the type of registration for a patient at a healthcare organisation.","jurisdiction":[{"coding":[{"system":"http://unstats.un.org/unsd/methods/m49/m49.htm","code":"826"}]}],"copyright":"Copyright © 2016 HL7 UK","caseSensitive":true,"content":"complete","concept":[{"code":"R","display":"Regular"},{"code":"E","display":"Emergency"},{"code":"IN","display":"Immediately necessary"},{"code":"T","display":"Temporary"},{"code":"P","display":"Private"},{"code":"O","display":"Other"},{"code":"S","display":"Synthetic Record"}]}