{"resourceType":"ConceptMap","id":"CareConnect-AdministrativeGender-1","text":{"status":"generated","div":"<div xmlns=\"http://www.w3.org/1999/xhtml\">\n         <h2>Concept Map - Care Connect Administrative Gender (https://hl7.org.uk/fhir/ConceptMap/CareConnect-AdministrativeGender-1)</h2>\n         <p>Mapping from \n            <a href=\"valueset-CareConnect-AdministrativeGender-1.html\">https://hl7.org.uk/fhir/ValueSet/CareConnect-AdministrativeGender-1</a> to \n            <a href=\"valueset-CareConnect-NHSDataDictionary-PersonStatedGender-1.html\">https://hl7.org.uk/fhir/ValueSet/CareConnect-NHSDataDictionary-PersonStatedGender-1</a>\n         </p>\n         <p>ACTIVE. Published on 1 Aug 2017, 01:00:00 by INTEROpen (). Copyright © 2016 HL7 UK</p>\n         <div>\n            <p>A Concept Map from ValueSet Administrative Gender to NHS Data Dictionary Person Stated Gender to aid interpretation.</p> \n         </div>\n         <br/>\n         <table class=\"grid\">\n            <tr>\n               <td>\n                  <b>Source Code</b>\n               </td>\n               <td>\n                  <b>Relationship</b>\n               </td>\n               <td>\n                  <b>Destination Code</b>\n               </td>\n            </tr>\n            <tr>\n               <td>male</td>\n               <td>equivalent</td>\n               <td>1 (Male)</td>\n            </tr>\n            <tr>\n               <td>female</td>\n               <td>equivalent</td>\n               <td>2 (Female)</td>\n            </tr>\n            <tr>\n               <td>other</td>\n               <td>equivalent</td>\n               <td>9 (Indeterminate (unable to be classified as either male or female))</td>\n            </tr>\n            <tr>\n               <td>unknown</td>\n               <td>equivalent</td>\n               <td>X (Not Known (not recorded))</td>\n            </tr>\n         </table>\n      </div>"},"url":"https://hl7.org.uk/fhir/ConceptMap/CareConnect-AdministrativeGender-1","version":"4.0.0","name":"Concept Map - Care Connect Administrative Gender","status":"active","date":"2017-08-01T01:00:00+01:00","publisher":"INTEROPen","contact":[{"telecom":[{"system":"other","value":"https://chat.fhir.org/#narrow/stream/179189-uk"}]}],"description":"A Concept Map from ValueSet Administrative Gender to NHS Data Dictionary Person Stated Gender to aid interpretation.","jurisdiction":[{"coding":[{"system":"http://unstats.un.org/unsd/methods/m49/m49.htm","code":"826"}]}],"copyright":"Copyright © 2016 HL7 UK","sourceUri":"https://hl7.org.uk/fhir/ValueSet/CareConnect-AdministrativeGender-1","targetUri":"https://hl7.org.uk/fhir/ValueSet/CareConnect-NHSDataDictionary-PersonStatedGender-1","group":[{"source":"http://hl7.org/fhir/administrative-gender","target":"https://hl7.org.uk/fhir/CodeSystem/CareConnect-NHSDataDictionary-PersonStatedGender-1","element":[{"code":"male","display":"Male","target":[{"code":"1","display":"Male","equivalence":"equivalent"}]},{"code":"female","display":"Female","target":[{"code":"2","display":"Female","equivalence":"equivalent"}]},{"code":"other","display":"Other","target":[{"code":"9","display":"Indeterminate (unable to be classified as either male or female)","equivalence":"equivalent"}]},{"code":"unknown","display":"Unknown","target":[{"code":"X","display":"Not Known (not recorded)","equivalence":"equivalent"}]}]}]}