{"resourceType":"ConceptMap","id":"CareConnect-AllergySeverity-1","text":{"status":"generated","div":"<div xmlns=\"http://www.w3.org/1999/xhtml\">\n         <h2>Concept Map - Allergy Severity (https://hl7.org.uk/fhir/ConceptMap/CareConnect-AllergySeverity-1)</h2>\n         <p>Mapping from \n            <a href=\"valueset-CareConnect-ReactionEventSeverity-1.html\">https://hl7.org.uk/fhir/ValueSet/CareConnect-ReactionEventSeverity-1</a> to \n            <a href=\"valueset-CareConnect-AllergySeverity-1.html\">https://hl7.org.uk/fhir/ValueSet/CareConnect-AllergySeverity-1</a>\n         </p>\n         <p>DRAFT. Published on 14 Nov 2018, 00:00:00 by INTEROpen (). Copyright © 2016 HL7 UK</p>\n         <div>\n            <p>A Concept Map from ValueSet Reaction Event Severity to Allergy Severity to aid interpretation.</p> \n         </div>\n         <br/>\n         <table class=\"grid\">\n            <tr>\n               <td>\n                  <b>Source Code</b>\n               </td>\n               <td>\n                  <b>Relationship</b>\n               </td>\n               <td>\n                  <b>Destination Code</b>\n               </td>\n            </tr>\n            <tr>\n               <td>mild</td>\n               <td>equivalent</td>\n               <td>255604002 (Mild)</td>\n            </tr>\n            <tr>\n               <td>moderate</td>\n               <td>equivalent</td>\n               <td>6736007 (Moderate)</td>\n            </tr>\n            <tr>\n               <td>severe</td>\n               <td>equivalent</td>\n               <td>24484000 (Severe)</td>\n            </tr>\n            <tr>\n               <td>severe</td>\n               <td>equivalent</td>\n               <td>442452003 (Life threatening severity)</td>\n            </tr>\n         </table>\n      </div>"},"url":"https://hl7.org.uk/fhir/ConceptMap/CareConnect-AllergySeverity-1","version":"4.0.0","name":"Concept Map - Allergy Severity","status":"draft","date":"2018-11-14T00:00:00+00:00","publisher":"INTEROPen","contact":[{"telecom":[{"system":"other","value":"https://chat.fhir.org/#narrow/stream/179189-uk"}]}],"description":"A Concept Map from ValueSet Reaction Event Severity to Allergy Severity to aid interpretation.","jurisdiction":[{"coding":[{"system":"http://unstats.un.org/unsd/methods/m49/m49.htm","code":"826"}]}],"copyright":"Copyright © 2016 HL7 UK","sourceUri":"https://hl7.org.uk/fhir/ValueSet/CareConnect-ReactionEventSeverity-1","targetUri":"https://hl7.org.uk/fhir/ValueSet/CareConnect-AllergySeverity-1","group":[{"source":"http://hl7.org/fhir/reaction-event-severity","target":"http://snomed.info/sct","element":[{"code":"mild","display":"Mild","target":[{"code":"255604002","display":"Mild","equivalence":"equivalent"}]},{"code":"moderate","display":"Moderate","target":[{"code":"6736007","display":"Moderate","equivalence":"equivalent"}]},{"code":"severe","display":"Severe","target":[{"code":"24484000","display":"Severe","equivalence":"equivalent"}]},{"code":"severe","display":"Severe","target":[{"code":"442452003","display":"Life threatening severity","equivalence":"equivalent"}]}]}]}