{"resourceType":"NamingSystem","id":"ods-organization-code","name":"ODS Organisation Code","status":"draft","kind":"identifier","date":"2019-05-01T00:00:00+01:00","publisher":"INTEROPen","contact":[{"telecom":[{"system":"other","value":"https://chat.fhir.org/#narrow/stream/179189-uk"}]}],"responsible":"NHS Digital","description":"The identifier system for an Organisation registered with the Organisation Data Service (ODS).","jurisdiction":[{"coding":[{"system":"http://unstats.un.org/unsd/methods/m49/m49.htm","code":"826"}]}],"usage":"To be used to identify an Organisation registered with the Organisation Data Service (ODS).","uniqueId":[{"type":"uri","value":"https://fhir.nhs.uk/Id/ods-organization-code","preferred":true},{"type":"oid","value":"2.16.840.1.113883.2.1.4.3","preferred":false}]}