{"resourceType":"ValueSet","id":"CareConnect-NHSDataDictionary-PersonMaritalStatus-1","text":{"status":"generated","div":"<div xmlns=\"http://www.w3.org/1999/xhtml\">\n         <h2>NHS Data Model and Dictionary Person Marital Status Code</h2>\n         <div>\n            <p>An indicator to identify the legal marital status of a Person.</p> \n         </div>\n         <p>\n            <b>Copyright Statement:</b> Copyright © 2016 HL7 UK\n         </p>\n         <p>This value set includes codes from the following code systems:</p>\n         <ul>\n            <li>Include all codes defined in \n               <a href=\"CareConnect-NHSDataDictionary-PersonMaritalStatus-1.html\">\n                  <code>https://hl7.org.uk/fhir/CodeSystem/CareConnect-NHSDataDictionary-PersonMaritalStatus-1</code>\n               </a>\n            </li>\n         </ul>\n      </div>"},"extension":[{"url":"http://hl7.org/fhir/StructureDefinition/valueset-sourceReference","valueUri":"http://www.datadictionary.nhs.uk/data_dictionary/attributes/p/person/person_marital_status_code_de.asp?shownav=1"}],"url":"https://hl7.org.uk/fhir/ValueSet/CareConnect-NHSDataDictionary-PersonMaritalStatus-1","version":"4.0.0","name":"NHS Data Model and Dictionary Person Marital Status Code","status":"active","date":"2016-08-03T00:00:00+01:00","publisher":"INTEROPen","contact":[{"telecom":[{"system":"other","value":"https://chat.fhir.org/#narrow/stream/179189-uk"}]}],"description":"An indicator to identify the legal marital status of a Person.","jurisdiction":[{"coding":[{"system":"http://unstats.un.org/unsd/methods/m49/m49.htm","code":"826"}]}],"copyright":"Copyright © 2016 HL7 UK","compose":{"include":[{"system":"https://hl7.org.uk/fhir/CodeSystem/CareConnect-NHSDataDictionary-PersonMaritalStatus-1"}]}}