{"resourceType":"ValueSet","id":"CareConnect-AdministrativeGender-1","text":{"status":"generated","div":"<div xmlns=\"http://www.w3.org/1999/xhtml\">\n         <h2>Administrative Gender</h2>\n         <div>\n            <p>The gender of a person used for administrative purposes.</p> \n         </div>\n         <p>\n            <b>Copyright Statement:</b> Copyright © HL7.org 2011+\n         </p>\n         <p>This value set includes codes from the following code systems:</p>\n         <ul>\n            <li>Include these codes as defined in \n               <a href=\"http://hl7.org/fhir/STU3/codesystem-administrative-gender.html\">\n                  <code>http://hl7.org/fhir/administrative-gender</code>\n               </a>\n               <table class=\"none\">\n                  <tr>\n                     <td style=\"white-space:nowrap\">\n                        <b>Code</b>\n                     </td>\n                     <td>\n                        <b>Display</b>\n                     </td>\n                  </tr>\n                  <tr>\n                     <td>\n                        <a href=\"http://hl7.org/fhir/STU3/codesystem-administrative-gender.html#administrative-gender-male\">male</a>\n                     </td>\n                     <td>Male</td>\n                     <td>Male</td>\n                  </tr>\n                  <tr>\n                     <td>\n                        <a href=\"http://hl7.org/fhir/STU3/codesystem-administrative-gender.html#administrative-gender-female\">female</a>\n                     </td>\n                     <td>Female</td>\n                     <td>Female</td>\n                  </tr>\n                  <tr>\n                     <td>\n                        <a href=\"http://hl7.org/fhir/STU3/codesystem-administrative-gender.html#administrative-gender-other\">other</a>\n                     </td>\n                     <td>Other</td>\n                     <td>Other</td>\n                  </tr>\n                  <tr>\n                     <td>\n                        <a href=\"http://hl7.org/fhir/STU3/codesystem-administrative-gender.html#administrative-gender-unknown\">unknown</a>\n                     </td>\n                     <td>Unknown</td>\n                     <td>Unknown</td>\n                  </tr>\n               </table>\n            </li>\n         </ul>\n      </div>"},"extension":[{"url":"http://hl7.org/fhir/StructureDefinition/valueset-map","valueCanonical":"https://hl7.org.uk/fhir/ConceptMap/CareConnect-AdministrativeGender-1"},{"url":"http://hl7.org/fhir/StructureDefinition/valueset-sourceReference","valueUri":"http://hl7.org/fhir/ValueSet/administrative-gender"},{"url":"http://hl7.org/fhir/StructureDefinition/structuredefinition-wg","valueCode":"pc"},{"url":"http://hl7.org/fhir/StructureDefinition/structuredefinition-fmm","valueInteger":5},{"url":"http://hl7.org/fhir/StructureDefinition/structuredefinition-ballot-status","valueString":"Informative"}],"url":"https://hl7.org.uk/fhir/ValueSet/CareConnect-AdministrativeGender-1","identifier":[{"system":"urn:ietf:rfc:3986","value":"urn:oid:2.16.840.1.113883.4.642.3.1"}],"version":"4.0.0","name":"Administrative Gender","status":"draft","date":"2017-04-18T22:46:00+01:00","publisher":"INTEROPen","contact":[{"telecom":[{"system":"other","value":"https://chat.fhir.org/#narrow/stream/179189-uk"}]}],"description":"The gender of a person used for administrative purposes.","jurisdiction":[{"coding":[{"system":"http://unstats.un.org/unsd/methods/m49/m49.htm","code":"826"}]}],"copyright":"Copyright © HL7.org 2011+","compose":{"include":[{"system":"http://hl7.org/fhir/administrative-gender","concept":[{"code":"male","display":"Male"},{"code":"female","display":"Female"},{"code":"other","display":"Other"},{"code":"unknown","display":"Unknown"}]}]}}