{"resourceType":"ValueSet","id":"CareConnect-SpecimenType-1","text":{"status":"generated","div":"<div xmlns=\"http://www.w3.org/1999/xhtml\">\n         <h2>Care Connect Specimen Type</h2>\n         <div>\n            <p>A code from the SNOMED Clinical Terminology UK coding system to record a specimen type.</p> \n         </div>\n         <p>\n            <b>Copyright Statement:</b> This value set includes content from SNOMED CT, which is copyright © 2002+ International Health Terminology Standards Development Organisation (IHTSDO), and distributed by agreement between IHTSDO and HL7. Implementer use of SNOMED CT is not covered by this agreement.\n         </p>\n         <p>This value set includes codes from the following code systems:</p>\n         <ul>\n            <li>Include codes from \n               <a href=\"http://www.snomed.org/\">\n                  <code>http://snomed.info/sct</code>\n               </a> where constraint  =  (&lt;105590001 |Substance (substance)| OR &lt;49755003 |Morphologically abnormal structure (morphologic abnormality)| OR &lt;260787004 |Physical object (physical object)|)\n            </li>\n         </ul>\n      </div>"},"url":"https://hl7.org.uk/fhir/ValueSet/CareConnect-SpecimenType-1","version":"4.0.0","name":"Care Connect Specimen Type","status":"draft","date":"2019-02-19T00:00:00+00:00","publisher":"INTEROPen","contact":[{"telecom":[{"system":"other","value":"https://chat.fhir.org/#narrow/stream/179189-uk"}]}],"description":"A code from the SNOMED Clinical Terminology UK coding system to record a specimen type.","jurisdiction":[{"coding":[{"system":"http://unstats.un.org/unsd/methods/m49/m49.htm","code":"826"}]}],"copyright":"This value set includes content from SNOMED CT, which is copyright © 2002+ International Health Terminology Standards Development Organisation (IHTSDO), and distributed by agreement between IHTSDO and HL7. Implementer use of SNOMED CT is not covered by this agreement.","compose":{"include":[{"system":"http://snomed.info/sct","filter":[{"property":"constraint","op":"=","value":"(<105590001 |Substance (substance)| OR <49755003 |Morphologically abnormal structure (morphologic abnormality)| OR <260787004 |Physical object (physical object)|)"}]}]}}