{"resourceType":"ValueSet","id":"CareConnect-ManufacturedMaterialSnCT-1","text":{"status":"generated","div":"<div xmlns=\"http://www.w3.org/1999/xhtml\">\n         <h2>Care Connect Manufactured Material SnCT</h2>\n         <div>\n            <p>A code from the SNOMED Clinical Terminology UK coding system that describes a manufactured material (e.g. a pharmaceutical product or personal medical device). These will form part of the NHS dm+d. Any code from the SNOMED CT UK 'Manufactured Material' subset with subset original id 1391000000139; the corresponding SNOMED CT UK Refset fully specified name is 'Manufactured material simple reference set (foundation metadata concept)' with Refset Id 999000031000001105.</p> \n         </div>\n         <p>\n            <b>Copyright Statement:</b> This value set includes content from SNOMED CT, which is copyright © 2002+ International Health Terminology Standards Development Organisation (IHTSDO), and distributed by agreement between IHTSDO and HL7. Implementer use of SNOMED CT is not covered by this agreement.\n         </p>\n         <p>This value set includes codes from the following code systems:</p>\n         <ul>\n            <li>Include codes from \n               <a href=\"http://www.snomed.org/\">\n                  <code>http://snomed.info/sct</code>\n               </a> where concept  in  999000031000001105\n            </li>\n         </ul>\n      </div>"},"url":"https://hl7.org.uk/fhir/ValueSet/CareConnect-ManufacturedMaterialSnCT-1","identifier":[{"system":"urn:ietf:rfc:3986","value":"urn:oid:2.16.840.1.113883.2.1.3.2.4.15.11.36"}],"version":"4.0.0","name":"Care Connect Manufactured Material SnCT","status":"draft","date":"2017-08-01T01:00:00+01:00","publisher":"INTEROPen","contact":[{"telecom":[{"system":"other","value":"https://chat.fhir.org/#narrow/stream/179189-uk"}]}],"description":"A code from the SNOMED Clinical Terminology UK coding system that describes a manufactured material (e.g. a pharmaceutical product or personal medical device). These will form part of the NHS dm+d. Any code from the SNOMED CT UK 'Manufactured Material' subset with subset original id 1391000000139; the corresponding SNOMED CT UK Refset fully specified name is 'Manufactured material simple reference set (foundation metadata concept)' with Refset Id 999000031000001105.","jurisdiction":[{"coding":[{"system":"http://unstats.un.org/unsd/methods/m49/m49.htm","code":"826"}]}],"copyright":"This value set includes content from SNOMED CT, which is copyright © 2002+ International Health Terminology Standards Development Organisation (IHTSDO), and distributed by agreement between IHTSDO and HL7. Implementer use of SNOMED CT is not covered by this agreement.","compose":{"include":[{"system":"http://snomed.info/sct","filter":[{"property":"concept","op":"in","value":"999000031000001105"}]}]}}