{"resourceType":"ValueSet","id":"CareConnect-VaccinationProcedure-1","text":{"status":"generated","div":"<div xmlns=\"http://www.w3.org/1999/xhtml\"> \n         <h2>Care Connect Vaccination Procedure</h2> \n         <div> \n            <p>A code from the SNOMED Clinical Terminology UK coding system to record a vaccination procedure.</p> \n         </div> \n         <p> \n            <b>Copyright Statement:</b> This value set includes content from SNOMED CT, which is copyright © 2002+ International Health Terminology Standards Development Organisation (IHTSDO), and distributed by agreement between IHTSDO and HL7. Implementer use of SNOMED CT is not covered by this agreement. \n         </p> \n         <p>This value set includes codes from the following code systems:</p> \n         <ul> \n            <li>Include codes from \n               <a href=\"http://www.snomed.org/\"> \n                  <code>http://snomed.info/sct</code> \n               </a> where constraint  =  (&lt;&lt;33879002 OR &lt;&lt;713404003 OR &lt;&lt;955641000000103 OR &lt;&lt;955691000000108 OR &lt;&lt;955701000000108 OR &lt;&lt;957581000000102 OR &lt;&lt;957751000000103 OR &lt;&lt;1066171000000108 OR &lt;&lt;140611000119104 OR &lt;&lt;15483003 OR &lt;&lt;39343008 OR &lt;&lt;34631000 OR &lt;&lt;72093006 OR &lt;&lt;425897001 OR &lt;&lt;8605003 OR &lt;&lt;428502009 OR &lt;&lt;283451000000105 OR &lt;&lt;308753004 OR &lt;&lt;572481000119103 OR &lt;&lt;965851000000105 OR &lt;&lt;761841000 OR &lt;&lt;16300531000119107 OR &lt;&lt;14747002 OR &lt;&lt;283431000000103 OR &lt;&lt;427633002) MINUS (&lt;&lt;304250009 OR &lt;&lt;51116004 OR &lt;&lt;296811004 OR &lt;&lt;294631000 OR &lt;&lt;425457005 OR &lt;&lt;291705006 OR &lt;&lt;417451006 OR &lt;&lt;47988006 OR &lt;&lt;293095001 OR &lt;&lt;601000000100 OR &lt;&lt;123471000119103 OR &lt;&lt;266758009 OR &lt;&lt;223464006 OR &lt;&lt;185324002 OR &lt;&lt;416064006 OR &lt;&lt;428119001 OR &lt;&lt;308433002 OR &lt;&lt;183944003 OR &lt;&lt;408864009 OR &lt;&lt;202111000000106 OR &lt;&lt;708538000 OR &lt;&lt;418019003 OR &lt;&lt;416237000 OR &lt;&lt;400999005 OR &lt;&lt;309370004) \n            </li> \n         </ul> \n      </div>"},"url":"https://hl7.org.uk/fhir/ValueSet/CareConnect-VaccinationProcedure-1","version":"4.0.0","name":"Care Connect Vaccination Procedure","status":"draft","date":"2018-11-01T00:00:00+00:00","publisher":"INTEROPen","contact":[{"telecom":[{"system":"other","value":"https://chat.fhir.org/#narrow/stream/179189-uk"}]}],"description":"A code from the SNOMED Clinical Terminology UK coding system to record a vaccination procedure.","jurisdiction":[{"coding":[{"system":"http://unstats.un.org/unsd/methods/m49/m49.htm","code":"826"}]}],"copyright":"This value set includes content from SNOMED CT, which is copyright © 2002+ International Health Terminology Standards Development Organisation (IHTSDO), and distributed by agreement between IHTSDO and HL7. Implementer use of SNOMED CT is not covered by this agreement.","compose":{"include":[{"system":"http://snomed.info/sct","filter":[{"property":"constraint","op":"=","value":"(<<33879002 OR <<713404003 OR <<955641000000103 OR <<955691000000108 OR <<955701000000108 OR <<957581000000102 OR <<957751000000103 OR <<1066171000000108 OR <<140611000119104 OR <<15483003 OR <<39343008 OR <<34631000 OR <<72093006 OR <<425897001 OR <<8605003 OR <<428502009 OR <<283451000000105 OR <<308753004 OR <<572481000119103 OR <<965851000000105 OR <<761841000 OR <<16300531000119107 OR <<14747002 OR <<283431000000103 OR <<427633002) MINUS (<<304250009 OR <<51116004 OR <<296811004 OR <<294631000 OR <<425457005 OR <<291705006 OR <<417451006 OR <<47988006 OR <<293095001 OR <<601000000100 OR <<123471000119103 OR <<266758009 OR <<223464006 OR <<185324002 OR <<416064006 OR <<428119001 OR <<308433002 OR <<183944003 OR <<408864009 OR <<202111000000106 OR <<708538000 OR <<418019003 OR <<416237000 OR <<400999005 OR <<309370004)"}]}]},"expansion":{"identifier":"b99cc773-007d-4544-ac22-aa821a39a108","timestamp":"2019-12-11T16:50:33+00:00","total":267,"parameter":[{"name":"version","valueUri":"http://snomed.info/sct?version=http%3A%2F%2Fsnomed.info%2Fsct%2F999000031000000106%2Fversion%2F20190807"},{"name":"count","valueInteger":2147483647},{"name":"offset","valueInteger":0}],"contains":[{"system":"http://snomed.info/sct","code":"9856004","display":"Tularaemia vaccination"},{"system":"http://snomed.info/sct","code":"170313005","display":"Booster cholera vaccination"},{"system":"http://snomed.info/sct","code":"412756007","display":"Second diphtheria, tetanus and acellular pertussis (DTaP) vaccination"},{"system":"http://snomed.info/sct","code":"170312000","display":"Second cholera vaccination"},{"system":"http://snomed.info/sct","code":"412757003","display":"Third diphtheria, tetanus and acellular pertussis (DTaP) vaccination"},{"system":"http://snomed.info/sct","code":"170317006","display":"Second typhoid vaccination"},{"system":"http://snomed.info/sct","code":"572481000119103","display":"Administration of measles live vaccine"},{"system":"http://snomed.info/sct","code":"415507003","display":"Second diphtheria tetanus and five component acellular pertussis, haemophilus influenzae type b, inactivated polio vaccination"},{"system":"http://snomed.info/sct","code":"150961000119105","display":"Measles vaccination given"},{"system":"http://snomed.info/sct","code":"395180002","display":"Third tetanus and low dose diphtheria vaccination"},{"system":"http://snomed.info/sct","code":"571611000119101","display":"Administration of varicella live vaccine"},{"system":"http://snomed.info/sct","code":"170421003","display":"Booster tetanus and polio vaccination"},{"system":"http://snomed.info/sct","code":"170420002","display":"Third tetanus and polio vaccination"},{"system":"http://snomed.info/sct","code":"572421000119102","display":"Administration of oral typhoid live vaccine"},{"system":"http://snomed.info/sct","code":"737081007","display":"Administration of varicella zoster vaccine"},{"system":"http://snomed.info/sct","code":"626061000119109","display":"Administration of rotavirus pentavalent live vaccine, oral"},{"system":"http://snomed.info/sct","code":"170427004","display":"Typhoid and Paratyphoid reinforcing dose"},{"system":"http://snomed.info/sct","code":"414259000","display":"First diphtheria tetanus and five component acellular pertussis, haemophilus influenzae type b, inactivated polio vaccination"},{"system":"http://snomed.info/sct","code":"281658005","display":"Tick-borne encephalitis vaccination"},{"system":"http://snomed.info/sct","code":"170402006","display":"Third diphtheria, pertussis and tetanus triple and polio vaccination"},{"system":"http://snomed.info/sct","code":"170429001","display":"2nd HiB and DTP vaccine given"},{"system":"http://snomed.info/sct","code":"170361003","display":"Third smallpox vaccination"},{"system":"http://snomed.info/sct","code":"170426008","display":"Typhoid and Paratyphoid second dose"},{"system":"http://snomed.info/sct","code":"170425007","display":"Typhoid and Paratyphoid first dose"},{"system":"http://snomed.info/sct","code":"712833000","display":"Second vaccination with Haemophilus influenzae type B and Neisseria meningitidis serotype C combination vaccine"},{"system":"http://snomed.info/sct","code":"170318001","display":"Booster typhoid vaccination"},{"system":"http://snomed.info/sct","code":"30338008","display":"Typhus vaccination"},{"system":"http://snomed.info/sct","code":"395181003","display":"Booster tetanus and low dose diphtheria vaccination"},{"system":"http://snomed.info/sct","code":"170360002","display":"Second smallpox vaccination"},{"system":"http://snomed.info/sct","code":"170400003","display":"First diphtheria, pertussis and tetanus triple and polio vaccination"},{"system":"http://snomed.info/sct","code":"712834006","display":"First vaccination with Haemophilus influenzae type B and Neisseria meningitidis serotype C combination vaccine"},{"system":"http://snomed.info/sct","code":"416591003","display":"First low dose diphtheria, tetanus and inactivated polio vaccination"},{"system":"http://snomed.info/sct","code":"170428009","display":"1st HiB and DTP vaccine given"},{"system":"http://snomed.info/sct","code":"67308009","display":"Yellow fever vaccination"},{"system":"http://snomed.info/sct","code":"170401004","display":"Second diphtheria, pertussis and tetanus triple and polio vaccination"},{"system":"http://snomed.info/sct","code":"307416007","display":"First smallpox vaccination"},{"system":"http://snomed.info/sct","code":"46079006","display":"Vaccination by injection gun"},{"system":"http://snomed.info/sct","code":"83798008","display":"Paratyphoid fever vaccination"},{"system":"http://snomed.info/sct","code":"300038004","display":"Pertussis booster vaccination"},{"system":"http://snomed.info/sct","code":"425897001","display":"First varicella vaccination"},{"system":"http://snomed.info/sct","code":"414619005","display":"Low dose diphtheria, tetanus and inactivated polio vaccination"},{"system":"http://snomed.info/sct","code":"170316002","display":"First typhoid vaccination"},{"system":"http://snomed.info/sct","code":"170323001","display":"Booster diphtheria vaccination"},{"system":"http://snomed.info/sct","code":"427633002","display":"Intravenous injection of vaccine"},{"system":"http://snomed.info/sct","code":"313188000","display":"First hepatitis A junior vaccination"},{"system":"http://snomed.info/sct","code":"170378007","display":"First hepatitis A vaccination"},{"system":"http://snomed.info/sct","code":"314415008","display":"Second meningitis C vaccination"},{"system":"http://snomed.info/sct","code":"7141001","display":"Brucellosis vaccination"},{"system":"http://snomed.info/sct","code":"170327000","display":"Second pertussis vaccination"},{"system":"http://snomed.info/sct","code":"50069008","display":"Plague vaccination"},{"system":"http://snomed.info/sct","code":"170320003","display":"First diphtheria vaccination"},{"system":"http://snomed.info/sct","code":"170346004","display":"Booster haemophilus B vaccination"},{"system":"http://snomed.info/sct","code":"571571000119105","display":"Administration of diphtheria + tetanus + acellular pertussis vaccine"},{"system":"http://snomed.info/sct","code":"412742005","display":"Third hepatitis A junior vaccination"},{"system":"http://snomed.info/sct","code":"170380001","display":"Third hepatitis A vaccination"},{"system":"http://snomed.info/sct","code":"170430006","display":"3rd HiB and DTP vaccine given"},{"system":"http://snomed.info/sct","code":"151061000119101","display":"Tetanus toxoid vaccination given"},{"system":"http://snomed.info/sct","code":"395665009","display":"Single dose typhoid vaccination"},{"system":"http://snomed.info/sct","code":"417615007","display":"Second low dose diphtheria, tetanus and inactivated polio vaccination"},{"system":"http://snomed.info/sct","code":"412743000","display":"Booster hepatitis A junior vaccination"},{"system":"http://snomed.info/sct","code":"170381002","display":"Booster hepatitis A vaccination"},{"system":"http://snomed.info/sct","code":"22989000","display":"Vaccination for arthropod-borne virus"},{"system":"http://snomed.info/sct","code":"170431005","display":"Measles mumps and rubella booster vaccination"},{"system":"http://snomed.info/sct","code":"170392001","display":"Leishmaniasis vaccination"},{"system":"http://snomed.info/sct","code":"314414007","display":"First meningitis C vaccination"},{"system":"http://snomed.info/sct","code":"170328005","display":"Third pertussis vaccination"},{"system":"http://snomed.info/sct","code":"170324007","display":"Low dose diphtheria vaccination"},{"system":"http://snomed.info/sct","code":"722215002","display":"Administration of herpes zoster vaccine"},{"system":"http://snomed.info/sct","code":"148297000","display":"Travel vaccination given"},{"system":"http://snomed.info/sct","code":"700358002","display":"Booster meningitis C vaccination"},{"system":"http://snomed.info/sct","code":"39568006","display":"Immunisation for encephalitis virus"},{"system":"http://snomed.info/sct","code":"170321004","display":"Second diphtheria vaccination"},{"system":"http://snomed.info/sct","code":"416144004","display":"Third low dose diphtheria, tetanus and inactivated polio vaccination"},{"system":"http://snomed.info/sct","code":"412763007","display":"Second diphtheria, tetanus, acellular pertussis (DTaP) and polio vaccination"},{"system":"http://snomed.info/sct","code":"281039000","display":"Post-school tetanus and polio vaccination"},{"system":"http://snomed.info/sct","code":"571511000119102","display":"Administration of adult hepatitis A vaccine"},{"system":"http://snomed.info/sct","code":"571641000119102","display":"Administration of meningococcal polysaccharide vaccine"},{"system":"http://snomed.info/sct","code":"170322006","display":"Third diphtheria vaccination"},{"system":"http://snomed.info/sct","code":"16298691000119102","display":"Administration of meningococcal oligosaccharide A, C, Y, and W-135 vaccine"},{"system":"http://snomed.info/sct","code":"390892002","display":"Meningitis ACW & Y vaccination"},{"system":"http://snomed.info/sct","code":"16298561000119108","display":"Administration of tetanus, diphtheria, and acellular pertussis vaccine"},{"system":"http://snomed.info/sct","code":"761841000","display":"Administration of human papilloma virus vaccine"},{"system":"http://snomed.info/sct","code":"170326009","display":"First pertussis vaccination"},{"system":"http://snomed.info/sct","code":"313189008","display":"Second hepatitis A junior vaccination"},{"system":"http://snomed.info/sct","code":"170379004","display":"Second hepatitis A vaccination"},{"system":"http://snomed.info/sct","code":"90640007","display":"Coronavirus vaccination"},{"system":"http://snomed.info/sct","code":"314417000","display":"Meningitis A & C vaccination"},{"system":"http://snomed.info/sct","code":"170433008","display":"Measles mumps and rubella vaccination - second dose"},{"system":"http://snomed.info/sct","code":"28877009","display":"Cholera vaccination"},{"system":"http://snomed.info/sct","code":"170432003","display":"MMR pre-school booster vaccination"},{"system":"http://snomed.info/sct","code":"170436000","display":"Third combined hepatitis A and B vaccination"},{"system":"http://snomed.info/sct","code":"312868009","display":"Combined hepatitis A and B vaccination"},{"system":"http://snomed.info/sct","code":"314416009","display":"Third meningitis C vaccination"},{"system":"http://snomed.info/sct","code":"412764001","display":"Third diphtheria, tetanus, acellular pertussis (DTaP) and polio vaccination"},{"system":"http://snomed.info/sct","code":"22850005","display":"Immunisation for autoimmune disease"},{"system":"http://snomed.info/sct","code":"412762002","display":"First diphtheria, tetanus, acellular pertussis (DTaP) and polio vaccination"},{"system":"http://snomed.info/sct","code":"428975001","display":"Vaccination with Haemophilus influenzae type B and Neisseria meningitidis serotype C combination vaccine"},{"system":"http://snomed.info/sct","code":"719596001","display":"Meningitis C vaccination"},{"system":"http://snomed.info/sct","code":"41088001","display":"Meningococcus vaccination"},{"system":"http://snomed.info/sct","code":"243789007","display":"Hepatitis A immunisation"},{"system":"http://snomed.info/sct","code":"571631000119106","display":"Administration of pneumococcal polysaccharide 23 valent vaccine"},{"system":"http://snomed.info/sct","code":"12866006","display":"Pneumococcal vaccination"},{"system":"http://snomed.info/sct","code":"170331006","display":"Second tetanus vaccination"},{"system":"http://snomed.info/sct","code":"417211006","display":"First booster low dose diphtheria, tetanus and inactivated polio vaccination"},{"system":"http://snomed.info/sct","code":"396456003","display":"Diphtheria, acellular pertussis, hepatitis B and inactivated polio vaccination"},{"system":"http://snomed.info/sct","code":"170339008","display":"Second anthrax vaccination"},{"system":"http://snomed.info/sct","code":"415354003","display":"Rotavirus vaccination"},{"system":"http://snomed.info/sct","code":"315335004","display":"Booster Japanese encephalitis vaccination"},{"system":"http://snomed.info/sct","code":"170334003","display":"Final tetanus immunisation"},{"system":"http://snomed.info/sct","code":"308753004","display":"Subcutaneous injection of Pneumovax II"},{"system":"http://snomed.info/sct","code":"734154002","display":"Administration of human papilloma virus type 6, 11, 16, and 18 vaccine done"},{"system":"http://snomed.info/sct","code":"312867004","display":"Typhoid and paratyphoid vaccination"},{"system":"http://snomed.info/sct","code":"286941000119101","display":"Viral hepatitis A and B vaccination given"},{"system":"http://snomed.info/sct","code":"43941000119105","display":"Viral hepatitis A vaccination given"},{"system":"http://snomed.info/sct","code":"720539004","display":"First meningitis B vaccination"},{"system":"http://snomed.info/sct","code":"42284007","display":"BCG vaccination"},{"system":"http://snomed.info/sct","code":"394678003","display":"Booster pneumococcal vaccination"},{"system":"http://snomed.info/sct","code":"390865008","display":"Booster diphtheria, tetanus, acellular pertussis (DTaP) and polio vaccination"},{"system":"http://snomed.info/sct","code":"170330007","display":"First tetanus vaccination"},{"system":"http://snomed.info/sct","code":"170311007","display":"First cholera vaccination"},{"system":"http://snomed.info/sct","code":"396455004","display":"Borrelia burgdorferi vaccination"},{"system":"http://snomed.info/sct","code":"390846000","display":"Booster diphtheria, tetanus and acellular pertussis (DTaP) vaccination"},{"system":"http://snomed.info/sct","code":"412755006","display":"First diphtheria, tetanus and acellular pertussis (DTaP) vaccination"},{"system":"http://snomed.info/sct","code":"170332004","display":"Third tetanus vaccination"},{"system":"http://snomed.info/sct","code":"170333009","display":"Booster tetanus vaccination"},{"system":"http://snomed.info/sct","code":"720537002","display":"Meningitis B vaccination"},{"system":"http://snomed.info/sct","code":"16292691000119104","display":"Administration of intramuscular Japanese encephalitis inactivated vaccine"},{"system":"http://snomed.info/sct","code":"734152003","display":"Administration of human papilloma virus type 6, 11, 16, and 18 vaccine"},{"system":"http://snomed.info/sct","code":"91223004","display":"Emergency immunisation during epidemic"},{"system":"http://snomed.info/sct","code":"170405008","display":"First diphtheria and tetanus double vaccination"},{"system":"http://snomed.info/sct","code":"416059007","display":"Rabies booster vaccination"},{"system":"http://snomed.info/sct","code":"170367004","display":"Third rabies vaccination"},{"system":"http://snomed.info/sct","code":"73701000119109","display":"Influenza vaccination given"},{"system":"http://snomed.info/sct","code":"314179000","display":"Second hepatitis A and typhoid vaccination"},{"system":"http://snomed.info/sct","code":"170366008","display":"Second rabies vaccination"},{"system":"http://snomed.info/sct","code":"170406009","display":"Second diphtheria and tetanus double vaccination"},{"system":"http://snomed.info/sct","code":"170340005","display":"Third anthrax vaccination"},{"system":"http://snomed.info/sct","code":"170341009","display":"Fourth anthrax vaccination"},{"system":"http://snomed.info/sct","code":"8605003","display":"Immunisation for bordetella"},{"system":"http://snomed.info/sct","code":"314178008","display":"First hepatitis A and typhoid vaccination"},{"system":"http://snomed.info/sct","code":"170407000","display":"Third diphtheria and tetanus double vaccination"},{"system":"http://snomed.info/sct","code":"720544006","display":"Booster meningitis B vaccination"},{"system":"http://snomed.info/sct","code":"724332002","display":"Administration of human papilloma virus type 9 vaccine"},{"system":"http://snomed.info/sct","code":"170408005","display":"Booster diphtheria and tetanus double vaccination"},{"system":"http://snomed.info/sct","code":"170364006","display":"Measles vaccination plus immunoglobulin"},{"system":"http://snomed.info/sct","code":"150971000119104","display":"Measles, mumps and rubella vaccination given"},{"system":"http://snomed.info/sct","code":"720540002","display":"Second meningitis B vaccination"},{"system":"http://snomed.info/sct","code":"632481000119106","display":"Administration of diphtheria and tetanus vaccine, less than 7 years of age"},{"system":"http://snomed.info/sct","code":"85720009","display":"Salmonella vaccination"},{"system":"http://snomed.info/sct","code":"170365007","display":"First rabies vaccination"},{"system":"http://snomed.info/sct","code":"314450000","display":"Single meningitis C vaccination"},{"system":"http://snomed.info/sct","code":"572511000119105","display":"Administration of measles + mumps + rubella + varicella live vaccine"},{"system":"http://snomed.info/sct","code":"170370000","display":"First hepatitis B vaccination"},{"system":"http://snomed.info/sct","code":"170434002","display":"First combined hepatitis A and B vaccination"},{"system":"http://snomed.info/sct","code":"170395004","display":"First diphtheria, pertussis and tetanus triple vaccination"},{"system":"http://snomed.info/sct","code":"105941000119105","display":"Herpes zoster vaccination given"},{"system":"http://snomed.info/sct","code":"310308006","display":"Third DTP polio and Hib vaccination"},{"system":"http://snomed.info/sct","code":"170413009","display":"Second diphtheria and tetanus double and polio vaccination"},{"system":"http://snomed.info/sct","code":"359956001","display":"Autogenous immunisation"},{"system":"http://snomed.info/sct","code":"314763007","display":"3rd Japanese encephalitis vaccination"},{"system":"http://snomed.info/sct","code":"39031000119103","display":"Viral hepatitis B vaccination given"},{"system":"http://snomed.info/sct","code":"310307001","display":"Second DTP polio and Hib vaccination"},{"system":"http://snomed.info/sct","code":"40001004","display":"Smallpox vaccination"},{"system":"http://snomed.info/sct","code":"170371001","display":"Second hepatitis B vaccination"},{"system":"http://snomed.info/sct","code":"170414003","display":"Third diphtheria and tetanus double and polio vaccination"},{"system":"http://snomed.info/sct","code":"275841003","display":"Pre-school diphtheria and tetanus double vaccination"},{"system":"http://snomed.info/sct","code":"310306005","display":"First DTP polio and Hib vaccination"},{"system":"http://snomed.info/sct","code":"417384007","display":"Second booster low dose diphtheria, tetanus and inactivated polio vaccination"},{"system":"http://snomed.info/sct","code":"170356000","display":"Booster polio vaccination"},{"system":"http://snomed.info/sct","code":"717953009","display":"Administration of human papilloma virus type 16 and type 18 vaccine"},{"system":"http://snomed.info/sct","code":"314761009","display":"1st Japanese encephalitis vaccination"},{"system":"http://snomed.info/sct","code":"428502009","display":"Second varicella vaccination"},{"system":"http://snomed.info/sct","code":"170374009","display":"Fourth hepatitis B vaccination"},{"system":"http://snomed.info/sct","code":"572391000119109","display":"Administration of rabies vaccine via intramuscular route"},{"system":"http://snomed.info/sct","code":"170397007","display":"Third diphtheria, pertussis and tetanus triple vaccination"},{"system":"http://snomed.info/sct","code":"394691002","display":"Booster hepatitis A and typhoid vaccination"},{"system":"http://snomed.info/sct","code":"314177003","display":"Hepatitis A and typhoid vaccination"},{"system":"http://snomed.info/sct","code":"314762002","display":"2nd Japanese encephalitis vaccination"},{"system":"http://snomed.info/sct","code":"314759000","display":"Japanese encephalitis vaccination"},{"system":"http://snomed.info/sct","code":"70322007","display":"Immunisation in infancy"},{"system":"http://snomed.info/sct","code":"170372008","display":"Third hepatitis B vaccination"},{"system":"http://snomed.info/sct","code":"170412004","display":"First diphtheria and tetanus double and polio vaccination"},{"system":"http://snomed.info/sct","code":"270898008","display":"Diphtheria and tetanus double and polio vaccination"},{"system":"http://snomed.info/sct","code":"735981009","display":"Administration of pneumococcal 7-valent conjugate vaccine"},{"system":"http://snomed.info/sct","code":"170437009","display":"Booster combined hepatitis A and B vaccination"},{"system":"http://snomed.info/sct","code":"11842003","display":"Rocky Mountain spotted fever vaccination"},{"system":"http://snomed.info/sct","code":"170354002","display":"Second polio vaccination"},{"system":"http://snomed.info/sct","code":"170419008","display":"Second tetanus and polio vaccination"},{"system":"http://snomed.info/sct","code":"570001","display":"Vaccination for arthropod-borne viral encephalitis"},{"system":"http://snomed.info/sct","code":"170355001","display":"Third polio vaccination"},{"system":"http://snomed.info/sct","code":"395179000","display":"Second tetanus and low dose diphtheria vaccination"},{"system":"http://snomed.info/sct","code":"275849001","display":"Infective hepatitis immunisation"},{"system":"http://snomed.info/sct","code":"415712004","display":"Third diphtheria tetanus and five component acellular pertussis, haemophilus influenzae type b, inactivated polio vaccination"},{"system":"http://snomed.info/sct","code":"14747002","display":"Elective immunisation for international travel"},{"system":"http://snomed.info/sct","code":"39361000119108","display":"Meningococcus vaccination given"},{"system":"http://snomed.info/sct","code":"151031000119109","display":"Rubella vaccination given"},{"system":"http://snomed.info/sct","code":"170353008","display":"First polio vaccination"},{"system":"http://snomed.info/sct","code":"416923003","display":"Sixth hepatitis B vaccination"},{"system":"http://snomed.info/sct","code":"170418000","display":"First tetanus and polio vaccination"},{"system":"http://snomed.info/sct","code":"3509001","display":"Streptococcus vaccination"},{"system":"http://snomed.info/sct","code":"281040003","display":"Pre-school diphtheria and tetanus double and polio vaccination"},{"system":"http://snomed.info/sct","code":"571591000119106","display":"Administration of measles + mumps + rubella live vaccine"},{"system":"http://snomed.info/sct","code":"170375005","display":"Fifth hepatitis B vaccination"},{"system":"http://snomed.info/sct","code":"428741008","display":"Vaccination with first dose of human papillomavirus"},{"system":"http://snomed.info/sct","code":"140611000119104","display":"Human papilloma virus type 16 and 18 vaccination given"},{"system":"http://snomed.info/sct","code":"313383003","display":"Fourth DTP polio and Hib vaccination"},{"system":"http://snomed.info/sct","code":"99501000119107","display":"Human papilloma virus vaccination given"},{"system":"http://snomed.info/sct","code":"170435001","display":"Second combined hepatitis A and B vaccination"},{"system":"http://snomed.info/sct","code":"428931000","display":"Vaccination with third dose of human papillomavirus"},{"system":"http://snomed.info/sct","code":"428570002","display":"Vaccination for human papillomavirus"},{"system":"http://snomed.info/sct","code":"170396003","display":"Second diphtheria, pertussis and tetanus triple vaccination"},{"system":"http://snomed.info/sct","code":"414001002","display":"Diphtheria tetanus and five component acellular pertussis, haemophilus influenzae type b, inactivated polio vaccination"},{"system":"http://snomed.info/sct","code":"442333005","display":"Influenza A virus subtype H1N1 vaccination"},{"system":"http://snomed.info/sct","code":"86198006","display":"Influenza vaccination"},{"system":"http://snomed.info/sct","code":"429396009","display":"Vaccination with second dose of human papillomavirus"},{"system":"http://snomed.info/sct","code":"170338000","display":"First anthrax vaccination"},{"system":"http://snomed.info/sct","code":"395178008","display":"First tetanus and low dose diphtheria vaccination"},{"system":"http://snomed.info/sct","code":"16300531000119107","display":"Human papillomavirus type 9 vaccination given"},{"system":"http://snomed.info/sct","code":"359959008","display":"Autogenous vaccination"},{"system":"http://snomed.info/sct","code":"170415002","display":"Booster diphtheria and tetanus double and polio vaccination"},{"system":"http://snomed.info/sct","code":"170373003","display":"Booster hepatitis B vaccination"},{"system":"http://snomed.info/sct","code":"359950007","display":"Booster immunisation"},{"system":"http://snomed.info/sct","code":"16292731000119106","display":"Administration of intramuscular Japanese encephalitis inactivated adsorbed vaccine"},{"system":"http://snomed.info/sct","code":"44004000","display":"Staphylococcus vaccination"},{"system":"http://snomed.info/sct","code":"43961000119109","display":"Pneumococcal 7-valent conjugate vaccination given"},{"system":"http://snomed.info/sct","code":"170344001","display":"Second haemophilus B vaccination"},{"system":"http://snomed.info/sct","code":"433733003","display":"Administration of second measles, mumps, rubella, and varicella vaccine"},{"system":"http://snomed.info/sct","code":"432636005","display":"Administration of measles, mumps, rubella, and varicella vaccine"},{"system":"http://snomed.info/sct","code":"767634004","display":"Administration of varicella virus vaccine"},{"system":"http://snomed.info/sct","code":"38598009","display":"Measles-mumps-rubella vaccination"},{"system":"http://snomed.info/sct","code":"82314000","display":"Rubella vaccination"},{"system":"http://snomed.info/sct","code":"50583002","display":"Mumps vaccination"},{"system":"http://snomed.info/sct","code":"47435007","display":"Measles vaccination"},{"system":"http://snomed.info/sct","code":"170345000","display":"Third haemophilus B vaccination"},{"system":"http://snomed.info/sct","code":"151071000119107","display":"Bacillus Calmette-Guerin vaccination given"},{"system":"http://snomed.info/sct","code":"713404003","display":"Vaccination given"},{"system":"http://snomed.info/sct","code":"572561000119108","display":"Administration of diphtheria + tetanus + acellular pertussis + hepatitis B + inactivated polio virus vaccine"},{"system":"http://snomed.info/sct","code":"16584000","display":"Hepatitis B vaccination"},{"system":"http://snomed.info/sct","code":"16290681000119103","display":"Administration of diphtheria + tetanus + acellular pertussis + inactivated poliovirus vaccine"},{"system":"http://snomed.info/sct","code":"16292771000119109","display":"Administration of poliomyelitis inactivated vaccine"},{"system":"http://snomed.info/sct","code":"414620004","display":"Low dose diphtheria, tetanus, five component acellular pertussis and inactivated polio vaccination"},{"system":"http://snomed.info/sct","code":"170399005","display":"Diphtheria, pertussis and tetanus triple and polio vaccination"},{"system":"http://snomed.info/sct","code":"170343007","display":"First haemophilus B vaccination"},{"system":"http://snomed.info/sct","code":"127787002","display":"Haemophilus influenzae type b vaccination"},{"system":"http://snomed.info/sct","code":"51572002","display":"Haemophilus influenzae immunisation"},{"system":"http://snomed.info/sct","code":"312871001","display":"Immunisation against bacterial disease"},{"system":"http://snomed.info/sct","code":"33879002","display":"Active immunisation"},{"system":"http://snomed.info/sct","code":"626071000119103","display":"Administration of subcutaneous zoster virus live vaccine"},{"system":"http://snomed.info/sct","code":"34631000","display":"Rabies vaccination"},{"system":"http://snomed.info/sct","code":"312870000","display":"Diphtheria, tetanus, pertussis, polio and haemophilus influenza B vaccination"},{"system":"http://snomed.info/sct","code":"399014008","display":"Vaccination for diphtheria, pertussis, and tetanus"},{"system":"http://snomed.info/sct","code":"39343008","display":"Pertussis vaccination"},{"system":"http://snomed.info/sct","code":"312869001","display":"Haemophilus influenza B, diphtheria, tetanus and polio vaccination"},{"system":"http://snomed.info/sct","code":"73152006","display":"Tetanus diphtheria vaccination"},{"system":"http://snomed.info/sct","code":"76668005","display":"Diphtheria vaccination"},{"system":"http://snomed.info/sct","code":"268499008","display":"Tetanus and polio vaccination"},{"system":"http://snomed.info/sct","code":"72093006","display":"Poliomyelitis vaccination"},{"system":"http://snomed.info/sct","code":"49083007","display":"Viral immunisation"},{"system":"http://snomed.info/sct","code":"312872008","display":"Combined immunisation against bacterial and viral disease"},{"system":"http://snomed.info/sct","code":"127786006","display":"Tetanus vaccination"},{"system":"http://snomed.info/sct","code":"150981000119101","display":"Mumps vaccination given"},{"system":"http://snomed.info/sct","code":"572431000119104","display":"Administration of typhoid VI capsular polysaccharide vaccine via intramuscular route"},{"system":"http://snomed.info/sct","code":"15483003","display":"Typhoid vaccination"},{"system":"http://snomed.info/sct","code":"170409002","display":"Tetanus and low dose diphtheria double vaccination"},{"system":"http://snomed.info/sct","code":"170342002","display":"Booster anthrax vaccination"},{"system":"http://snomed.info/sct","code":"49598002","display":"Anthrax vaccination"},{"system":"http://snomed.info/sct","code":"359953009","display":"Booster vaccination"}]}}