{"resourceType":"ValueSet","id":"CareConnect-DocumentType-1","text":{"status":"generated","div":"<div xmlns=\"http://www.w3.org/1999/xhtml\"> \n         <h2>Care Connect Document Type</h2> \n         <div> \n            <p>A code from the SNOMED Clinical Terminology UK coding system that describes a clinical document type. Any code from the SNOMED CT UK 'Document Type' subset with subset original id 44041000000135; the corresponding SNOMED CT UK Refset fully specified name is 'Correspondence document type simple reference set (foundation metadata concept)' with Refset Id 999000391000000109.</p> \n         </div> \n         <p> \n            <b>Copyright Statement:</b> This value set includes content from SNOMED CT, which is copyright © 2002+ International Health Terminology Standards Development Organisation (IHTSDO), and distributed by agreement between IHTSDO and HL7. Implementer use of SNOMED CT is not covered by this agreement. \n         </p> \n         <p>This value set includes codes from the following code systems:</p> \n         <ul> \n            <li>Include codes from \n               <a href=\"http://www.snomed.org/\"> \n                  <code>http://snomed.info/sct</code> \n               </a> where concept  in  999000391000000109 \n            </li> \n         </ul> \n      </div>"},"url":"https://hl7.org.uk/fhir/ValueSet/CareConnect-DocumentType-1","version":"4.0.0","name":"Care Connect Document Type","status":"draft","date":"2018-11-05T00:00:00+00:00","publisher":"INTEROPen","contact":[{"telecom":[{"system":"other","value":"https://chat.fhir.org/#narrow/stream/179189-uk"}]}],"description":"A code from the SNOMED Clinical Terminology UK coding system that describes a clinical document type. Any code from the SNOMED CT UK 'Document Type' subset with subset original id 44041000000135; the corresponding SNOMED CT UK Refset fully specified name is 'Correspondence document type simple reference set (foundation metadata concept)' with Refset Id 999000391000000109.","jurisdiction":[{"coding":[{"system":"http://unstats.un.org/unsd/methods/m49/m49.htm","code":"826"}]}],"copyright":"This value set includes content from SNOMED CT, which is copyright © 2002+ International Health Terminology Standards Development Organisation (IHTSDO), and distributed by agreement between IHTSDO and HL7. Implementer use of SNOMED CT is not covered by this agreement.","compose":{"include":[{"system":"http://snomed.info/sct","filter":[{"property":"concept","op":"in","value":"999000391000000109"}]}]},"expansion":{"identifier":"97f8189b-fa81-4973-b474-6da4e6590e30","timestamp":"2019-12-11T16:50:39+00:00","total":30,"parameter":[{"name":"version","valueUri":"http://snomed.info/sct?version=http%3A%2F%2Fsnomed.info%2Fsct%2F999000031000000106%2Fversion%2F20190807"},{"name":"count","valueInteger":2147483647},{"name":"offset","valueInteger":0}],"contains":[{"system":"http://snomed.info/sct","code":"308585003","display":"DS 1500 report"},{"system":"http://snomed.info/sct","code":"736367008","display":"Anticipatory care plan"},{"system":"http://snomed.info/sct","code":"4331000179104","display":"Clinical immunology report"},{"system":"http://snomed.info/sct","code":"4271000179106","display":"Nuclear medicine report"},{"system":"http://snomed.info/sct","code":"4211000179102","display":"Bone density scan report"},{"system":"http://snomed.info/sct","code":"310854009","display":"Housing report"},{"system":"http://snomed.info/sct","code":"736372004","display":"Discharge care plan"},{"system":"http://snomed.info/sct","code":"4231000179109","display":"Mammography report"},{"system":"http://snomed.info/sct","code":"371527006","display":"Radiology report"},{"system":"http://snomed.info/sct","code":"307930005","display":"Death certificate"},{"system":"http://snomed.info/sct","code":"408403008","display":"Patient held record"},{"system":"http://snomed.info/sct","code":"736373009","display":"End of life care plan"},{"system":"http://snomed.info/sct","code":"4321000179101","display":"Haematology report"},{"system":"http://snomed.info/sct","code":"4261000179100","display":"Computed tomography imaging report"},{"system":"http://snomed.info/sct","code":"308621001","display":"RM10-DHSS DMO report"},{"system":"http://snomed.info/sct","code":"445300006","display":"Emergency department record"},{"system":"http://snomed.info/sct","code":"373942005","display":"Discharge summary"},{"system":"http://snomed.info/sct","code":"308575004","display":"Employment report"},{"system":"http://snomed.info/sct","code":"307881004","display":"DSS RMO RM2 report"},{"system":"http://snomed.info/sct","code":"270372007","display":"Disabled driver orange badge report"},{"system":"http://snomed.info/sct","code":"416779005","display":"Anaesthesia record"},{"system":"http://snomed.info/sct","code":"714340009","display":"Implanted device maintenance report"},{"system":"http://snomed.info/sct","code":"308619006","display":"War pensions report"},{"system":"http://snomed.info/sct","code":"270370004","display":"Driving licence fitness report"},{"system":"http://snomed.info/sct","code":"4311000179106","display":"Chemical pathology report"},{"system":"http://snomed.info/sct","code":"308584004","display":"DLA 370 report"},{"system":"http://snomed.info/sct","code":"714337009","display":"Upper gastrointestinal tract endoscopy report"},{"system":"http://snomed.info/sct","code":"229059009","display":"Report"},{"system":"http://snomed.info/sct","code":"734163000","display":"Care plan"},{"system":"http://snomed.info/sct","code":"714335001","display":"Lower gastrointestinal tract endoscopy report"}]}}