<?xml version="1.0" encoding="UTF-8"?>

<CodeSystem xmlns="http://hl7.org/fhir">
  <id value="CareConnect-RegistrationType-1"/>
  <text>
    <status value="generated"/><div xmlns="http://www.w3.org/1999/xhtml">
         <h2>Care Connect Registration Type</h2>
         <div>
            <p>A CodeSystem that identifies the type of registration for a patient at a healthcare organisation.</p> 
         </div>
         <p>
            <b>Copyright Statement:</b> Copyright © 2016 HL7 UK
         </p>
         <p>This code system https://hl7.org.uk/fhir/CodeSystem/CareConnect-RegistrationType-1 defines the following codes:</p>
         <table class="codes">
            <tr>
               <td style="white-space:nowrap">
                  <b>Code</b>
               </td>
               <td>
                  <b>Display</b>
               </td>
               <td>
                  <b>Definition</b>
               </td>
            </tr>
            <tr>
               <td style="white-space:nowrap">R
                  <a name="CareConnect-RegistrationType-1-R"> </a>
               </td>
               <td>Regular</td>
               <td/>
            </tr>
            <tr>
               <td style="white-space:nowrap">E
                  <a name="CareConnect-RegistrationType-1-E"> </a>
               </td>
               <td>Emergency</td>
               <td/>
            </tr>
            <tr>
               <td style="white-space:nowrap">IN
                  <a name="CareConnect-RegistrationType-1-IN"> </a>
               </td>
               <td>Immediately necessary</td>
               <td/>
            </tr>
            <tr>
               <td style="white-space:nowrap">T
                  <a name="CareConnect-RegistrationType-1-T"> </a>
               </td>
               <td>Temporary</td>
               <td/>
            </tr>
            <tr>
               <td style="white-space:nowrap">P
                  <a name="CareConnect-RegistrationType-1-P"> </a>
               </td>
               <td>Private</td>
               <td/>
            </tr>
            <tr>
               <td style="white-space:nowrap">O
                  <a name="CareConnect-RegistrationType-1-O"> </a>
               </td>
               <td>Other</td>
               <td/>
            </tr>
            <tr>
               <td style="white-space:nowrap">S
                  <a name="CareConnect-RegistrationType-1-S"> </a>
               </td>
               <td>Synthetic Record</td>
               <td/>
            </tr>
         </table>
      </div>
  </text>
  <url value="https://hl7.org.uk/fhir/CodeSystem/CareConnect-RegistrationType-1"/>
  <version value="4.0.0"/>
  <name value="Care Connect Registration Type"/>
  <status value="draft"/>
  <date value="2017-08-01T01:00:00+01:00"/>
  <publisher value="INTEROPen"/>
  <contact>
    <telecom>
      <system value="other"/>
      <value value="https://chat.fhir.org/#narrow/stream/179189-uk"/>
    </telecom>
  </contact>
  <description value="A CodeSystem that identifies the type of registration for a patient at a healthcare organisation."/>
  <jurisdiction>
    <coding>
      <system value="http://unstats.un.org/unsd/methods/m49/m49.htm"/>
      <code value="826"/>
    </coding>
  </jurisdiction>
  <copyright value="Copyright &#xA9; 2016 HL7 UK"/>
  <caseSensitive value="true"/>
  <content value="complete"/>
  <concept>
    <code value="R"/>
    <display value="Regular"/>
  </concept>
  <concept>
    <code value="E"/>
    <display value="Emergency"/>
  </concept>
  <concept>
    <code value="IN"/>
    <display value="Immediately necessary"/>
  </concept>
  <concept>
    <code value="T"/>
    <display value="Temporary"/>
  </concept>
  <concept>
    <code value="P"/>
    <display value="Private"/>
  </concept>
  <concept>
    <code value="O"/>
    <display value="Other"/>
  </concept>
  <concept>
    <code value="S"/>
    <display value="Synthetic Record"/>
  </concept>
</CodeSystem>