<?xml version="1.0" encoding="UTF-8"?>

<CodeSystem xmlns="http://hl7.org/fhir">
  <id value="CareConnect-ConditionEpisodicity-1"/>
  <text>
    <status value="generated"/><div xmlns="http://www.w3.org/1999/xhtml">
         <h2>Care Connect Condition Episodicity</h2>
         <div>
            <p>A CodeSystem to identify the episodicity of a condition.</p> 
         </div>
         <p>
            <b>Copyright Statement:</b> Copyright © 2016 HL7 UK
         </p>
         <p>This code system https://hl7.org.uk/fhir/CodeSystem/CareConnect-ConditionEpisodicity-1 defines the following codes:</p>
         <table class="codes">
            <tr>
               <td style="white-space:nowrap">
                  <b>Code</b>
               </td>
               <td>
                  <b>Display</b>
               </td>
               <td>
                  <b>Definition</b>
               </td>
            </tr>
            <tr>
               <td style="white-space:nowrap">first
                  <a name="CareConnect-ConditionEpisodicity-1-first"> </a>
               </td>
               <td>First</td>
               <td>The first episode of a condition.</td>
            </tr>
            <tr>
               <td style="white-space:nowrap">new
                  <a name="CareConnect-ConditionEpisodicity-1-new"> </a>
               </td>
               <td>New</td>
               <td>A new episode of a previously recorded condition.</td>
            </tr>
            <tr>
               <td style="white-space:nowrap">review
                  <a name="CareConnect-ConditionEpisodicity-1-review"> </a>
               </td>
               <td>Review</td>
               <td>A review of an existing condition episode.</td>
            </tr>
            <tr>
               <td style="white-space:nowrap">end
                  <a name="CareConnect-ConditionEpisodicity-1-end"> </a>
               </td>
               <td>End</td>
               <td>Marks the end of an existing condition episode.</td>
            </tr>
         </table>
      </div>
  </text>
  <url value="https://hl7.org.uk/fhir/CodeSystem/CareConnect-ConditionEpisodicity-1"/>
  <version value="4.0.0"/>
  <name value="Care Connect Condition Episodicity"/>
  <status value="draft"/>
  <date value="2018-11-14T00:00:00+00:00"/>
  <publisher value="INTEROPen"/>
  <contact>
    <telecom>
      <system value="other"/>
      <value value="https://chat.fhir.org/#narrow/stream/179189-uk"/>
    </telecom>
  </contact>
  <description value="A CodeSystem to identify the episodicity of a condition."/>
  <jurisdiction>
    <coding>
      <system value="http://unstats.un.org/unsd/methods/m49/m49.htm"/>
      <code value="826"/>
    </coding>
  </jurisdiction>
  <copyright value="Copyright &#xA9; 2016 HL7 UK"/>
  <caseSensitive value="true"/>
  <content value="complete"/>
  <concept>
    <code value="first"/>
    <display value="First"/>
    <definition value="The first episode of a condition."/>
  </concept>
  <concept>
    <code value="new"/>
    <display value="New"/>
    <definition value="A new episode of a previously recorded condition."/>
  </concept>
  <concept>
    <code value="review"/>
    <display value="Review"/>
    <definition value="A review of an existing condition episode."/>
  </concept>
  <concept>
    <code value="end"/>
    <display value="End"/>
    <definition value="Marks the end of an existing condition episode."/>
  </concept>
</CodeSystem>