<?xml version="1.0" encoding="UTF-8"?>

<CodeSystem xmlns="http://hl7.org/fhir">
  <id value="CareConnect-PDS-PersonNameType-1"/>
  <text>
    <status value="generated"/><div xmlns="http://www.w3.org/1999/xhtml">
         <h2>PDS Person Name Type</h2>
         <div>
            <p>A code to identify the type of a name of a Person.</p> 
         </div>
         <p>
            <b>Copyright Statement:</b> Copyright © 2016 HL7 UK
         </p>
         <p>This code system https://hl7.org.uk/fhir/CodeSystem/CareConnect-PDS-PersonNameType-1 defines the following codes:</p>
         <table class="codes">
            <tr>
               <td style="white-space:nowrap">
                  <b>Code</b>
               </td>
               <td>
                  <b>Display</b>
               </td>
               <td>
                  <b>Definition</b>
               </td>
            </tr>
            <tr>
               <td style="white-space:nowrap">L
                  <a name="CareConnect-PDS-PersonNameType-1-L"> </a>
               </td>
               <td>Usual (current) name</td>
               <td/>
            </tr>
            <tr>
               <td style="white-space:nowrap">A
                  <a name="CareConnect-PDS-PersonNameType-1-A"> </a>
               </td>
               <td>Alias name</td>
               <td/>
            </tr>
            <tr>
               <td style="white-space:nowrap">PREFERRED
                  <a name="CareConnect-PDS-PersonNameType-1-PREFERRED"> </a>
               </td>
               <td>Preferred name</td>
               <td/>
            </tr>
            <tr>
               <td style="white-space:nowrap">PREVIOUS
                  <a name="CareConnect-PDS-PersonNameType-1-PREVIOUS"> </a>
               </td>
               <td>Other previous name</td>
               <td/>
            </tr>
            <tr>
               <td style="white-space:nowrap">PREVIOUS-BACHELOR
                  <a name="CareConnect-PDS-PersonNameType-1-PREVIOUS-BACHELOR"> </a>
               </td>
               <td>Bachelor name</td>
               <td/>
            </tr>
            <tr>
               <td style="white-space:nowrap">PREVIOUS-BIRTH
                  <a name="CareConnect-PDS-PersonNameType-1-PREVIOUS-BIRTH"> </a>
               </td>
               <td>Birth name</td>
               <td/>
            </tr>
            <tr>
               <td style="white-space:nowrap">PREVIOUS-MAIDEN
                  <a name="CareConnect-PDS-PersonNameType-1-PREVIOUS-MAIDEN"> </a>
               </td>
               <td>Maiden name</td>
               <td/>
            </tr>
         </table>
      </div>
  </text>
  <url value="https://hl7.org.uk/fhir/CodeSystem/CareConnect-PDS-PersonNameType-1"/>
  <version value="4.0.0"/>
  <name value="PDS Person Name Type"/>
  <status value="draft"/>
  <date value="2018-11-02T00:00:00+00:00"/>
  <publisher value="INTEROPen"/>
  <contact>
    <telecom>
      <system value="other"/>
      <value value="https://chat.fhir.org/#narrow/stream/179189-uk"/>
    </telecom>
  </contact>
  <description value="A code to identify the type of a name of a Person."/>
  <jurisdiction>
    <coding>
      <system value="http://unstats.un.org/unsd/methods/m49/m49.htm"/>
      <code value="826"/>
    </coding>
  </jurisdiction>
  <copyright value="Copyright &#xA9; 2016 HL7 UK"/>
  <caseSensitive value="true"/>
  <content value="complete"/>
  <concept>
    <code value="L"/>
    <display value="Usual (current) name"/>
  </concept>
  <concept>
    <code value="A"/>
    <display value="Alias name"/>
  </concept>
  <concept>
    <code value="PREFERRED"/>
    <display value="Preferred name"/>
  </concept>
  <concept>
    <code value="PREVIOUS"/>
    <display value="Other previous name"/>
  </concept>
  <concept>
    <code value="PREVIOUS-BACHELOR"/>
    <display value="Bachelor name"/>
  </concept>
  <concept>
    <code value="PREVIOUS-BIRTH"/>
    <display value="Birth name"/>
  </concept>
  <concept>
    <code value="PREVIOUS-MAIDEN"/>
    <display value="Maiden name"/>
  </concept>
</CodeSystem>