<?xml version="1.0" encoding="UTF-8"?>

<CodeSystem xmlns="http://hl7.org/fhir">
  <id value="CareConnect-PrescribedElsewhere-1"/>
  <text>
    <status value="generated"/><div xmlns="http://www.w3.org/1999/xhtml">
         <h2>Care Connect Prescribed Elsewhere</h2>
         <div>
            <p>A CodeSystem to identify the type of organisation/setting responsible for authorising and issuing medication outside of a GP system.</p> 
         </div>
         <p>
            <b>Copyright Statement:</b> Copyright © 2016 HL7 UK
         </p>
         <p>This code system https://hl7.org.uk/fhir/CodeSystem/CareConnect-PrescribedElsewhere-1 defines the following codes:</p>
         <table class="codes">
            <tr>
               <td style="white-space:nowrap">
                  <b>Code</b>
               </td>
               <td>
                  <b>Display</b>
               </td>
               <td>
                  <b>Definition</b>
               </td>
            </tr>
            <tr>
               <td style="white-space:nowrap">out-of-hours
                  <a name="CareConnect-PrescribedElsewhere-1-out-of-hours"> </a>
               </td>
               <td>Out of Hours</td>
               <td/>
            </tr>
            <tr>
               <td style="white-space:nowrap">hospital
                  <a name="CareConnect-PrescribedElsewhere-1-hospital"> </a>
               </td>
               <td>Hospital</td>
               <td/>
            </tr>
            <tr>
               <td style="white-space:nowrap">dental
                  <a name="CareConnect-PrescribedElsewhere-1-dental"> </a>
               </td>
               <td>Dental</td>
               <td/>
            </tr>
            <tr>
               <td style="white-space:nowrap">other-organisation
                  <a name="CareConnect-PrescribedElsewhere-1-other-organisation"> </a>
               </td>
               <td>Other Organisation</td>
               <td/>
            </tr>
            <tr>
               <td style="white-space:nowrap">hand-written
                  <a name="CareConnect-PrescribedElsewhere-1-hand-written"> </a>
               </td>
               <td>Hand Written</td>
               <td/>
            </tr>
            <tr>
               <td style="white-space:nowrap">self-prescribed
                  <a name="CareConnect-PrescribedElsewhere-1-self-prescribed"> </a>
               </td>
               <td>Self Prescribed</td>
               <td/>
            </tr>
            <tr>
               <td style="white-space:nowrap">private
                  <a name="CareConnect-PrescribedElsewhere-1-private"> </a>
               </td>
               <td>Private</td>
               <td/>
            </tr>
         </table>
      </div>
  </text>
  <url value="https://hl7.org.uk/fhir/CodeSystem/CareConnect-PrescribedElsewhere-1"/>
  <version value="4.0.0"/>
  <name value="Care Connect Prescribed Elsewhere"/>
  <status value="draft"/>
  <date value="2018-05-14T01:00:00+01:00"/>
  <publisher value="INTEROPen"/>
  <contact>
    <telecom>
      <system value="other"/>
      <value value="https://chat.fhir.org/#narrow/stream/179189-uk"/>
    </telecom>
  </contact>
  <description value="A CodeSystem to identify the type of organisation/setting responsible for authorising and issuing medication outside of a GP system."/>
  <jurisdiction>
    <coding>
      <system value="http://unstats.un.org/unsd/methods/m49/m49.htm"/>
      <code value="826"/>
    </coding>
  </jurisdiction>
  <copyright value="Copyright &#xA9; 2016 HL7 UK"/>
  <caseSensitive value="true"/>
  <content value="complete"/>
  <concept>
    <code value="out-of-hours"/>
    <display value="Out of Hours"/>
  </concept>
  <concept>
    <code value="hospital"/>
    <display value="Hospital"/>
  </concept>
  <concept>
    <code value="dental"/>
    <display value="Dental"/>
  </concept>
  <concept>
    <code value="other-organisation"/>
    <display value="Other Organisation"/>
  </concept>
  <concept>
    <code value="hand-written"/>
    <display value="Hand Written"/>
  </concept>
  <concept>
    <code value="self-prescribed"/>
    <display value="Self Prescribed"/>
  </concept>
  <concept>
    <code value="private"/>
    <display value="Private"/>
  </concept>
</CodeSystem>