<?xml version="1.0" encoding="UTF-8"?>

<ConceptMap xmlns="http://hl7.org/fhir">
  <id value="CareConnect-AllergySeverity-1"/>
  <text>
    <status value="generated"/><div xmlns="http://www.w3.org/1999/xhtml">
         <h2>Concept Map - Allergy Severity (https://hl7.org.uk/fhir/ConceptMap/CareConnect-AllergySeverity-1)</h2>
         <p>Mapping from 
            <a href="valueset-CareConnect-ReactionEventSeverity-1.html">https://hl7.org.uk/fhir/ValueSet/CareConnect-ReactionEventSeverity-1</a> to 
            <a href="valueset-CareConnect-AllergySeverity-1.html">https://hl7.org.uk/fhir/ValueSet/CareConnect-AllergySeverity-1</a>
         </p>
         <p>DRAFT. Published on 14 Nov 2018, 00:00:00 by INTEROpen (). Copyright © 2016 HL7 UK</p>
         <div>
            <p>A Concept Map from ValueSet Reaction Event Severity to Allergy Severity to aid interpretation.</p> 
         </div>
         <br/>
         <table class="grid">
            <tr>
               <td>
                  <b>Source Code</b>
               </td>
               <td>
                  <b>Relationship</b>
               </td>
               <td>
                  <b>Destination Code</b>
               </td>
            </tr>
            <tr>
               <td>mild</td>
               <td>equivalent</td>
               <td>255604002 (Mild)</td>
            </tr>
            <tr>
               <td>moderate</td>
               <td>equivalent</td>
               <td>6736007 (Moderate)</td>
            </tr>
            <tr>
               <td>severe</td>
               <td>equivalent</td>
               <td>24484000 (Severe)</td>
            </tr>
            <tr>
               <td>severe</td>
               <td>equivalent</td>
               <td>442452003 (Life threatening severity)</td>
            </tr>
         </table>
      </div>
  </text>
  <url value="https://hl7.org.uk/fhir/ConceptMap/CareConnect-AllergySeverity-1"/>
  <version value="4.0.0"/>
  <name value="Concept Map - Allergy Severity"/>
  <status value="draft"/>
  <date value="2018-11-14T00:00:00+00:00"/>
  <publisher value="INTEROPen"/>
  <contact>
    <telecom>
      <system value="other"/>
      <value value="https://chat.fhir.org/#narrow/stream/179189-uk"/>
    </telecom>
  </contact>
  <description value="A Concept Map from ValueSet Reaction Event Severity to Allergy Severity to aid interpretation."/>
  <jurisdiction>
    <coding>
      <system value="http://unstats.un.org/unsd/methods/m49/m49.htm"/>
      <code value="826"/>
    </coding>
  </jurisdiction>
  <copyright value="Copyright &#xA9; 2016 HL7 UK"/>
  <sourceUri value="https://hl7.org.uk/fhir/ValueSet/CareConnect-ReactionEventSeverity-1"/>
  <targetUri value="https://hl7.org.uk/fhir/ValueSet/CareConnect-AllergySeverity-1"/>
  <group>
    <source value="http://hl7.org/fhir/reaction-event-severity"/>
    <target value="http://snomed.info/sct"/>
    <element>
      <code value="mild"/>
      <display value="Mild"/>
      <target>
        <code value="255604002"/>
        <display value="Mild"/>
        <equivalence value="equivalent"/>
      </target>
    </element>
    <element>
      <code value="moderate"/>
      <display value="Moderate"/>
      <target>
        <code value="6736007"/>
        <display value="Moderate"/>
        <equivalence value="equivalent"/>
      </target>
    </element>
    <element>
      <code value="severe"/>
      <display value="Severe"/>
      <target>
        <code value="24484000"/>
        <display value="Severe"/>
        <equivalence value="equivalent"/>
      </target>
    </element>
    <element>
      <code value="severe"/>
      <display value="Severe"/>
      <target>
        <code value="442452003"/>
        <display value="Life threatening severity"/>
        <equivalence value="equivalent"/>
      </target>
    </element>
  </group>
</ConceptMap>