<?xml version="1.0" encoding="UTF-8"?>

<ConceptMap xmlns="http://hl7.org/fhir">
  <id value="ConditionEpisodicity-1"/>
  <text>
    <status value="generated"/><div xmlns="http://www.w3.org/1999/xhtml">
         <h2>Concept Map - Condition Episodicity (https://hl7.org.uk/fhir/ConceptMap/ConditionEpisodicity-1)</h2>
         <p>Mapping from 
            <a href="valueset-CareConnect-ConditionEpisodicity-1.html">https://hl7.org.uk/fhir/ValueSet/CareConnect-ConditionEpisodicity-1</a> to 
            <a href="valueset-CareConnect-ConditionEpisodeSnCT-1.html">https://hl7.org.uk/fhir/ValueSet/CareConnect-ConditionEpisodeSnCT-1</a>
         </p>
         <p>DRAFT. Published on 14 Nov 2018, 00:00:00 by INTEROpen (). Copyright © 2016 HL7 UK</p>
         <div>
            <p>A Concept Map from ValueSet Condition Episodicity Severity to equivalent Snomed CT codes</p> 
         </div>
         <br/>
         <table class="grid">
            <tr>
               <td>
                  <b>Source Code</b>
               </td>
               <td>
                  <b>Relationship</b>
               </td>
               <td>
                  <b>Destination Code</b>
               </td>
            </tr>
            <tr>
               <td>first</td>
               <td>equivalent</td>
               <td>255217005 (First episode)</td>
            </tr>
            <tr>
               <td>new</td>
               <td>equivalent</td>
               <td>288527008 (New episode)</td>
            </tr>
            <tr>
               <td>review</td>
               <td>equivalent</td>
               <td>303350001 (Ongoing episode)</td>
            </tr>
            <tr>
               <td>end</td>
               <td>equivalent</td>
               <td>272131007 (Old episode)</td>
            </tr>
         </table>
      </div>
  </text>
  <url value="https://hl7.org.uk/fhir/ConceptMap/ConditionEpisodicity-1"/>
  <version value="4.0.0"/>
  <name value="Concept Map - Condition Episodicity"/>
  <status value="draft"/>
  <date value="2018-11-14T00:00:00+00:00"/>
  <publisher value="INTEROPen"/>
  <contact>
    <telecom>
      <system value="other"/>
      <value value="https://chat.fhir.org/#narrow/stream/179189-uk"/>
    </telecom>
  </contact>
  <description value="A Concept Map from ValueSet Condition Episodicity Severity to equivalent Snomed CT codes"/>
  <jurisdiction>
    <coding>
      <system value="http://unstats.un.org/unsd/methods/m49/m49.htm"/>
      <code value="826"/>
    </coding>
  </jurisdiction>
  <copyright value="Copyright &#xA9; 2016 HL7 UK"/>
  <sourceUri value="https://hl7.org.uk/fhir/ValueSet/CareConnect-ConditionEpisodicity-1"/>
  <targetUri value="https://hl7.org.uk/fhir/ValueSet/CareConnect-ConditionEpisodeSnCT-1"/>
  <group>
    <source value="https://hl7.org.uk/fhir/CodeSystem/CareConnect-ConditionEpisodicity-1"/>
    <target value="http://snomed.info/sct"/>
    <element>
      <code value="first"/>
      <display value="First"/>
      <target>
        <code value="255217005"/>
        <display value="First episode"/>
        <equivalence value="equivalent"/>
      </target>
    </element>
    <element>
      <code value="new"/>
      <display value="New"/>
      <target>
        <code value="288527008"/>
        <display value="New episode"/>
        <equivalence value="equivalent"/>
      </target>
    </element>
    <element>
      <code value="review"/>
      <display value="Review"/>
      <target>
        <code value="303350001"/>
        <display value="Ongoing episode"/>
        <equivalence value="equivalent"/>
      </target>
    </element>
    <element>
      <code value="end"/>
      <display value="End"/>
      <target>
        <code value="272131007"/>
        <display value="Old episode"/>
        <equivalence value="equivalent"/>
      </target>
    </element>
  </group>
</ConceptMap>