<?xml version="1.0" encoding="UTF-8"?>

<Location xmlns="http://hl7.org/fhir">
  <id value="location-200014"/>
  <meta>
    <lastUpdated value="2018-10-18T16:04:38.978+00:00"/>
    <profile value="https://fhir.hl7.org.uk/STU3/StructureDefinition/CareConnect-Location-1"/>
  </meta>
  <text>
    <status value="generated"/><div xmlns="http://www.w3.org/1999/xhtml"><p><b>Generated Narrative with Details</b></p><p><b>id</b>: location-200014</p><p><b>meta</b>: </p><p><b>identifier</b>: RC8-EDP</p><p><b>name</b>: Pinderfields: Emergency Department</p><p><b>type</b>: Emergency trauma unit <span style="background: LightGoldenRodYellow">(Details : {http://hl7.org/fhir/v3/RoleCode code 'ETU' = 'ETU', given as 'Emergency trauma unit'})</span></p><p><b>telecom</b>: ph: airwave-87351940(MOBILE)</p><h3>Positions</h3><table class="grid"><tr><td>-</td><td><b>Longitude</b></td><td><b>Latitude</b></td></tr><tr><td>*</td><td>-1.4885550000</td><td>53.6924180000</td></tr></table><p><b>managingOrganization</b>: <a href="{{[id]}}.html">Mid Yorkshire Hospitals Nhs Trust. Generated Summary: id: organization-200001; RC8; name: North Riding NHS Trust</a></p></div>
  </text>
  <identifier>
    <system value="https://fhir.yas.nhs.uk/Location/Identifier"/>
    <value value="RC8-EDP"/>
  </identifier>
  <name value="Pinderfields: Emergency Department"/>
  <type>
    <coding>
      <system value="http://hl7.org/fhir/v3/RoleCode"/>
      <code value="ETU"/>
      <display value="Emergency trauma unit"/>
    </coding>
  </type>
  <telecom>
    <system value="phone"/>
    <value value="airwave-87351940"/>
    <use value="mobile"/>
  </telecom>
  <position>
    <longitude value="-1.4885550000"/>
    <latitude value="53.6924180000"/>
  </position>
  <managingOrganization>
    <reference value="Organization/organization-200001"/>
    <display value="Mid Yorkshire Hospitals Nhs Trust"/>
  </managingOrganization>
</Location>