<?xml version="1.0" encoding="UTF-8"?>

<Observation xmlns="http://hl7.org/fhir">
  <id value="observation-9084"/>
  <meta>
    <lastUpdated value="2018-09-14T08:44:09.570+00:00"/>
    <profile value="https://fhir.hl7.org.uk/STU3/StructureDefinition/CareConnect-Observation-1"/>
  </meta>
  <text>
    <status value="generated"/><div xmlns="http://www.w3.org/1999/xhtml"><p><b>Generated Narrative with Details</b></p><p><b>id</b>: observation-9084</p><p><b>meta</b>: </p><p><b>identifier</b>: CD20170922173803</p><p><b>status</b>: final</p><p><b>category</b>: Cardiovascular observable <span style="background: LightGoldenRodYellow">(Details : {http://hl7.org/fhir/observation-category code 'vital-signs' = 'vital-signs', given as 'Vital Signs'})</span></p><p><b>code</b>: Heart rate <span style="background: LightGoldenRodYellow">(Details : {SNOMED CT code '364075005' = 'Heart rate', given as 'Heart rate'})</span></p><p><b>subject</b>: <a href="{{[id]}}.html">Ms Bernie Kanfeld. Generated Summary: id: patient-1; 9876543210, ABC8650149; Bernie Kanfeld (OFFICIAL); ph: 0115 9737320(HOME), bernie.kanfeld@nhsdigital.nhs.uk(HOME); gender: female; birthDate: 1998-03-19; <span title="Codes: {http://hl7.org/fhir/v3/MaritalStatus S}">Never Married</span></a></p><p><b>effective</b>: 22 Sep 2017, 18:38:03</p><p><b>performer</b>: <a href="{{[id]}}.html">Dr Bhatia. Generated Summary: id: practitioner-4; G8133438; active; AA Bhatia ; abhatia@nhs.skynet(WORK), ph: 0115 9737320(WORK); gender: male</a></p><p><b>value</b>: 98.00 /min<span style="background: LightGoldenRodYellow"> (Details: UCUM code /min = '/min')</span></p></div>
  </text>
  <identifier>
    <system value="https://fhir.health.phr.example.com/Id/observation"/>
    <value value="CD20170922173803"/>
  </identifier>
  <status value="final"/>
  <category>
    <coding>
      <system value="http://hl7.org/fhir/observation-category"/>
      <code value="vital-signs"/>
      <display value="Vital Signs"/>
    </coding>
    <text value="Cardiovascular observable"/>
  </category>
  <code>
    <coding>
      <system value="http://snomed.info/sct"/>
      <code value="364075005"/>
      <display value="Heart rate"/>
    </coding>
    <text value="Heart rate"/>
  </code>
  <subject>
    <reference value="Patient/patient-1"/>
    <display value="Ms Bernie Kanfeld"/>
  </subject>
  <effectiveDateTime value="2017-09-22T17:38:03+00:00"/>
  <performer>
    <reference value="Practitioner/practitioner-4"/>
    <display value="Dr Bhatia"/>
  </performer>
  <valueQuantity>
    <value value="98.00"/>
    <unit value="/min"/>
    <system value="http://unitsofmeasure.org"/>
    <code value="/min"/>
  </valueQuantity>
</Observation>