<?xml version="1.0" encoding="UTF-8"?>

<Patient xmlns="http://hl7.org/fhir">
  <id value="patient-1"/>
  <meta>
    <lastUpdated value="2019-11-24T06:25:11.715+00:00"/>
    <profile value="https://fhir.hl7.org.uk/STU3/StructureDefinition/CareConnect-Patient-1"/>
  </meta>
  <text>
    <status value="generated"/><div xmlns="http://www.w3.org/1999/xhtml"><p><b>Generated Narrative with Details</b></p><p><b>id</b>: patient-1</p><p><b>meta</b>: </p><p><b>identifier</b>: 9876543210, ABC8650149</p><p><b>name</b>: Bernie Kanfeld (OFFICIAL)</p><p><b>telecom</b>: ph: 0115 9737320(HOME), bernie.kanfeld@nhsdigital.nhs.uk(HOME)</p><p><b>gender</b>: female</p><p><b>birthDate</b>: 1998-03-19</p><p><b>address</b>: Field Jardin Long Eaton Nottingham NG10 1ZZ (WORK)</p><p><b>maritalStatus</b>: Never Married <span style="background: LightGoldenRodYellow">(Details : {http://hl7.org/fhir/v3/MaritalStatus code 'S' = 'S', given as 'Never Married'})</span></p><p><b>generalPractitioner</b>: <a href="{{[id]}}.html">Dr. AA Bhatia. Generated Summary: id: practitioner-4; G8133438; active; AA Bhatia ; abhatia@nhs.skynet(WORK), ph: 0115 9737320(WORK); gender: male</a></p><p><b>managingOrganization</b>: <a href="{{[id]}}.html">The Moir Medical Centre. Generated Summary: id: organization-2; C81010; active; name: The Moir Medical Centre; ph: 0115 9737320(WORK)</a></p></div>
  </text>
  <extension url="https://fhir.hl7.org.uk/STU3/StructureDefinition/Extension-CareConnect-EthnicCategory-1">
    <valueCodeableConcept>
      <coding>
        <system value="https://fhir.hl7.org.uk/STU3/CodeSystem/CareConnect-EthnicCategory-1"/>
        <code value="A"/>
        <display value="British, Mixed British"/>
      </coding>
    </valueCodeableConcept>
  </extension>
  <identifier>
    <extension url="https://fhir.hl7.org.uk/STU3/StructureDefinition/Extension-CareConnect-NHSNumberVerificationStatus-1">
      <valueCodeableConcept>
        <coding>
          <system value="https://fhir.hl7.org.uk/STU3/CodeSystem/CareConnect-NHSNumberVerificationStatus-1"/>
          <code value="01"/>
          <display value="Number present and verified"/>
        </coding>
      </valueCodeableConcept>
    </extension>
    <system value="https://fhir.nhs.uk/Id/nhs-number"/>
    <value value="9876543210"/>
  </identifier>
  <identifier>
    <system value="https://fhir.leedsth.nhs.uk/Id/pas-number"/>
    <value value="ABC8650149"/>
  </identifier>
  <name>
    <use value="official"/>
    <family value="Kanfeld"/>
    <given value="Bernie"/>
    <prefix value="Miss"/>
  </name>
  <telecom>
    <system value="phone"/>
    <value value="0115 9737320"/>
    <use value="home"/>
  </telecom>
  <telecom>
    <system value="email"/>
    <value value="bernie.kanfeld@nhsdigital.nhs.uk"/>
    <use value="home"/>
  </telecom>
  <gender value="female"/>
  <birthDate value="1998-03-19"/>
  <address>
    <use value="work"/>
    <line value="Field Jardin"/>
    <line value="Long Eaton"/>
    <city value="Nottingham"/>
    <district value="Derbyshire"/>
    <postalCode value="NG10 1ZZ"/>
  </address>
  <maritalStatus>
    <coding>
      <system value="http://hl7.org/fhir/v3/MaritalStatus"/>
      <code value="S"/>
      <display value="Never Married"/>
    </coding>
  </maritalStatus>
  <generalPractitioner>
    <reference value="Practitioner/practitioner-4"/>
    <display value="Dr. AA Bhatia"/>
  </generalPractitioner>
  <managingOrganization>
    <reference value="Organization/organization-2"/>
    <display value="The Moir Medical Centre"/>
  </managingOrganization>
</Patient>