<?xml version="1.0" encoding="UTF-8"?>

<StructureDefinition xmlns="http://hl7.org/fhir">
  <id value="CareConnect-Location-1"/>
  <meta>
    <lastUpdated value="2018-02-05T14:49:28.409+00:00"/>
  </meta>
  <text>
    <status value="generated"/><div xmlns="http://www.w3.org/1999/xhtml">
         <table border="0" cellpadding="0" cellspacing="0" style="border: 0px #F0F0F0 solid; font-size: 11px; font-family: verdana; vertical-align: top;">
            <tr style="border: 1px #F0F0F0 solid; font-size: 11px; font-family: verdana; vertical-align: top;">
               <th style="vertical-align: top; text-align : left; background-color: white; border: 0px #F0F0F0 solid; padding:0px 4px 0px 4px" class="hierarchy">
                  <a href="http://hl7.org/fhir/STU3/formats.html#table" title="The logical name of the element">Name</a>
               </th>
               <th style="vertical-align: top; text-align : left; background-color: white; border: 0px #F0F0F0 solid; padding:0px 4px 0px 4px" class="hierarchy">
                  <a href="http://hl7.org/fhir/STU3/formats.html#table" title="Information about the use of the element">Flags</a>
               </th>
               <th style="vertical-align: top; text-align : left; background-color: white; border: 0px #F0F0F0 solid; padding:0px 4px 0px 4px" class="hierarchy">
                  <a href="http://hl7.org/fhir/STU3/formats.html#table" title="Minimum and Maximum # of times the the element can appear in the instance">Card.</a>
               </th>
               <th style="width: 100px" class="hierarchy">
                  <a href="http://hl7.org/fhir/STU3/formats.html#table" title="Reference to the type of the element">Type</a>
               </th>
               <th style="vertical-align: top; text-align : left; background-color: white; border: 0px #F0F0F0 solid; padding:0px 4px 0px 4px" class="hierarchy">
                  <a href="http://hl7.org/fhir/STU3/formats.html#table" title="Additional information about the element">Description &amp; Constraints</a>
                  <span style="float: right">
                     <a href="http://hl7.org/fhir/STU3/formats.html#table" title="Legend for this format">
                        <img src="http://hl7.org/fhir/STU3/help16.png" alt="doco" style="background-color: inherit"/>
                     </a>
                  </span>
               </th>
            </tr>
            <tr style="border: 0px #F0F0F0 solid; padding:0px; vertical-align: top; background-color: white;">
               <td style="vertical-align: top; text-align : left; background-color: white; border: 0px #F0F0F0 solid; padding:0px 4px 0px 4px; white-space: nowrap; background-image: url(tbl_bck1.png)" class="hierarchy">
                  <img src="tbl_spacer.png" alt="." style="background-color: inherit" class="hierarchy"/>
                  <img src="icon_element.gif" alt="." style="background-color: white; background-color: inherit" title="Element" class="hierarchy"/> 
                  <a href="{{[id]}}-definitions.html#Location" title="null">Location</a>
                  <a name="Location"> </a>
               </td>
               <td style="vertical-align: top; text-align : left; background-color: white; border: 0px #F0F0F0 solid; padding:0px 4px 0px 4px" class="hierarchy"/>
               <td style="vertical-align: top; text-align : left; background-color: white; border: 0px #F0F0F0 solid; padding:0px 4px 0px 4px" class="hierarchy"/>
               <td style="vertical-align: top; text-align : left; background-color: white; border: 0px #F0F0F0 solid; padding:0px 4px 0px 4px" class="hierarchy"/>
               <td style="vertical-align: top; text-align : left; background-color: white; border: 0px #F0F0F0 solid; padding:0px 4px 0px 4px" class="hierarchy"/>
            </tr> 
            <tr style="border: 0px #F0F0F0 solid; padding:0px; vertical-align: top; background-color: #F7F7F7;">
               <td style="vertical-align: top; text-align : left; background-color: #F7F7F7; border: 0px #F0F0F0 solid; padding:0px 4px 0px 4px; white-space: nowrap; background-image: url(tbl_bck13.png)" class="hierarchy">
                  <img src="tbl_spacer.png" alt="." style="background-color: inherit" class="hierarchy"/>
                  <img src="tbl_vjoin.png" alt="." style="background-color: inherit" class="hierarchy"/>
                  <img src="icon_slice.png" alt="." style="background-color: #F7F7F7; background-color: inherit" title="Slice Definition" class="hierarchy"/> 
                  <a style="font-style: italic" href="{{[id]}}-definitions.html#Location.identifier" title="null">identifier</a>
                  <a name="Location.identifier"> </a>
               </td>
               <td style="vertical-align: top; text-align : left; background-color: #F7F7F7; border: 0px #F0F0F0 solid; padding:0px 4px 0px 4px" class="hierarchy"/>
               <td style="vertical-align: top; text-align : left; background-color: #F7F7F7; border: 0px #F0F0F0 solid; padding:0px 4px 0px 4px" class="hierarchy">
                  <span style="font-style: italic"/>
                  <span style="opacity: 0.4; font-style: italic">0</span>
                  <span style="opacity: 0.5; font-style: italic">..</span>
                  <span style="opacity: 0.4; font-style: italic">*</span>
               </td>
               <td style="vertical-align: top; text-align : left; background-color: #F7F7F7; border: 0px #F0F0F0 solid; padding:0px 4px 0px 4px" class="hierarchy">
                  <a style="font-style: italic" href="http://hl7.org/fhir/STU3/profiling.html#slicing">(Slice Definition)</a>
               </td>
               <td style="vertical-align: top; text-align : left; background-color: #F7F7F7; border: 0px #F0F0F0 solid; padding:0px 4px 0px 4px" class="hierarchy">
                  <span style="font-weight:bold; font-style: italic">Slice: </span>
                  <span style="font-style: italic">Unordered, Open At End by value:system</span>
               </td>
            </tr> 
            <tr style="border: 0px #F0F0F0 solid; padding:0px; vertical-align: top; background-color: white;">
               <td style="vertical-align: top; text-align : left; background-color: white; border: 0px #F0F0F0 solid; padding:0px 4px 0px 4px; white-space: nowrap; background-image: url(tbl_bck125.png)" class="hierarchy">
                  <img src="tbl_spacer.png" alt="." style="background-color: inherit" class="hierarchy"/>
                  <img src="tbl_vline.png" alt="." style="background-color: inherit" class="hierarchy"/>
                  <img src="tbl_vjoin_end_slicer.png" alt="." style="background-color: inherit" class="hierarchy"/>
                  <img src="icon_slice_item.png" alt="." style="background-color: white; background-color: inherit" title="Slice Item" class="hierarchy"/> 
                  <a href="{{[id]}}-definitions.html#Location.identifier:odsSiteCode" title="Slice odsSiteCode: ODS Site code to identify the organisation at site level.">identifier:odsSiteCode</a>
                  <a name="Location.identifier"> </a>
               </td>
               <td style="vertical-align: top; text-align : left; background-color: white; border: 0px #F0F0F0 solid; padding:0px 4px 0px 4px" class="hierarchy"/>
               <td style="vertical-align: top; text-align : left; background-color: white; border: 0px #F0F0F0 solid; padding:0px 4px 0px 4px" class="hierarchy">
                  <span style="opacity: 0.4">0</span>..
                  <span style="opacity: 0.4">1</span>
               </td>
               <td style="vertical-align: top; text-align : left; background-color: white; border: 0px #F0F0F0 solid; padding:0px 4px 0px 4px" class="hierarchy">
                  <a style="opacity: 0.4" href="http://hl7.org/fhir/STU3/datatypes.html#Identifier">Identifier</a>
               </td>
               <td style="vertical-align: top; text-align : left; background-color: white; border: 0px #F0F0F0 solid; padding:0px 4px 0px 4px" class="hierarchy">ODS Site code to identify the organisation at site level</td>
            </tr> 
            <tr style="border: 0px #F0F0F0 solid; padding:0px; vertical-align: top; background-color: #F7F7F7;">
               <td style="vertical-align: top; text-align : left; background-color: #F7F7F7; border: 0px #F0F0F0 solid; padding:0px 4px 0px 4px; white-space: nowrap; background-image: url(tbl_bck1250.png)" class="hierarchy">
                  <img src="tbl_spacer.png" alt="." style="background-color: inherit" class="hierarchy"/>
                  <img src="tbl_vline.png" alt="." style="background-color: inherit" class="hierarchy"/>
                  <img src="tbl_blank.png" alt="." style="background-color: inherit" class="hierarchy"/>
                  <img src="tbl_vjoin_slice.png" alt="." style="background-color: inherit" class="hierarchy"/>
                  <img src="icon_element.gif" alt="." style="background-color: #F7F7F7; background-color: inherit" title="Element" class="hierarchy"/> 
                  <a href="{{[id]}}-definitions.html#Location.identifier:odsSiteCode.system" title="null">system</a>
                  <a name="Location.identifier.system"> </a>
               </td>
               <td style="vertical-align: top; text-align : left; background-color: #F7F7F7; border: 0px #F0F0F0 solid; padding:0px 4px 0px 4px" class="hierarchy"/>
               <td style="vertical-align: top; text-align : left; background-color: #F7F7F7; border: 0px #F0F0F0 solid; padding:0px 4px 0px 4px" class="hierarchy">1..1</td>
               <td style="vertical-align: top; text-align : left; background-color: #F7F7F7; border: 0px #F0F0F0 solid; padding:0px 4px 0px 4px" class="hierarchy">
                  <a style="opacity: 0.4" href="http://hl7.org/fhir/STU3/datatypes.html#uri">uri</a>
               </td>
               <td style="vertical-align: top; text-align : left; background-color: #F7F7F7; border: 0px #F0F0F0 solid; padding:0px 4px 0px 4px" class="hierarchy">ODS Code
                  <br/>
                  <span style="font-weight:bold">Fixed Value: </span>
                  <span style="color: darkgreen">https://fhir.nhs.uk/Id/ods-site-code</span>
               </td>
            </tr> 
            <tr style="border: 0px #F0F0F0 solid; padding:0px; vertical-align: top; background-color: white;">
               <td style="vertical-align: top; text-align : left; background-color: white; border: 0px #F0F0F0 solid; padding:0px 4px 0px 4px; white-space: nowrap; background-image: url(tbl_bck1250.png)" class="hierarchy">
                  <img src="tbl_spacer.png" alt="." style="background-color: inherit" class="hierarchy"/>
                  <img src="tbl_vline.png" alt="." style="background-color: inherit" class="hierarchy"/>
                  <img src="tbl_blank.png" alt="." style="background-color: inherit" class="hierarchy"/>
                  <img src="tbl_vjoin_slice.png" alt="." style="background-color: inherit" class="hierarchy"/>
                  <img src="icon_element.gif" alt="." style="background-color: white; background-color: inherit" title="Element" class="hierarchy"/> 
                  <a href="{{[id]}}-definitions.html#Location.identifier:odsSiteCode.value" title="null">value</a>
                  <a name="Location.identifier.value"> </a>
               </td>
               <td style="vertical-align: top; text-align : left; background-color: white; border: 0px #F0F0F0 solid; padding:0px 4px 0px 4px" class="hierarchy"/>
               <td style="vertical-align: top; text-align : left; background-color: white; border: 0px #F0F0F0 solid; padding:0px 4px 0px 4px" class="hierarchy">1..1</td>
               <td style="vertical-align: top; text-align : left; background-color: white; border: 0px #F0F0F0 solid; padding:0px 4px 0px 4px" class="hierarchy">
                  <a style="opacity: 0.4" href="http://hl7.org/fhir/STU3/datatypes.html#string">string</a>
               </td>
               <td style="vertical-align: top; text-align : left; background-color: white; border: 0px #F0F0F0 solid; padding:0px 4px 0px 4px" class="hierarchy">The ODS Site code name, to reflect the code used</td>
            </tr> 
            <tr style="border: 0px #F0F0F0 solid; padding:0px; vertical-align: top; background-color: #F7F7F7;">
               <td style="vertical-align: top; text-align : left; background-color: #F7F7F7; border: 0px #F0F0F0 solid; padding:0px 4px 0px 4px; white-space: nowrap; background-image: url(tbl_bck1240.png)" class="hierarchy">
                  <img src="tbl_spacer.png" alt="." style="background-color: inherit" class="hierarchy"/>
                  <img src="tbl_vline.png" alt="." style="background-color: inherit" class="hierarchy"/>
                  <img src="tbl_blank.png" alt="." style="background-color: inherit" class="hierarchy"/>
                  <img src="tbl_vjoin_end_slice.png" alt="." style="background-color: inherit" class="hierarchy"/>
                  <img src="icon_reference.png" alt="." style="background-color: #F7F7F7; background-color: inherit" title="Reference to another Resource" class="hierarchy"/> 
                  <a href="{{[id]}}-definitions.html#Location.identifier:odsSiteCode.assigner" title="null">assigner</a>
                  <a name="Location.identifier.assigner"> </a>
               </td>
               <td style="vertical-align: top; text-align : left; background-color: #F7F7F7; border: 0px #F0F0F0 solid; padding:0px 4px 0px 4px" class="hierarchy"/>
               <td style="vertical-align: top; text-align : left; background-color: #F7F7F7; border: 0px #F0F0F0 solid; padding:0px 4px 0px 4px" class="hierarchy">
                  <span style="opacity: 0.4">0</span>
                  <span style="opacity: 0.5">..</span>
                  <span style="opacity: 0.4">1</span>
               </td>
               <td style="vertical-align: top; text-align : left; background-color: #F7F7F7; border: 0px #F0F0F0 solid; padding:0px 4px 0px 4px" class="hierarchy">
                  <a href="http://hl7.org/fhir/STU3/references.html">Reference</a>(
                  <a href="CareConnect-Organization-1.html">CareConnect-Organization-1</a>)
               </td>
               <td style="vertical-align: top; text-align : left; background-color: #F7F7F7; border: 0px #F0F0F0 solid; padding:0px 4px 0px 4px" class="hierarchy"/>
            </tr> 
            <tr style="border: 0px #F0F0F0 solid; padding:0px; vertical-align: top; background-color: white;">
               <td style="vertical-align: top; text-align : left; background-color: white; border: 0px #F0F0F0 solid; padding:0px 4px 0px 4px; white-space: nowrap; background-image: url(tbl_bck10.png)" class="hierarchy">
                  <img src="tbl_spacer.png" alt="." style="background-color: inherit" class="hierarchy"/>
                  <img src="tbl_vjoin.png" alt="." style="background-color: inherit" class="hierarchy"/>
                  <img src="icon_reference.png" alt="." style="background-color: white; background-color: inherit" title="Reference to another Resource" class="hierarchy"/> 
                  <a href="{{[id]}}-definitions.html#Location.managingOrganization" title="null">managingOrganization</a>
                  <a name="Location.managingOrganization"> </a>
               </td>
               <td style="vertical-align: top; text-align : left; background-color: white; border: 0px #F0F0F0 solid; padding:0px 4px 0px 4px" class="hierarchy"/>
               <td style="vertical-align: top; text-align : left; background-color: white; border: 0px #F0F0F0 solid; padding:0px 4px 0px 4px" class="hierarchy">
                  <span style="opacity: 0.4">0</span>
                  <span style="opacity: 0.5">..</span>
                  <span style="opacity: 0.4">1</span>
               </td>
               <td style="vertical-align: top; text-align : left; background-color: white; border: 0px #F0F0F0 solid; padding:0px 4px 0px 4px" class="hierarchy">
                  <a href="http://hl7.org/fhir/STU3/references.html">Reference</a>(
                  <a href="CareConnect-Organization-1.html">CareConnect-Organization-1</a>)
               </td>
               <td style="vertical-align: top; text-align : left; background-color: white; border: 0px #F0F0F0 solid; padding:0px 4px 0px 4px" class="hierarchy"/>
            </tr> 
            <tr style="border: 0px #F0F0F0 solid; padding:0px; vertical-align: top; background-color: #F7F7F7;">
               <td style="vertical-align: top; text-align : left; background-color: #F7F7F7; border: 0px #F0F0F0 solid; padding:0px 4px 0px 4px; white-space: nowrap; background-image: url(tbl_bck00.png)" class="hierarchy">
                  <img src="tbl_spacer.png" alt="." style="background-color: inherit" class="hierarchy"/>
                  <img src="tbl_vjoin_end.png" alt="." style="background-color: inherit" class="hierarchy"/>
                  <img src="icon_reference.png" alt="." style="background-color: #F7F7F7; background-color: inherit" title="Reference to another Resource" class="hierarchy"/> 
                  <a href="{{[id]}}-definitions.html#Location.partOf" title="null">partOf</a>
                  <a name="Location.partOf"> </a>
               </td>
               <td style="vertical-align: top; text-align : left; background-color: #F7F7F7; border: 0px #F0F0F0 solid; padding:0px 4px 0px 4px" class="hierarchy"/>
               <td style="vertical-align: top; text-align : left; background-color: #F7F7F7; border: 0px #F0F0F0 solid; padding:0px 4px 0px 4px" class="hierarchy">
                  <span style="opacity: 0.4">0</span>
                  <span style="opacity: 0.5">..</span>
                  <span style="opacity: 0.4">1</span>
               </td>
               <td style="vertical-align: top; text-align : left; background-color: #F7F7F7; border: 0px #F0F0F0 solid; padding:0px 4px 0px 4px" class="hierarchy">
                  <a href="http://hl7.org/fhir/STU3/references.html">Reference</a>(
                  <a href="CareConnect-Location-1.html">CareConnect-Location-1</a>)
               </td>
               <td style="vertical-align: top; text-align : left; background-color: #F7F7F7; border: 0px #F0F0F0 solid; padding:0px 4px 0px 4px" class="hierarchy"/>
            </tr> 
            <tr>
               <td colspan="5" class="hierarchy">
                  <br/>
                  <a href="http://hl7.org/fhir/STU3/formats.html#table" title="Legend for this format">
                     <img src="http://hl7.org/fhir/STU3/help16.png" alt="doco" style="background-color: inherit"/> Documentation for this format
                  </a>
               </td>
            </tr>
         </table>
      </div>
  </text>
  <extension url="http://hl7.org/fhir/StructureDefinition/structuredefinition-wg">
    <valueCode value="pa"/>
  </extension>
  <url value="https://hl7.org.uk/fhir/StructureDefinition/CareConnect-Location-1"/>
  <version value="4.0.0"/>
  <name value="CareConnect-Location-1"/>
  <status value="draft"/>
  <date value="2018-11-05T00:00:00+00:00"/>
  <publisher value="INTEROPen"/>
  <contact>
    <telecom>
      <system value="other"/>
      <value value="https://chat.fhir.org/#narrow/stream/179189-uk"/>
    </telecom>
  </contact>
  <description value="The Location resource provides information and details on the physical location and the services provided."/>
  <jurisdiction>
    <coding>
      <system value="http://unstats.un.org/unsd/methods/m49/m49.htm"/>
      <code value="826"/>
    </coding>
  </jurisdiction>
  <purpose value="CURATED BY INTEROPen see: http://www.interopen.org/careconnect-curation-methodology/"/>
  <copyright value="Copyright &#xA9; 2016 HL7 UK  Licensed under the Apache License, Version 2.0 (the &quot;License&quot;); you may not use this file except in compliance with the License. You may obtain a copy of the License at  http://www.apache.org/licenses/LICENSE-2.0  Unless required by applicable law or agreed to in writing, software distributed under the License is distributed on an &quot;AS IS&quot; BASIS, WITHOUT WARRANTIES OR CONDITIONS OF ANY KIND, either express or implied. See the License for the specific language governing permissions and limitations under the License.  HL7&#xAE; FHIR&#xAE; standard Copyright &#xA9; 2011+ HL7  The HL7&#xAE; FHIR&#xAE; standard is used under the FHIR license. You may obtain a copy of the FHIR license at  https://www.hl7.org/fhir/license.html"/>
  <fhirVersion value="3.0.2"/>
  <mapping>
    <identity value="rim"/>
    <uri value="http://hl7.org/v3"/>
    <name value="RIM Mapping"/>
  </mapping>
  <mapping>
    <identity value="w5"/>
    <uri value="http://hl7.org/fhir/w5"/>
    <name value="W5 Mapping"/>
  </mapping>
  <kind value="resource"/>
  <abstract value="false"/>
  <type value="Location"/>
  <baseDefinition value="http://hl7.org/fhir/StructureDefinition/Location"/>
  <derivation value="constraint"/>
  <snapshot>
    <element id="Location">
      <path value="Location"/>
      <short value="Details and position information for a physical place"/>
      <definition value="Details and position information for a physical place where services are provided  and resources and participants may be stored, found, contained or accommodated."/>
      <min value="0"/>
      <max value="*"/>
      <base>
        <path value="Location"/>
        <min value="0"/>
        <max value="*"/>
      </base>
      <constraint>
        <key value="dom-2"/>
        <severity value="error"/>
        <human value="If the resource is contained in another resource, it SHALL NOT contain nested Resources"/>
        <expression value="contained.contained.empty()"/>
        <xpath value="not(parent::f:contained and f:contained)"/>
        <source value="DomainResource"/>
      </constraint>
      <constraint>
        <key value="dom-1"/>
        <severity value="error"/>
        <human value="If the resource is contained in another resource, it SHALL NOT contain any narrative"/>
        <expression value="contained.text.empty()"/>
        <xpath value="not(parent::f:contained and f:text)"/>
        <source value="DomainResource"/>
      </constraint>
      <constraint>
        <key value="dom-4"/>
        <severity value="error"/>
        <human value="If a resource is contained in another resource, it SHALL NOT have a meta.versionId or a meta.lastUpdated"/>
        <expression value="contained.meta.versionId.empty() and contained.meta.lastUpdated.empty()"/>
        <xpath value="not(exists(f:contained/*/f:meta/f:versionId)) and not(exists(f:contained/*/f:meta/f:lastUpdated))"/>
        <source value="DomainResource"/>
      </constraint>
      <constraint>
        <key value="dom-3"/>
        <severity value="error"/>
        <human value="If the resource is contained in another resource, it SHALL be referred to from elsewhere in the resource"/>
        <expression value="contained.where((&#39;#&#39;+id in %resource.descendants().reference).not()).empty()"/>
        <xpath value="not(exists(for $id in f:contained/*/@id return $id[not(ancestor::f:contained/parent::*/descendant::f:reference/@value=concat(&#39;#&#39;, $id))]))"/>
        <source value="DomainResource"/>
      </constraint>
      <mapping>
        <identity value="rim"/>
        <map value="Entity. Role, or Act"/>
      </mapping>
      <mapping>
        <identity value="rim"/>
        <map value=".Role[classCode=SDLC]"/>
      </mapping>
      <mapping>
        <identity value="w5"/>
        <map value="administrative.entity"/>
      </mapping>
    </element>
    <element id="Location.id">
      <path value="Location.id"/>
      <short value="Logical id of this artifact"/>
      <definition value="The logical id of the resource, as used in the URL for the resource. Once assigned, this value never changes."/>
      <comment value="The only time that a resource does not have an id is when it is being submitted to the server using a create operation."/>
      <min value="0"/>
      <max value="1"/>
      <base>
        <path value="Resource.id"/>
        <min value="0"/>
        <max value="1"/>
      </base>
      <type>
        <code value="id"/>
      </type>
      <isSummary value="true"/>
    </element>
    <element id="Location.meta">
      <path value="Location.meta"/>
      <short value="Metadata about the resource"/>
      <definition value="The metadata about the resource. This is content that is maintained by the infrastructure. Changes to the content may not always be associated with version changes to the resource."/>
      <min value="0"/>
      <max value="1"/>
      <base>
        <path value="Resource.meta"/>
        <min value="0"/>
        <max value="1"/>
      </base>
      <type>
        <code value="Meta"/>
      </type>
      <isSummary value="true"/>
    </element>
    <element id="Location.implicitRules">
      <path value="Location.implicitRules"/>
      <short value="A set of rules under which this content was created"/>
      <definition value="A reference to a set of rules that were followed when the resource was constructed, and which must be understood when processing the content."/>
      <comment value="Asserting this rule set restricts the content to be only understood by a limited set of trading partners. This inherently limits the usefulness of the data in the long term. However, the existing health eco-system is highly fractured, and not yet ready to define, collect, and exchange data in a generally computable sense. Wherever possible, implementers and/or specification writers should avoid using this element.   This element is labelled as a modifier because the implicit rules may provide additional knowledge about the resource that modifies it&#39;s meaning or interpretation."/>
      <min value="0"/>
      <max value="1"/>
      <base>
        <path value="Resource.implicitRules"/>
        <min value="0"/>
        <max value="1"/>
      </base>
      <type>
        <code value="uri"/>
      </type>
      <isModifier value="true"/>
      <isModifierReason value="No Modifier Reason provideed in previous versions of FHIR"/>
      <isSummary value="true"/>
    </element>
    <element id="Location.language">
      <path value="Location.language"/>
      <short value="Language of the resource content"/>
      <definition value="The base language in which the resource is written."/>
      <comment value="Language is provided to support indexing and accessibility (typically, services such as text to speech use the language tag). The html language tag in the narrative applies  to the narrative. The language tag on the resource may be used to specify the language of other presentations generated from the data in the resource  Not all the content has to be in the base language. The Resource.language should not be assumed to apply to the narrative automatically. If a language is specified, it should it also be specified on the div element in the html (see rules in HTML5 for information about the relationship between xml:lang and the html lang attribute)."/>
      <min value="0"/>
      <max value="1"/>
      <base>
        <path value="Resource.language"/>
        <min value="0"/>
        <max value="1"/>
      </base>
      <type>
        <code value="code"/>
      </type>
      <binding>
        <extension url="http://hl7.org/fhir/StructureDefinition/elementdefinition-maxValueSet">
          <valueCanonical value="http://hl7.org/fhir/ValueSet/all-languages"/>
        </extension>
        <extension url="http://hl7.org/fhir/StructureDefinition/elementdefinition-bindingName">
          <valueString value="Language"/>
        </extension>
        <extension url="http://hl7.org/fhir/StructureDefinition/elementdefinition-isCommonBinding">
          <valueBoolean value="true"/>
        </extension>
        <strength value="extensible"/>
        <description value="A human language."/>
        <valueSet value="http://hl7.org/fhir/ValueSet/languages"/>
      </binding>
    </element>
    <element id="Location.text">
      <path value="Location.text"/>
      <short value="Text summary of the resource, for human interpretation"/>
      <definition value="A human-readable narrative that contains a summary of the resource, and may be used to represent the content of the resource to a human. The narrative need not encode all the structured data, but is required to contain sufficient detail to make it &quot;clinically safe&quot; for a human to just read the narrative. Resource definitions may define what content should be represented in the narrative to ensure clinical safety."/>
      <comment value="Contained resources do not have narrative. Resources that are not contained SHOULD have a narrative. In some cases, a resource may only have text with little or no additional discrete data (as long as all minOccurs=1 elements are satisfied).  This may be necessary for data from legacy systems where information is captured as a &quot;text blob&quot; or where text is additionally entered raw or narrated and encoded in formation is added later."/>
      <alias value="narrative"/>
      <alias value="html"/>
      <alias value="xhtml"/>
      <alias value="display"/>
      <min value="0"/>
      <max value="1"/>
      <base>
        <path value="DomainResource.text"/>
        <min value="0"/>
        <max value="1"/>
      </base>
      <type>
        <code value="Narrative"/>
      </type>
      <condition value="dom-1"/>
      <mapping>
        <identity value="rim"/>
        <map value="Act.text?"/>
      </mapping>
    </element>
    <element id="Location.contained">
      <path value="Location.contained"/>
      <short value="Contained, inline Resources"/>
      <definition value="These resources do not have an independent existence apart from the resource that contains them - they cannot be identified independently, and nor can they have their own independent transaction scope."/>
      <comment value="This should never be done when the content can be identified properly, as once identification is lost, it is extremely difficult (and context dependent) to restore it again."/>
      <alias value="inline resources"/>
      <alias value="anonymous resources"/>
      <alias value="contained resources"/>
      <min value="0"/>
      <max value="*"/>
      <base>
        <path value="DomainResource.contained"/>
        <min value="0"/>
        <max value="*"/>
      </base>
      <type>
        <code value="Resource"/>
      </type>
      <mapping>
        <identity value="rim"/>
        <map value="N/A"/>
      </mapping>
    </element>
    <element id="Location.extension">
      <path value="Location.extension"/>
      <short value="Additional Content defined by implementations"/>
      <definition value="May be used to represent additional information that is not part of the basic definition of the resource. In order to make the use of extensions safe and manageable, there is a strict set of governance  applied to the definition and use of extensions. Though any implementer is allowed to define an extension, there is a set of requirements that SHALL be met as part of the definition of the extension."/>
      <comment value="There can be no stigma associated with the use of extensions by any application, project, or standard - regardless of the institution or jurisdiction that uses or defines the extensions.  The use of extensions is what allows the FHIR specification to retain a core level of simplicity for everyone."/>
      <alias value="extensions"/>
      <alias value="user content"/>
      <min value="0"/>
      <max value="*"/>
      <base>
        <path value="DomainResource.extension"/>
        <min value="0"/>
        <max value="*"/>
      </base>
      <type>
        <code value="Extension"/>
      </type>
      <mapping>
        <identity value="rim"/>
        <map value="N/A"/>
      </mapping>
    </element>
    <element id="Location.modifierExtension">
      <path value="Location.modifierExtension"/>
      <short value="Extensions that cannot be ignored"/>
      <definition value="May be used to represent additional information that is not part of the basic definition of the resource, and that modifies the understanding of the element that contains it. Usually modifier elements provide negation or qualification. In order to make the use of extensions safe and manageable, there is a strict set of governance applied to the definition and use of extensions. Though any implementer is allowed to define an extension, there is a set of requirements that SHALL be met as part of the definition of the extension. Applications processing a resource are required to check for modifier extensions."/>
      <comment value="There can be no stigma associated with the use of extensions by any application, project, or standard - regardless of the institution or jurisdiction that uses or defines the extensions.  The use of extensions is what allows the FHIR specification to retain a core level of simplicity for everyone."/>
      <alias value="extensions"/>
      <alias value="user content"/>
      <min value="0"/>
      <max value="*"/>
      <base>
        <path value="DomainResource.modifierExtension"/>
        <min value="0"/>
        <max value="*"/>
      </base>
      <type>
        <code value="Extension"/>
      </type>
      <isModifier value="true"/>
      <isModifierReason value="No Modifier Reason provideed in previous versions of FHIR"/>
      <mapping>
        <identity value="rim"/>
        <map value="N/A"/>
      </mapping>
    </element>
    <element id="Location.identifier">
      <path value="Location.identifier"/>
      <slicing>
        <discriminator>
          <type value="value"/>
          <path value="system"/>
        </discriminator>
        <ordered value="false"/>
        <rules value="openAtEnd"/>
      </slicing>
      <short value="Unique code or number identifying the location to its users"/>
      <definition value="Unique code or number identifying the location to its users."/>
      <requirements value="Organization label locations in registries, need to keep track of those."/>
      <min value="0"/>
      <max value="*"/>
      <base>
        <path value="Location.identifier"/>
        <min value="0"/>
        <max value="*"/>
      </base>
      <type>
        <code value="Identifier"/>
      </type>
      <isSummary value="true"/>
      <mapping>
        <identity value="rim"/>
        <map value=".id"/>
      </mapping>
      <mapping>
        <identity value="w5"/>
        <map value="id"/>
      </mapping>
    </element>
    <element id="Location.identifier:odsSiteCode">
      <path value="Location.identifier"/>
      <sliceName value="odsSiteCode"/>
      <short value="ODS Site code to identify the organisation at site level"/>
      <definition value="ODS Site code to identify the organisation at site level."/>
      <requirements value="Organization label locations in registries, need to keep track of those."/>
      <min value="0"/>
      <max value="1"/>
      <base>
        <path value="Location.identifier"/>
        <min value="0"/>
        <max value="*"/>
      </base>
      <type>
        <code value="Identifier"/>
      </type>
      <isSummary value="true"/>
      <mapping>
        <identity value="rim"/>
        <map value=".id"/>
      </mapping>
      <mapping>
        <identity value="w5"/>
        <map value="id"/>
      </mapping>
    </element>
    <element id="Location.identifier:odsSiteCode.id">
      <path value="Location.identifier.id"/>
      <representation value="xmlAttr"/>
      <short value="xml:id (or equivalent in JSON)"/>
      <definition value="unique id for the element within a resource (for internal references). This may be any string value that does not contain spaces."/>
      <min value="0"/>
      <max value="1"/>
      <base>
        <path value="Element.id"/>
        <min value="0"/>
        <max value="1"/>
      </base>
      <type>
        <code value="string"/>
      </type>
      <mapping>
        <identity value="rim"/>
        <map value="n/a"/>
      </mapping>
    </element>
    <element id="Location.identifier:odsSiteCode.extension">
      <path value="Location.identifier.extension"/>
      <slicing>
        <discriminator>
          <type value="value"/>
          <path value="url"/>
        </discriminator>
        <description value="Extensions are always sliced by (at least) url"/>
        <rules value="open"/>
      </slicing>
      <short value="Additional Content defined by implementations"/>
      <definition value="May be used to represent additional information that is not part of the basic definition of the element. In order to make the use of extensions safe and manageable, there is a strict set of governance  applied to the definition and use of extensions. Though any implementer is allowed to define an extension, there is a set of requirements that SHALL be met as part of the definition of the extension."/>
      <comment value="There can be no stigma associated with the use of extensions by any application, project, or standard - regardless of the institution or jurisdiction that uses or defines the extensions.  The use of extensions is what allows the FHIR specification to retain a core level of simplicity for everyone."/>
      <alias value="extensions"/>
      <alias value="user content"/>
      <min value="0"/>
      <max value="*"/>
      <base>
        <path value="Element.extension"/>
        <min value="0"/>
        <max value="*"/>
      </base>
      <type>
        <code value="Extension"/>
      </type>
      <mapping>
        <identity value="rim"/>
        <map value="n/a"/>
      </mapping>
    </element>
    <element id="Location.identifier:odsSiteCode.use">
      <path value="Location.identifier.use"/>
      <short value="usual | official | temp | secondary (If known)"/>
      <definition value="The purpose of this identifier."/>
      <comment value="This is labeled as &quot;Is Modifier&quot; because applications should not mistake a temporary id for a permanent one. Applications can assume that an identifier is permanent unless it explicitly says that it is temporary."/>
      <requirements value="Allows the appropriate identifier for a particular context of use to be selected from among a set of identifiers."/>
      <min value="0"/>
      <max value="1"/>
      <base>
        <path value="Identifier.use"/>
        <min value="0"/>
        <max value="1"/>
      </base>
      <type>
        <code value="code"/>
      </type>
      <isModifier value="true"/>
      <isModifierReason value="No Modifier Reason provideed in previous versions of FHIR"/>
      <isSummary value="true"/>
      <binding>
        <extension url="http://hl7.org/fhir/StructureDefinition/elementdefinition-bindingName">
          <valueString value="IdentifierUse"/>
        </extension>
        <strength value="required"/>
        <description value="Identifies the purpose for this identifier, if known ."/>
        <valueSet value="http://hl7.org/fhir/ValueSet/identifier-use"/>
      </binding>
      <mapping>
        <identity value="v2"/>
        <map value="N/A"/>
      </mapping>
      <mapping>
        <identity value="rim"/>
        <map value="Role.code or implied by context"/>
      </mapping>
    </element>
    <element id="Location.identifier:odsSiteCode.type">
      <path value="Location.identifier.type"/>
      <short value="Description of identifier"/>
      <definition value="A coded type for the identifier that can be used to determine which identifier to use for a specific purpose."/>
      <comment value="This element deals only with general categories of identifiers.  It SHOULD not be used for codes that correspond 1..1 with the Identifier.system. Some identifiers may fall into multiple categories due to common usage.   Where the system is known, a type is unnecessary because the type is always part of the system definition. However systems often need to handle identifiers where the system is not known. There is not a 1:1 relationship between type and system, since many different systems have the same type."/>
      <requirements value="Allows users to make use of identifiers when the identifier system is not known."/>
      <min value="0"/>
      <max value="1"/>
      <base>
        <path value="Identifier.type"/>
        <min value="0"/>
        <max value="1"/>
      </base>
      <type>
        <code value="CodeableConcept"/>
      </type>
      <isSummary value="true"/>
      <binding>
        <extension url="http://hl7.org/fhir/StructureDefinition/elementdefinition-bindingName">
          <valueString value="IdentifierType"/>
        </extension>
        <extension url="http://hl7.org/fhir/StructureDefinition/elementdefinition-isCommonBinding">
          <valueBoolean value="true"/>
        </extension>
        <strength value="extensible"/>
        <description value="A coded type for an identifier that can be used to determine which identifier to use for a specific purpose."/>
        <valueSet value="http://hl7.org/fhir/ValueSet/identifier-type"/>
      </binding>
      <mapping>
        <identity value="v2"/>
        <map value="CX.5"/>
      </mapping>
      <mapping>
        <identity value="rim"/>
        <map value="Role.code or implied by context"/>
      </mapping>
    </element>
    <element id="Location.identifier:odsSiteCode.system">
      <path value="Location.identifier.system"/>
      <short value="ODS Code"/>
      <definition value="Establishes the namespace for the value - that is, a URL that describes a set values that are unique."/>
      <requirements value="There are many sets  of identifiers.  To perform matching of two identifiers, we need to know what set we&#39;re dealing with. The system identifies a particular set of unique identifiers."/>
      <min value="1"/>
      <max value="1"/>
      <base>
        <path value="Identifier.system"/>
        <min value="0"/>
        <max value="1"/>
      </base>
      <type>
        <code value="uri"/>
      </type>
      <fixedUri value="https://fhir.nhs.uk/Id/ods-site-code"/>
      <example>
        <label value="General"/>
        <valueUri value="http://www.acme.com/identifiers/patient"/>
      </example>
      <isSummary value="true"/>
      <mapping>
        <identity value="v2"/>
        <map value="CX.4 / EI-2-4"/>
      </mapping>
      <mapping>
        <identity value="rim"/>
        <map value="II.root or Role.id.root"/>
      </mapping>
      <mapping>
        <identity value="servd"/>
        <map value="./IdentifierType"/>
      </mapping>
    </element>
    <element id="Location.identifier:odsSiteCode.value">
      <path value="Location.identifier.value"/>
      <short value="The ODS Site code name, to reflect the code used"/>
      <definition value="The portion of the identifier typically relevant to the user and which is unique within the context of the system."/>
      <comment value="If the value is a full URI, then the system SHALL be urn:ietf:rfc:3986.  The value&#39;s primary purpose is computational mapping.  As a result, it may be normalized for comparison purposes (e.g. removing non-significant whitespace, dashes, etc.)  A value formatted for human display can be conveyed using the [Rendered Value extension](http://hl7.org/fhir/STU3/extension-rendered-value.html)."/>
      <min value="1"/>
      <max value="1"/>
      <base>
        <path value="Identifier.value"/>
        <min value="0"/>
        <max value="1"/>
      </base>
      <type>
        <code value="string"/>
      </type>
      <example>
        <label value="General"/>
        <valueString value="123456"/>
      </example>
      <isSummary value="true"/>
      <mapping>
        <identity value="v2"/>
        <map value="CX.1 / EI.1"/>
      </mapping>
      <mapping>
        <identity value="rim"/>
        <map value="II.extension or II.root if system indicates OID or GUID (Or Role.id.extension or root)"/>
      </mapping>
      <mapping>
        <identity value="servd"/>
        <map value="./Value"/>
      </mapping>
    </element>
    <element id="Location.identifier:odsSiteCode.period">
      <path value="Location.identifier.period"/>
      <short value="Time period when id is/was valid for use"/>
      <definition value="Time period during which identifier is/was valid for use."/>
      <min value="0"/>
      <max value="1"/>
      <base>
        <path value="Identifier.period"/>
        <min value="0"/>
        <max value="1"/>
      </base>
      <type>
        <code value="Period"/>
      </type>
      <isSummary value="true"/>
      <mapping>
        <identity value="v2"/>
        <map value="CX.7 + CX.8"/>
      </mapping>
      <mapping>
        <identity value="rim"/>
        <map value="Role.effectiveTime or implied by context"/>
      </mapping>
      <mapping>
        <identity value="servd"/>
        <map value="./StartDate and ./EndDate"/>
      </mapping>
    </element>
    <element id="Location.identifier:odsSiteCode.assigner">
      <path value="Location.identifier.assigner"/>
      <short value="Organization that issued id (may be just text)"/>
      <definition value="Organization that issued/manages the identifier."/>
      <comment value="The Identifier.assigner may omit the .reference element and only contain a .display element reflecting the name or other textual information about the assigning organization."/>
      <min value="0"/>
      <max value="1"/>
      <base>
        <path value="Identifier.assigner"/>
        <min value="0"/>
        <max value="1"/>
      </base>
      <type>
        <code value="Reference"/>
        <targetProfile value="https://hl7.org.uk/fhir/StructureDefinition/CareConnect-Organization-1"/>
      </type>
      <isSummary value="true"/>
      <mapping>
        <identity value="v2"/>
        <map value="CX.4 / (CX.4,CX.9,CX.10)"/>
      </mapping>
      <mapping>
        <identity value="rim"/>
        <map value="II.assigningAuthorityName but note that this is an improper use by the definition of the field.  Also Role.scoper"/>
      </mapping>
      <mapping>
        <identity value="servd"/>
        <map value="./IdentifierIssuingAuthority"/>
      </mapping>
    </element>
    <element id="Location.status">
      <path value="Location.status"/>
      <short value="active | suspended | inactive"/>
      <definition value="The status property covers the general availability of the resource, not the current value which may be covered by the operationStatus, or by a schedule/slots if they are configured for the location."/>
      <comment value="This element is labeled as a modifier because the status contains codes that mark the resource as not currently valid."/>
      <min value="0"/>
      <max value="1"/>
      <base>
        <path value="Location.status"/>
        <min value="0"/>
        <max value="1"/>
      </base>
      <type>
        <code value="code"/>
      </type>
      <isModifier value="true"/>
      <isModifierReason value="No Modifier Reason provideed in previous versions of FHIR"/>
      <isSummary value="true"/>
      <binding>
        <extension url="http://hl7.org/fhir/StructureDefinition/elementdefinition-bindingName">
          <valueString value="LocationStatus"/>
        </extension>
        <strength value="required"/>
        <description value="Indicates whether the location is still in use."/>
        <valueSet value="http://hl7.org/fhir/ValueSet/location-status"/>
      </binding>
      <mapping>
        <identity value="rim"/>
        <map value=".statusCode"/>
      </mapping>
      <mapping>
        <identity value="w5"/>
        <map value="status"/>
      </mapping>
    </element>
    <element id="Location.operationalStatus">
      <path value="Location.operationalStatus"/>
      <short value="The Operational status of the location (typically only for a bed/room)"/>
      <definition value="The Operational status covers operation values most relevant to beds (but can also apply to rooms/units/chair/etc such as an isolation unit/dialisys chair). This typically covers concepts such as contamination, housekeeping and other activities&#xA0;like maintenance."/>
      <min value="0"/>
      <max value="1"/>
      <base>
        <path value="Location.operationalStatus"/>
        <min value="0"/>
        <max value="1"/>
      </base>
      <type>
        <code value="Coding"/>
      </type>
      <isSummary value="true"/>
      <binding>
        <extension url="http://hl7.org/fhir/StructureDefinition/elementdefinition-bindingName">
          <valueString value="OperationalStatus"/>
        </extension>
        <strength value="preferred"/>
        <description value="The operational status if the location (where typically a bed/room)"/>
        <valueSet value="http://hl7.org/fhir/ValueSet/v2-0116"/>
      </binding>
      <mapping>
        <identity value="rim"/>
        <map value="n/a"/>
      </mapping>
      <mapping>
        <identity value="w5"/>
        <map value="status"/>
      </mapping>
    </element>
    <element id="Location.name">
      <path value="Location.name"/>
      <short value="Name of the location as used by humans"/>
      <definition value="Name of the location as used by humans. Does not need to be unique."/>
      <comment value="If the name of an location changes, consider putting the old name in the alias column so that it can still be located through searches."/>
      <min value="0"/>
      <max value="1"/>
      <base>
        <path value="Location.name"/>
        <min value="0"/>
        <max value="1"/>
      </base>
      <type>
        <code value="string"/>
      </type>
      <isSummary value="true"/>
      <mapping>
        <identity value="rim"/>
        <map value=".name"/>
      </mapping>
    </element>
    <element id="Location.alias">
      <path value="Location.alias"/>
      <short value="A list of&#xA0;alternate names that the location is known as, or was known as in the past"/>
      <definition value="A list of&#xA0;alternate names that the location is known as, or was known as in the past."/>
      <comment value="There are no dates associated with the alias/historic names, as this is not intended to track when names were used, but to assist in searching so that older names can still result in identifying the location."/>
      <requirements value="Over time locations and organizations go through many changes and can be known by different names.  For searching knowing previous names that the location was known by can be very useful."/>
      <min value="0"/>
      <max value="*"/>
      <base>
        <path value="Location.alias"/>
        <min value="0"/>
        <max value="*"/>
      </base>
      <type>
        <code value="string"/>
      </type>
      <mapping>
        <identity value="rim"/>
        <map value=".name"/>
      </mapping>
    </element>
    <element id="Location.description">
      <path value="Location.description"/>
      <short value="Additional details about the location that could be displayed as further information to identify the location beyond its name"/>
      <definition value="Description of the Location, which helps in finding or referencing the place."/>
      <requirements value="Humans need additional information to verify a correct location has been identified."/>
      <min value="0"/>
      <max value="1"/>
      <base>
        <path value="Location.description"/>
        <min value="0"/>
        <max value="1"/>
      </base>
      <type>
        <code value="string"/>
      </type>
      <isSummary value="true"/>
      <mapping>
        <identity value="rim"/>
        <map value=".playingEntity[classCode=PLC determinerCode=INSTANCE].desc"/>
      </mapping>
    </element>
    <element id="Location.mode">
      <path value="Location.mode"/>
      <short value="instance | kind"/>
      <definition value="Indicates whether a resource instance represents a specific location or a class of locations."/>
      <comment value="This is labeled as a modifer because whether or not the location is a class of locations changes how it can be used and understood."/>
      <requirements value="When using a Location resource for scheduling or orders, we need to be able to refer to a class of Locations instead of a specific Location."/>
      <min value="0"/>
      <max value="1"/>
      <base>
        <path value="Location.mode"/>
        <min value="0"/>
        <max value="1"/>
      </base>
      <type>
        <code value="code"/>
      </type>
      <isModifier value="true"/>
      <isModifierReason value="No Modifier Reason provideed in previous versions of FHIR"/>
      <isSummary value="true"/>
      <binding>
        <extension url="http://hl7.org/fhir/StructureDefinition/elementdefinition-bindingName">
          <valueString value="LocationMode"/>
        </extension>
        <strength value="required"/>
        <description value="Indicates whether a resource instance represents a specific location or a class of locations."/>
        <valueSet value="http://hl7.org/fhir/ValueSet/location-mode"/>
      </binding>
      <mapping>
        <identity value="rim"/>
        <map value=".playingEntity[classCode=PLC].determinerCode"/>
      </mapping>
      <mapping>
        <identity value="w5"/>
        <map value="class"/>
      </mapping>
    </element>
    <element id="Location.type">
      <path value="Location.type"/>
      <short value="Type of function performed"/>
      <definition value="Indicates the type of function performed at the location."/>
      <min value="0"/>
      <max value="1"/>
      <base>
        <path value="Location.type"/>
        <min value="0"/>
        <max value="1"/>
      </base>
      <type>
        <code value="CodeableConcept"/>
      </type>
      <isSummary value="true"/>
      <binding>
        <extension url="http://hl7.org/fhir/StructureDefinition/elementdefinition-bindingName">
          <valueString value="LocationType"/>
        </extension>
        <strength value="extensible"/>
        <description value="Indicates the type of function performed at the location."/>
        <valueSet value="http://hl7.org/fhir/ValueSet/v3-ServiceDeliveryLocationRoleType"/>
      </binding>
      <mapping>
        <identity value="rim"/>
        <map value=".code"/>
      </mapping>
      <mapping>
        <identity value="w5"/>
        <map value="class"/>
      </mapping>
    </element>
    <element id="Location.telecom">
      <path value="Location.telecom"/>
      <short value="Contact details of the location"/>
      <definition value="The contact details of communication devices available at the location. This can include phone numbers, fax numbers, mobile numbers, email addresses and web sites."/>
      <min value="0"/>
      <max value="*"/>
      <base>
        <path value="Location.telecom"/>
        <min value="0"/>
        <max value="*"/>
      </base>
      <type>
        <code value="ContactPoint"/>
      </type>
      <mapping>
        <identity value="rim"/>
        <map value=".telecom"/>
      </mapping>
    </element>
    <element id="Location.address">
      <path value="Location.address"/>
      <short value="Physical location"/>
      <definition value="Physical location."/>
      <comment value="This was kept as 0..1 as there is no use property on the address, so wouldn&#39;t be able to identify different address types."/>
      <requirements value="If locations can be visited, we need to keep track of their address."/>
      <min value="0"/>
      <max value="1"/>
      <base>
        <path value="Location.address"/>
        <min value="0"/>
        <max value="1"/>
      </base>
      <type>
        <code value="Address"/>
      </type>
      <mapping>
        <identity value="rim"/>
        <map value=".addr"/>
      </mapping>
    </element>
    <element id="Location.physicalType">
      <path value="Location.physicalType"/>
      <short value="Physical form of the location"/>
      <definition value="Physical form of the location, e.g. building, room, vehicle, road."/>
      <requirements value="For purposes of showing relevant locations in queries, we need to categorize locations."/>
      <min value="0"/>
      <max value="1"/>
      <base>
        <path value="Location.physicalType"/>
        <min value="0"/>
        <max value="1"/>
      </base>
      <type>
        <code value="CodeableConcept"/>
      </type>
      <isSummary value="true"/>
      <binding>
        <extension url="http://hl7.org/fhir/StructureDefinition/elementdefinition-bindingName">
          <valueString value="PhysicalType"/>
        </extension>
        <strength value="example"/>
        <description value="Physical form of the location"/>
        <valueSet value="http://hl7.org/fhir/ValueSet/location-physical-type"/>
      </binding>
      <mapping>
        <identity value="rim"/>
        <map value=".playingEntity [classCode=PLC].code"/>
      </mapping>
      <mapping>
        <identity value="w5"/>
        <map value="class"/>
      </mapping>
    </element>
    <element id="Location.position">
      <path value="Location.position"/>
      <short value="The absolute geographic location"/>
      <definition value="The absolute geographic location of the Location, expressed using the WGS84 datum (This is the same co-ordinate system used in KML)."/>
      <requirements value="For mobile applications and automated route-finding knowing the exact location of the Location is required."/>
      <min value="0"/>
      <max value="1"/>
      <base>
        <path value="Location.position"/>
        <min value="0"/>
        <max value="1"/>
      </base>
      <type>
        <code value="BackboneElement"/>
      </type>
      <constraint>
        <key value="ele-1"/>
        <severity value="error"/>
        <human value="All FHIR elements must have a @value or children"/>
        <expression value="hasValue() | (children().count() &gt; id.count())"/>
        <xpath value="@value|f:*|h:div"/>
        <source value="Element"/>
      </constraint>
      <mapping>
        <identity value="rim"/>
        <map value=".playingEntity [classCode=PLC determinerCode=INSTANCE].positionText"/>
      </mapping>
    </element>
    <element id="Location.position.id">
      <path value="Location.position.id"/>
      <representation value="xmlAttr"/>
      <short value="xml:id (or equivalent in JSON)"/>
      <definition value="unique id for the element within a resource (for internal references). This may be any string value that does not contain spaces."/>
      <min value="0"/>
      <max value="1"/>
      <base>
        <path value="Element.id"/>
        <min value="0"/>
        <max value="1"/>
      </base>
      <type>
        <code value="string"/>
      </type>
      <mapping>
        <identity value="rim"/>
        <map value="n/a"/>
      </mapping>
    </element>
    <element id="Location.position.extension">
      <path value="Location.position.extension"/>
      <short value="Additional Content defined by implementations"/>
      <definition value="May be used to represent additional information that is not part of the basic definition of the element. In order to make the use of extensions safe and manageable, there is a strict set of governance  applied to the definition and use of extensions. Though any implementer is allowed to define an extension, there is a set of requirements that SHALL be met as part of the definition of the extension."/>
      <comment value="There can be no stigma associated with the use of extensions by any application, project, or standard - regardless of the institution or jurisdiction that uses or defines the extensions.  The use of extensions is what allows the FHIR specification to retain a core level of simplicity for everyone."/>
      <alias value="extensions"/>
      <alias value="user content"/>
      <min value="0"/>
      <max value="*"/>
      <base>
        <path value="Element.extension"/>
        <min value="0"/>
        <max value="*"/>
      </base>
      <type>
        <code value="Extension"/>
      </type>
      <mapping>
        <identity value="rim"/>
        <map value="n/a"/>
      </mapping>
    </element>
    <element id="Location.position.modifierExtension">
      <path value="Location.position.modifierExtension"/>
      <short value="Extensions that cannot be ignored"/>
      <definition value="May be used to represent additional information that is not part of the basic definition of the element, and that modifies the understanding of the element that contains it. Usually modifier elements provide negation or qualification. In order to make the use of extensions safe and manageable, there is a strict set of governance applied to the definition and use of extensions. Though any implementer is allowed to define an extension, there is a set of requirements that SHALL be met as part of the definition of the extension. Applications processing a resource are required to check for modifier extensions."/>
      <comment value="There can be no stigma associated with the use of extensions by any application, project, or standard - regardless of the institution or jurisdiction that uses or defines the extensions.  The use of extensions is what allows the FHIR specification to retain a core level of simplicity for everyone."/>
      <alias value="extensions"/>
      <alias value="user content"/>
      <alias value="modifiers"/>
      <min value="0"/>
      <max value="*"/>
      <base>
        <path value="BackboneElement.modifierExtension"/>
        <min value="0"/>
        <max value="*"/>
      </base>
      <type>
        <code value="Extension"/>
      </type>
      <isModifier value="true"/>
      <isModifierReason value="No Modifier Reason provideed in previous versions of FHIR"/>
      <isSummary value="true"/>
      <mapping>
        <identity value="rim"/>
        <map value="N/A"/>
      </mapping>
    </element>
    <element id="Location.position.longitude">
      <path value="Location.position.longitude"/>
      <short value="Longitude with WGS84 datum"/>
      <definition value="Longitude. The value domain and the interpretation are the same as for the text of the longitude element in KML (see notes below)."/>
      <min value="1"/>
      <max value="1"/>
      <base>
        <path value="Location.position.longitude"/>
        <min value="1"/>
        <max value="1"/>
      </base>
      <type>
        <code value="decimal"/>
      </type>
      <mapping>
        <identity value="rim"/>
        <map value="(RIM Opted not to map the sub-elements of GPS location, is now an OBS)"/>
      </mapping>
    </element>
    <element id="Location.position.latitude">
      <path value="Location.position.latitude"/>
      <short value="Latitude with WGS84 datum"/>
      <definition value="Latitude. The value domain and the interpretation are the same as for the text of the latitude element in KML (see notes below)."/>
      <min value="1"/>
      <max value="1"/>
      <base>
        <path value="Location.position.latitude"/>
        <min value="1"/>
        <max value="1"/>
      </base>
      <type>
        <code value="decimal"/>
      </type>
      <mapping>
        <identity value="rim"/>
        <map value="(RIM Opted not to map the sub-elements of GPS location, is now an OBS)"/>
      </mapping>
    </element>
    <element id="Location.position.altitude">
      <path value="Location.position.altitude"/>
      <short value="Altitude with WGS84 datum"/>
      <definition value="Altitude. The value domain and the interpretation are the same as for the text of the altitude element in KML (see notes below)."/>
      <min value="0"/>
      <max value="1"/>
      <base>
        <path value="Location.position.altitude"/>
        <min value="0"/>
        <max value="1"/>
      </base>
      <type>
        <code value="decimal"/>
      </type>
      <mapping>
        <identity value="rim"/>
        <map value="(RIM Opted not to map the sub-elements of GPS location, is now an OBS)"/>
      </mapping>
    </element>
    <element id="Location.managingOrganization">
      <path value="Location.managingOrganization"/>
      <short value="Organization responsible for provisioning and upkeep"/>
      <definition value="The organization responsible for the provisioning and upkeep of the location."/>
      <comment value="This can also be used as the part of the organization hierarchy where this location provides services. These services can be defined through the HealthcareService resource."/>
      <requirements value="Need to know who manages the location."/>
      <min value="0"/>
      <max value="1"/>
      <base>
        <path value="Location.managingOrganization"/>
        <min value="0"/>
        <max value="1"/>
      </base>
      <type>
        <code value="Reference"/>
        <targetProfile value="https://hl7.org.uk/fhir/StructureDefinition/CareConnect-Organization-1"/>
      </type>
      <isSummary value="true"/>
      <mapping>
        <identity value="rim"/>
        <map value=".scopingEntity[classCode=ORG determinerKind=INSTANCE]"/>
      </mapping>
    </element>
    <element id="Location.partOf">
      <path value="Location.partOf"/>
      <short value="Another Location this one is physically part of"/>
      <definition value="Another Location which this Location is physically part of."/>
      <requirements value="For purposes of location, display and identification, knowing which locations are located within other locations is important."/>
      <min value="0"/>
      <max value="1"/>
      <base>
        <path value="Location.partOf"/>
        <min value="0"/>
        <max value="1"/>
      </base>
      <type>
        <code value="Reference"/>
        <targetProfile value="https://hl7.org.uk/fhir/StructureDefinition/CareConnect-Location-1"/>
      </type>
      <mapping>
        <identity value="rim"/>
        <map value=".inboundLink[typeCode=PART].source[classCode=SDLC]"/>
      </mapping>
    </element>
    <element id="Location.endpoint">
      <path value="Location.endpoint"/>
      <short value="Technical endpoints providing access to services operated for the location"/>
      <definition value="Technical endpoints providing access to services operated for the location."/>
      <requirements value="Organizations may have different systems at different locations that provide various services and need to be able to define the technical connection details for how to connect to them, and for what purpose."/>
      <min value="0"/>
      <max value="*"/>
      <base>
        <path value="Location.endpoint"/>
        <min value="0"/>
        <max value="*"/>
      </base>
      <type>
        <code value="Reference"/>
        <targetProfile value="http://hl7.org/fhir/StructureDefinition/Endpoint"/>
      </type>
      <mapping>
        <identity value="rim"/>
        <map value="n/a"/>
      </mapping>
    </element>
  </snapshot>
  <differential>
    <element id="Location.identifier">
      <path value="Location.identifier"/>
      <slicing>
        <discriminator>
          <type value="value"/>
          <path value="system"/>
        </discriminator>
        <ordered value="false"/>
        <rules value="openAtEnd"/>
      </slicing>
    </element>
    <element id="Location.identifier:odsSiteCode">
      <path value="Location.identifier"/>
      <sliceName value="odsSiteCode"/>
      <short value="ODS Site code to identify the organisation at site level"/>
      <definition value="ODS Site code to identify the organisation at site level."/>
      <max value="1"/>
    </element>
    <element id="Location.identifier:odsSiteCode.system">
      <path value="Location.identifier.system"/>
      <short value="ODS Code"/>
      <min value="1"/>
      <fixedUri value="https://fhir.nhs.uk/Id/ods-site-code"/>
    </element>
    <element id="Location.identifier:odsSiteCode.value">
      <path value="Location.identifier.value"/>
      <short value="The ODS Site code name, to reflect the code used"/>
      <min value="1"/>
    </element>
    <element id="Location.identifier:odsSiteCode.assigner">
      <path value="Location.identifier.assigner"/>
      <type>
        <code value="Reference"/>
        <targetProfile value="https://hl7.org.uk/fhir/StructureDefinition/CareConnect-Organization-1"/>
      </type>
    </element>
    <element id="Location.managingOrganization">
      <path value="Location.managingOrganization"/>
      <type>
        <code value="Reference"/>
        <targetProfile value="https://hl7.org.uk/fhir/StructureDefinition/CareConnect-Organization-1"/>
      </type>
    </element>
    <element id="Location.partOf">
      <path value="Location.partOf"/>
      <type>
        <code value="Reference"/>
        <targetProfile value="https://hl7.org.uk/fhir/StructureDefinition/CareConnect-Location-1"/>
      </type>
    </element>
  </differential>
</StructureDefinition>