<?xml version="1.0" encoding="UTF-8"?>

<ValueSet xmlns="http://hl7.org/fhir">
  <id value="CareConnect-AllergyCertainty-1"/>
  <text>
    <status value="generated"/><div xmlns="http://www.w3.org/1999/xhtml"> 
         <h2>Care Connect Allergy Certainty</h2> 
         <div> 
            <p>A code from the SNOMED Clinical Terminology UK coding system that describes the certainty of an allergy.</p> 
         </div> 
         <p> 
            <b>Copyright Statement:</b> This value set includes content from SNOMED CT, which is copyright © 2002+ International Health Terminology Standards Development Organisation (IHTSDO), and distributed by agreement between IHTSDO and HL7. Implementer use of SNOMED CT is not covered by this agreement. 
         </p> 
         <p>This value set includes codes from the following code systems:</p> 
         <ul> 
            <li>Include codes from 
               <a href="http://www.snomed.org/"> 
                  <code>http://snomed.info/sct</code> 
               </a> where constraint  =  (385434005 |Improbable diagnosis| OR 2931005 |Probable diagnosis| OR 255545003 |Definite| OR 410605003 |Confirmed present|) 
            </li> 
         </ul> 
      </div>
  </text>
  <url value="https://hl7.org.uk/fhir/ValueSet/CareConnect-AllergyCertainty-1"/>
  <version value="4.0.0"/>
  <name value="Care Connect Allergy Certainty"/>
  <status value="draft"/>
  <date value="2018-03-05T00:00:00+00:00"/>
  <publisher value="INTEROPen"/>
  <contact>
    <telecom>
      <system value="other"/>
      <value value="https://chat.fhir.org/#narrow/stream/179189-uk"/>
    </telecom>
  </contact>
  <description value="A code from the SNOMED Clinical Terminology UK coding system that describes the certainty of an allergy."/>
  <jurisdiction>
    <coding>
      <system value="http://unstats.un.org/unsd/methods/m49/m49.htm"/>
      <code value="826"/>
    </coding>
  </jurisdiction>
  <copyright value="This value set includes content from SNOMED CT, which is copyright &#xA9; 2002+ International Health Terminology Standards Development Organisation (IHTSDO), and distributed by agreement between IHTSDO and HL7. Implementer use of SNOMED CT is not covered by this agreement."/>
  <compose>
    <include>
      <system value="http://snomed.info/sct"/>
      <filter>
        <property value="constraint"/>
        <op value="="/>
        <value value="(385434005 |Improbable diagnosis| OR 2931005 |Probable diagnosis| OR 255545003 |Definite| OR 410605003 |Confirmed present|)"/>
      </filter>
    </include>
  </compose>
  <expansion>
    <identifier value="1fffaa77-d332-4c2a-a249-f586a8a012c1"/>
    <timestamp value="2019-12-11T16:50:39+00:00"/>
    <total value="4"/>
    <parameter>
      <name value="version"/>
      <valueUri value="http://snomed.info/sct?version=http%3A%2F%2Fsnomed.info%2Fsct%2F999000031000000106%2Fversion%2F20190807"/>
    </parameter>
    <parameter>
      <name value="count"/>
      <valueInteger value="2147483647"/>
    </parameter>
    <parameter>
      <name value="offset"/>
      <valueInteger value="0"/>
    </parameter>
    <contains>
      <system value="http://snomed.info/sct"/>
      <code value="385434005"/>
      <display value="Improbable diagnosis"/>
    </contains>
    <contains>
      <system value="http://snomed.info/sct"/>
      <code value="255545003"/>
      <display value="Definite"/>
    </contains>
    <contains>
      <system value="http://snomed.info/sct"/>
      <code value="410605003"/>
      <display value="Confirmed present"/>
    </contains>
    <contains>
      <system value="http://snomed.info/sct"/>
      <code value="2931005"/>
      <display value="Probable diagnosis"/>
    </contains>
  </expansion>
</ValueSet>