<?xml version="1.0" encoding="UTF-8"?>

<ValueSet xmlns="http://hl7.org/fhir">
  <id value="CareConnect-CompositionSectionCode-1"/>
  <text>
    <status value="generated"/><div xmlns="http://www.w3.org/1999/xhtml"> 
         <h2>Care Connect Composition Section Code</h2> 
         <div> 
            <p>A code from the SNOMED Clinical Terminology UK with the expression (^999001721000000100 | Clinical record headings simple reference set (foundation metadata concept)|).</p> 
         </div> 
         <p> 
            <b>Copyright Statement:</b> This value set includes content from SNOMED CT, which is copyright © 2002+ International Health Terminology Standards Development Organisation (IHTSDO), and distributed by agreement between IHTSDO and HL7. Implementer use of SNOMED CT is not covered by this agreement. 
         </p> 
         <p>This value set includes codes from the following code systems:</p> 
         <ul> 
            <li>Include codes from 
               <a href="http://www.snomed.org/"> 
                  <code>http://snomed.info/sct</code> 
               </a> where constraint  =  (^999001721000000100 | Clinical record headings simple reference set (foundation metadata concept)|) 
            </li> 
         </ul> 
      </div>
  </text>
  <url value="https://hl7.org.uk/fhir/ValueSet/CareConnect-CompositionSectionCode-1"/>
  <version value="4.0.0"/>
  <name value="Care Connect Composition Section Code"/>
  <status value="draft"/>
  <date value="2018-11-01T00:00:00+00:00"/>
  <publisher value="INTEROPen"/>
  <contact>
    <telecom>
      <system value="other"/>
      <value value="https://chat.fhir.org/#narrow/stream/179189-uk"/>
    </telecom>
  </contact>
  <description value="A code from the SNOMED Clinical Terminology UK with the expression (^999001721000000100 | Clinical record headings simple reference set (foundation metadata concept)|)."/>
  <jurisdiction>
    <coding>
      <system value="http://unstats.un.org/unsd/methods/m49/m49.htm"/>
      <code value="826"/>
    </coding>
  </jurisdiction>
  <copyright value="This value set includes content from SNOMED CT, which is copyright &#xA9; 2002+ International Health Terminology Standards Development Organisation (IHTSDO), and distributed by agreement between IHTSDO and HL7. Implementer use of SNOMED CT is not covered by this agreement."/>
  <compose>
    <include>
      <system value="http://snomed.info/sct"/>
      <filter>
        <property value="constraint"/>
        <op value="="/>
        <value value="(^999001721000000100 | Clinical record headings simple reference set (foundation metadata concept)|)"/>
      </filter>
    </include>
  </compose>
  <expansion>
    <identifier value="f63d35cf-8df1-4f38-ac78-4d0d06e58754"/>
    <timestamp value="2019-12-11T16:50:32+00:00"/>
    <total value="0"/>
    <parameter>
      <name value="version"/>
      <valueUri value="http://snomed.info/sct?version=http%3A%2F%2Fsnomed.info%2Fsct%2F999000031000000106%2Fversion%2F20190807"/>
    </parameter>
    <parameter>
      <name value="count"/>
      <valueInteger value="2147483647"/>
    </parameter>
    <parameter>
      <name value="offset"/>
      <valueInteger value="0"/>
    </parameter>
  </expansion>
</ValueSet>