{"resourceType":"CodeSystem","id":"CareConnect-MedicationChangeStatus-1","text":{"status":"generated","div":"<div xmlns=\"http://www.w3.org/1999/xhtml\">\n         <h2>Care Connect Medication Change Status</h2>\n         <div>\n            <p>A CodeSystem to identify the change status of a medication.</p> \n         </div>\n         <p>\n            <b>Copyright Statement:</b> Copyright © 2016 HL7 UK\n         </p>\n         <p>This code system https://hl7.org.uk/fhir/CodeSystem/CareConnect-MedicationChangeStatus-1 defines the following codes:</p>\n         <table class=\"codes\">\n            <tr>\n               <td style=\"white-space:nowrap\">\n                  <b>Code</b>\n               </td>\n               <td>\n                  <b>Definition</b>\n               </td>\n            </tr>\n            <tr>\n               <td style=\"white-space:nowrap\">Continued\n                  <a name=\"CareConnect-MedicationChangeStatus-1-Continued\"> </a>\n               </td>\n               <td/>\n            </tr>\n            <tr>\n               <td style=\"white-space:nowrap\">Added\n                  <a name=\"CareConnect-MedicationChangeStatus-1-Added\"> </a>\n               </td>\n               <td/>\n            </tr>\n            <tr>\n               <td style=\"white-space:nowrap\">Amended\n                  <a name=\"CareConnect-MedicationChangeStatus-1-Amended\"> </a>\n               </td>\n               <td/>\n            </tr>\n            <tr>\n               <td style=\"white-space:nowrap\">On-hold\n                  <a name=\"CareConnect-MedicationChangeStatus-1-On-hold\"> </a>\n               </td>\n               <td/>\n            </tr>\n         </table>\n      </div>"},"url":"https://hl7.org.uk/fhir/CodeSystem/CareConnect-MedicationChangeStatus-1","version":"4.0.0","name":"Care Connect Medication Change Status","status":"draft","date":"2018-11-14T00:00:00+00:00","publisher":"INTEROPen","contact":[{"telecom":[{"system":"other","value":"https://chat.fhir.org/#narrow/stream/179189-uk"}]}],"description":"A CodeSystem to identify the change status of a medication.","jurisdiction":[{"coding":[{"system":"http://unstats.un.org/unsd/methods/m49/m49.htm","code":"826"}]}],"copyright":"Copyright © 2016 HL7 UK","caseSensitive":true,"content":"complete","concept":[{"code":"Continued"},{"code":"Added"},{"code":"Amended"},{"code":"On-hold"}]}