{"resourceType":"CodeSystem","id":"CareConnect-ListWarningCode-1","text":{"status":"generated","div":"<div xmlns=\"http://www.w3.org/1999/xhtml\">\n         <h2>Care Connect List Warning Code</h2>\n         <div>\n            <p>A CodeSystem to identify the reason a list may be incomplete.</p> \n         </div>\n         <p>\n            <b>Copyright Statement:</b> Copyright © 2016 HL7 UK\n         </p>\n         <p>This code system https://hl7.org.uk/fhir/CodeSystem/CareConnect-ListWarningCode-1 defines the following codes:</p>\n         <table class=\"codes\">\n            <tr>\n               <td style=\"white-space:nowrap\">\n                  <b>Code</b>\n               </td>\n               <td>\n                  <b>Display</b>\n               </td>\n               <td>\n                  <b>Definition</b>\n               </td>\n            </tr>\n            <tr>\n               <td style=\"white-space:nowrap\">confidential-items\n                  <a name=\"CareConnect-ListWarningCode-1-confidential-items\"> </a>\n               </td>\n               <td>Confidential Items</td>\n               <td>Items excluded due to confidentiality and/or patient preferences.</td>\n            </tr>\n            <tr>\n               <td style=\"white-space:nowrap\">data-in-transit\n                  <a name=\"CareConnect-ListWarningCode-1-data-in-transit\"> </a>\n               </td>\n               <td>Data in Transit</td>\n               <td>Patient record transfer from previous GP practice not yet complete; any information recorded before dd-mmm-yyyy has been excluded.</td>\n            </tr>\n            <tr>\n               <td style=\"white-space:nowrap\">data-awaiting-filing\n                  <a name=\"CareConnect-ListWarningCode-1-data-awaiting-filing\"> </a>\n               </td>\n               <td>Data Awaiting Filing</td>\n               <td>Patient data may be incomplete as there is data supplied by a third party awaiting review before becoming available.</td>\n            </tr>\n         </table>\n      </div>"},"url":"https://hl7.org.uk/fhir/CodeSystem/CareConnect-ListWarningCode-1","version":"4.0.0","name":"Care Connect List Warning Code","status":"draft","date":"2018-11-01T00:00:00+00:00","publisher":"INTEROPen","contact":[{"telecom":[{"system":"other","value":"https://chat.fhir.org/#narrow/stream/179189-uk"}]}],"description":"A CodeSystem to identify the reason a list may be incomplete.","jurisdiction":[{"coding":[{"system":"http://unstats.un.org/unsd/methods/m49/m49.htm","code":"826"}]}],"copyright":"Copyright © 2016 HL7 UK","caseSensitive":true,"content":"complete","concept":[{"code":"confidential-items","display":"Confidential Items","definition":"Items excluded due to confidentiality and/or patient preferences."},{"code":"data-in-transit","display":"Data in Transit","definition":"Patient record transfer from previous GP practice not yet complete; any information recorded before dd-mmm-yyyy has been excluded."},{"code":"data-awaiting-filing","display":"Data Awaiting Filing","definition":"Patient data may be incomplete as there is data supplied by a third party awaiting review before becoming available."}]}