{"resourceType":"CodeSystem","id":"CareConnect-ConditionRelationship-1","text":{"status":"generated","div":"<div xmlns=\"http://www.w3.org/1999/xhtml\">\n         <h2>Care Connect Condition Relationship</h2>\n         <div>\n            <p>A CodeSystem that identifies the kind of relationship that exists with a target condition or problem.</p> \n         </div>\n         <p>\n            <b>Copyright Statement:</b> Copyright © 2019 HL7 UK\n         </p>\n         <p>This code system https://hl7.org.uk/fhir/CodeSystem/CareConnect-ConditionRelationship-1 defines the following codes:</p>\n         <table class=\"codes\">\n            <tr>\n               <td style=\"white-space:nowrap\">\n                  <b>Code</b>\n               </td>\n               <td>\n                  <b>Display</b>\n               </td>\n               <td>\n                  <b>Definition</b>\n               </td>\n            </tr>\n            <tr>\n               <td style=\"white-space:nowrap\">merge-combine\n                  <a name=\"CareConnect-ConditionRelationship-1-merge-combine\"> </a>\n               </td>\n               <td>Merge/Combine</td>\n               <td>This condition is merged/combined with the target condition to form a single logical condition.</td>\n            </tr>\n            <tr>\n               <td style=\"white-space:nowrap\">nesting\n                  <a name=\"CareConnect-ConditionRelationship-1-nesting\"> </a>\n               </td>\n               <td>Nesting</td>\n               <td>This target condition is a component problem of this condition.</td>\n            </tr>\n            <tr>\n               <td style=\"white-space:nowrap\">evolve\n                  <a name=\"CareConnect-ConditionRelationship-1-evolve\"> </a>\n               </td>\n               <td>Evolve</td>\n               <td>This condition has evolved from the target condition.</td>\n            </tr>\n            <tr>\n               <td style=\"white-space:nowrap\">parent\n                  <a name=\"CareConnect-ConditionRelationship-1-parent\"> </a>\n               </td>\n               <td>Parent</td>\n               <td>The problem referenced is the parent of the problem/item in the resource.</td>\n            </tr>\n            <tr>\n               <td style=\"white-space:nowrap\">child\n                  <a name=\"CareConnect-ConditionRelationship-1-child\"> </a>\n               </td>\n               <td>Child</td>\n               <td>The problem referenced is the child of the problem/item in the resource.</td>\n            </tr>\n            <tr>\n               <td style=\"white-space:nowrap\">sibling\n                  <a name=\"CareConnect-ConditionRelationship-1-sibling\"> </a>\n               </td>\n               <td>Sibling</td>\n               <td>The problem referenced is a sibling of the problem/item in the resource.</td>\n            </tr>\n         </table>\n      </div>"},"url":"https://hl7.org.uk/fhir/CodeSystem/CareConnect-ConditionRelationship-1","version":"4.0.0","name":"Care Connect Condition Relationship","status":"draft","date":"2019-10-24T19:50:00+01:00","publisher":"INTEROPen","contact":[{"telecom":[{"system":"other","value":"https://chat.fhir.org/#narrow/stream/179189-uk"}]}],"description":"A CodeSystem that identifies the kind of relationship that exists with a target condition or problem.","jurisdiction":[{"coding":[{"system":"http://unstats.un.org/unsd/methods/m49/m49.htm","code":"826"}]}],"copyright":"Copyright © 2019 HL7 UK","caseSensitive":true,"content":"complete","concept":[{"code":"merge-combine","display":"Merge/Combine","definition":"This condition is merged/combined with the target condition to form a single logical condition."},{"code":"nesting","display":"Nesting","definition":"This target condition is a component problem of this condition."},{"code":"evolve","display":"Evolve","definition":"This condition has evolved from the target condition."},{"code":"parent","display":"Parent","definition":"The problem referenced is the parent of the problem/item in the resource."},{"code":"child","display":"Child","definition":"The problem referenced is the child of the problem/item in the resource."},{"code":"sibling","display":"Sibling","definition":"The problem referenced is a sibling of the problem/item in the resource."}]}