{"resourceType":"CodeSystem","id":"CareConnect-RegistrationStatus-1","text":{"status":"generated","div":"<div xmlns=\"http://www.w3.org/1999/xhtml\">\n         <h2>Care Connect Registration Status</h2>\n         <div>\n            <p>A CodeSystem that identifies the status of registration for a patient at the healthcare organisation.</p> \n         </div>\n         <p>\n            <b>Copyright Statement:</b> Copyright © 2016 HL7 UK\n         </p>\n         <p>This code system https://hl7.org.uk/fhir/CodeSystem/CareConnect-RegistrationStatus-1 defines the following codes:</p>\n         <table class=\"codes\">\n            <tr>\n               <td style=\"white-space:nowrap\">\n                  <b>Code</b>\n               </td>\n               <td>\n                  <b>Display</b>\n               </td>\n               <td>\n                  <b>Definition</b>\n               </td>\n            </tr>\n            <tr>\n               <td style=\"white-space:nowrap\">A\n                  <a name=\"CareConnect-RegistrationStatus-1-A\"> </a>\n               </td>\n               <td>Active</td>\n               <td/>\n            </tr>\n            <tr>\n               <td style=\"white-space:nowrap\">D\n                  <a name=\"CareConnect-RegistrationStatus-1-D\"> </a>\n               </td>\n               <td>Deduction Pending</td>\n               <td/>\n            </tr>\n            <tr>\n               <td style=\"white-space:nowrap\">I\n                  <a name=\"CareConnect-RegistrationStatus-1-I\"> </a>\n               </td>\n               <td>Inactive</td>\n               <td/>\n            </tr>\n            <tr>\n               <td style=\"white-space:nowrap\">R\n                  <a name=\"CareConnect-RegistrationStatus-1-R\"> </a>\n               </td>\n               <td>Registration Pending</td>\n               <td/>\n            </tr>\n         </table>\n      </div>"},"url":"https://hl7.org.uk/fhir/CodeSystem/CareConnect-RegistrationStatus-1","version":"4.0.0","name":"Care Connect Registration Status","status":"draft","date":"2017-08-01T01:00:00+01:00","publisher":"INTEROPen","contact":[{"telecom":[{"system":"other","value":"https://chat.fhir.org/#narrow/stream/179189-uk"}]}],"description":"A CodeSystem that identifies the status of registration for a patient at the healthcare organisation.","jurisdiction":[{"coding":[{"system":"http://unstats.un.org/unsd/methods/m49/m49.htm","code":"826"}]}],"copyright":"Copyright © 2016 HL7 UK","caseSensitive":true,"content":"complete","concept":[{"code":"A","display":"Active"},{"code":"D","display":"Deduction Pending"},{"code":"I","display":"Inactive"},{"code":"R","display":"Registration Pending"}]}