{"resourceType":"NamingSystem","id":"sds-user-id","name":"SDS User ID","status":"draft","kind":"identifier","date":"2019-05-01T00:00:00+01:00","publisher":"INTEROPen","contact":[{"telecom":[{"system":"other","value":"https://chat.fhir.org/#narrow/stream/179189-uk"}]}],"responsible":"NHS Digital","description":"The user's unique identifier on the NHS Spine Directory Service.","jurisdiction":[{"coding":[{"system":"http://unstats.un.org/unsd/methods/m49/m49.htm","code":"826"}]}],"usage":"To uniquely identify a user of the NHS Spine Directory Service.","uniqueId":[{"type":"uri","value":"https://fhir.nhs.uk/Id/sds-user-id","preferred":true},{"type":"oid","value":"1.2.826.0.1285.0.2.0.65","preferred":false}]}