{"resourceType":"NamingSystem","id":"uk-gmc-number","name":"GMC Number","status":"draft","kind":"identifier","date":"2019-12-03T00:00:00+00:00","publisher":"INTEROPen","contact":[{"telecom":[{"system":"other","value":"https://chat.fhir.org/#narrow/stream/179189-uk"}]}],"responsible":"General Medical Council","description":"General Medical Council Reference Number. See [NHS Data Dictionary](https://www.datadictionary.nhs.uk/data_dictionary/attributes/g/general_medical_practitioner_ppd_code_de.asp)","jurisdiction":[{"coding":[{"system":"http://unstats.un.org/unsd/methods/m49/m49.htm","code":"826"}]}],"usage":"A unique reference number, used to identify consultants","uniqueId":[{"type":"uri","value":"https://fhir.hl7.org.uk/Id/gmc-number","preferred":true},{"type":"oid","value":"2.16.840.1.113883.2.1.3.2.4.16.63","preferred":false},{"type":"other","value":"GMC","preferred":false,"comment":"XCN.9 HSCIC HL7 V2 ADT"}]}