{"resourceType":"ValueSet","id":"CareConnect-AllergyCode-1","text":{"status":"generated","div":"<div xmlns=\"http://www.w3.org/1999/xhtml\">\n         <h2>Care Connect Allergy Code</h2>\n         <div>\n            <p>A code from the SNOMED Clinical Terminology UK with the expression (&lt;105590001 |Substance OR &lt;&lt;373873005 |Pharmaceutical / biologic product| OR &lt;&lt;716186003 |No known allergy| OR 196461000000101 |Transfer-degraded drug allergy| OR 196471000000108 |Transfer-degraded non-drug allergy), or a code from the v3 Code System NullFlavor specifying why a valid value is not present.</p> \n         </div>\n         <p>\n            <b>Copyright Statement:</b> This value set includes content from SNOMED CT, which is copyright © 2002+ International Health Terminology Standards Development Organisation (IHTSDO), and distributed by agreement between IHTSDO and HL7. Implementer use of SNOMED CT is not covered by this agreement.\n         </p>\n         <p>This value set includes codes from the following code systems:</p>\n         <ul>\n            <li>Include codes from \n               <a href=\"http://www.snomed.org/\">\n                  <code>http://snomed.info/sct</code>\n               </a> where constraint  =  (&lt;&lt;105590001 |Substance| OR &lt;&lt;373873005 |Pharmaceutical / biologic product| OR &lt;&lt;716186003 |No known allergy| OR 196461000000101 |Transfer-degraded drug allergy| OR 196471000000108 |Transfer-degraded non-drug allergy|)\n            </li>\n            <li>Include codes from \n               <a href=\"http://hl7.org/fhir/STU3/v3/NullFlavor/cs.html\">\n                  <code>http://hl7.org/fhir/v3/NullFlavor</code>\n               </a> where concept  = \n               <a href=\"http://hl7.org/fhir/STU3/v3/NullFlavor/cs.html#v3-NullFlavor-NI\">NI</a>\n            </li>\n         </ul>\n      </div>"},"url":"https://hl7.org.uk/fhir/ValueSet/CareConnect-AllergyCode-1","version":"4.0.0","name":"Care Connect Allergy Code","status":"draft","date":"2018-11-14T00:00:00+00:00","publisher":"INTEROPen","contact":[{"telecom":[{"system":"other","value":"https://chat.fhir.org/#narrow/stream/179189-uk"}]}],"description":"A code from the SNOMED Clinical Terminology UK with the expression (<105590001 |Substance OR <<373873005 |Pharmaceutical / biologic product| OR <<716186003 |No known allergy| OR 196461000000101 |Transfer-degraded drug allergy| OR 196471000000108 |Transfer-degraded non-drug allergy), or a code from the v3 Code System NullFlavor specifying why a valid value is not present.","jurisdiction":[{"coding":[{"system":"http://unstats.un.org/unsd/methods/m49/m49.htm","code":"826"}]}],"copyright":"This value set includes content from SNOMED CT, which is copyright © 2002+ International Health Terminology Standards Development Organisation (IHTSDO), and distributed by agreement between IHTSDO and HL7. Implementer use of SNOMED CT is not covered by this agreement.","compose":{"include":[{"system":"http://snomed.info/sct","filter":[{"property":"constraint","op":"=","value":"(<<105590001 |Substance| OR <<373873005 |Pharmaceutical / biologic product| OR <<716186003 |No known allergy| OR 196461000000101 |Transfer-degraded drug allergy| OR 196471000000108 |Transfer-degraded non-drug allergy|)"}]},{"system":"http://hl7.org/fhir/v3/NullFlavor","filter":[{"property":"concept","op":"=","value":"NI"}]}]}}