{"resourceType":"ValueSet","id":"CareConnect-MaritalStatus-1","text":{"status":"generated","div":"<div xmlns=\"http://www.w3.org/1999/xhtml\">\n         <h2>Marital Status Codes</h2>\n         <div>\n            <p>This value set defines the set of codes that can be used to indicate the marital status of a person.</p> \n         </div>\n         <p>\n            <b>Copyright Statement:</b> Copyright © HL7.org 2011+\n         </p>\n         <p>This value set includes codes from the following code systems:</p>\n         <ul>\n            <li>Include these codes as defined in \n               <a href=\"http://hl7.org/fhir/STU3/v3/MaritalStatus/cs.html\">\n                  <code>http://hl7.org/fhir/v3/MaritalStatus</code>\n               </a>\n               <table class=\"none\">\n                  <tr>\n                     <td style=\"white-space:nowrap\">\n                        <b>Code</b>\n                     </td>\n                     <td>\n                        <b>Display</b>\n                     </td>\n                  </tr>\n                  <tr>\n                     <td>\n                        <a href=\"http://hl7.org/fhir/STU3/v3/MaritalStatus/cs.html#v3-MaritalStatus-A\">A</a>\n                     </td>\n                     <td>Annulled</td>\n                     <td>Marriage contract has been declared null and to not have existed</td>\n                  </tr>\n                  <tr>\n                     <td>\n                        <a href=\"http://hl7.org/fhir/STU3/v3/MaritalStatus/cs.html#v3-MaritalStatus-D\">D</a>\n                     </td>\n                     <td>Divorced</td>\n                     <td>Marriage contract has been declared dissolved and inactive</td>\n                  </tr>\n                  <tr>\n                     <td>\n                        <a href=\"http://hl7.org/fhir/STU3/v3/MaritalStatus/cs.html#v3-MaritalStatus-I\">I</a>\n                     </td>\n                     <td>Interlocutory</td>\n                     <td>Subject to an Interlocutory Decree.</td>\n                  </tr>\n                  <tr>\n                     <td>\n                        <a href=\"http://hl7.org/fhir/STU3/v3/MaritalStatus/cs.html#v3-MaritalStatus-L\">L</a>\n                     </td>\n                     <td>Legally Separated</td>\n                     <td>Legally Separated</td>\n                  </tr>\n                  <tr>\n                     <td>\n                        <a href=\"http://hl7.org/fhir/STU3/v3/MaritalStatus/cs.html#v3-MaritalStatus-M\">M</a>\n                     </td>\n                     <td>Married</td>\n                     <td>A current marriage contract is active</td>\n                  </tr>\n                  <tr>\n                     <td>\n                        <a href=\"http://hl7.org/fhir/STU3/v3/MaritalStatus/cs.html#v3-MaritalStatus-P\">P</a>\n                     </td>\n                     <td>Polygamous</td>\n                     <td>More than 1 current spouse</td>\n                  </tr>\n                  <tr>\n                     <td>\n                        <a href=\"http://hl7.org/fhir/STU3/v3/MaritalStatus/cs.html#v3-MaritalStatus-S\">S</a>\n                     </td>\n                     <td>Never Married</td>\n                     <td>No marriage contract has ever been entered</td>\n                  </tr>\n                  <tr>\n                     <td>\n                        <a href=\"http://hl7.org/fhir/STU3/v3/MaritalStatus/cs.html#v3-MaritalStatus-T\">T</a>\n                     </td>\n                     <td>Domestic partner</td>\n                     <td>Person declares that a domestic partner relationship exists.</td>\n                  </tr>\n                  <tr>\n                     <td>\n                        <a href=\"http://hl7.org/fhir/STU3/v3/MaritalStatus/cs.html#v3-MaritalStatus-U\">U</a>\n                     </td>\n                     <td>unmaried</td>\n                     <td>Currently not in a marriage contract.</td>\n                  </tr>\n                  <tr>\n                     <td>\n                        <a href=\"http://hl7.org/fhir/STU3/v3/MaritalStatus/cs.html#v3-MaritalStatus-W\">W</a>\n                     </td>\n                     <td>Widowed</td>\n                     <td>The spouse has died</td>\n                  </tr>\n               </table>\n            </li>\n            <li>Include these codes as defined in \n               <a href=\"http://hl7.org/fhir/STU3/v3/NullFlavor/cs.html\">\n                  <code>http://hl7.org/fhir/v3/NullFlavor</code>\n               </a>\n               <table class=\"none\">\n                  <tr>\n                     <td style=\"white-space:nowrap\">\n                        <b>Code</b>\n                     </td>\n                     <td>\n                        <b>Display</b>\n                     </td>\n                  </tr>\n                  <tr>\n                     <td>\n                        <a href=\"http://hl7.org/fhir/STU3/v3/NullFlavor/cs.html#v3-NullFlavor-UNK\">UNK</a>\n                     </td>\n                     <td>unknown</td>\n                     <td>Description:A proper value is applicable, but not known.\n                        <br/> Usage Notes: This means the actual value is not known.  If the only thing that is unknown is how to properly express the value in the necessary constraints (value set, datatype, etc.), then the OTH or UNC flavor should be used.  No properties should be included for a datatype with this property unless:\n                        <br/> Those properties themselves directly translate to a semantic of &quot;unknown&quot;.  (E.g. a local code sent as a translation that conveys 'unknown')\n                           Those properties further qualify the nature of what is unknown.  (E.g. specifying a use code of &quot;H&quot; and a URL prefix of &quot;tel:&quot; to convey that it is the home phone number that is unknown.)\n                     </td>\n                  </tr>\n               </table>\n            </li>\n         </ul>\n      </div>"},"extension":[{"url":"http://hl7.org/fhir/StructureDefinition/valueset-map","valueReference":{"reference":"https://hl7.org.uk/fhir/ConceptMap/CareConnect-MaritalStatus-1"}},{"url":"http://hl7.org/fhir/StructureDefinition/valueset-sourceReference","valueUri":"http://hl7.org/fhir/ValueSet/marital-status"},{"url":"http://hl7.org/fhir/StructureDefinition/structuredefinition-wg","valueCode":"pa"},{"url":"http://hl7.org/fhir/StructureDefinition/structuredefinition-fmm","valueInteger":5},{"url":"http://hl7.org/fhir/StructureDefinition/structuredefinition-ballot-status","valueString":"Informative"}],"url":"https://hl7.org.uk/fhir/ValueSet/CareConnect-MaritalStatus-1","identifier":[{"system":"urn:ietf:rfc:3986","value":"urn:oid:2.16.840.1.113883.4.642.3.28"}],"version":"4.0.0","name":"Marital Status Codes","status":"draft","date":"2017-04-18T22:44:47+01:00","publisher":"INTEROPen","contact":[{"telecom":[{"system":"other","value":"https://chat.fhir.org/#narrow/stream/179189-uk"}]}],"description":"This value set defines the set of codes that can be used to indicate the marital status of a person.","jurisdiction":[{"coding":[{"system":"http://unstats.un.org/unsd/methods/m49/m49.htm","code":"826"}]}],"copyright":"Copyright © HL7.org 2011+","extensible":true,"compose":{"include":[{"system":"http://hl7.org/fhir/v3/MaritalStatus","concept":[{"code":"A","display":"Annulled"},{"code":"D","display":"Divorced"},{"code":"I","display":"Interlocutory"},{"code":"L","display":"Legally Separated"},{"code":"M","display":"Married"},{"code":"P","display":"Polygamous"},{"code":"S","display":"Never Married"},{"code":"T","display":"Domestic partner"},{"code":"U","display":"unmaried"},{"code":"W","display":"Widowed"}]},{"system":"http://hl7.org/fhir/v3/NullFlavor","concept":[{"code":"UNK","display":"unknown"}]}]}}