{"resourceType":"ValueSet","id":"CareConnect-ProblemSignificance-1","text":{"status":"generated","div":"<div xmlns=\"http://www.w3.org/1999/xhtml\">\n         <h2>Care Connect Problem Significance</h2>\n         <div>\n            <p>A code to record the significance of a Problem Header Condition.</p> \n         </div>\n         <p>\n            <b>Copyright Statement:</b> Copyright © 2016 HL7 UK\n         </p>\n         <p>This value set includes codes from the following code systems:</p>\n         <ul>\n            <li>Include all codes defined in \n               <a href=\"CareConnect-ProblemSignificance-1.html\">\n                  <code>https://hl7.org.uk/fhir/CodeSystem/CareConnect-ProblemSignificance-1</code>\n               </a>\n            </li>\n         </ul>\n      </div>"},"url":"https://hl7.org.uk/fhir/ValueSet/CareConnect-ProblemSignificance-1","version":"4.0.0","name":"Care Connect Problem Significance","status":"draft","date":"2018-04-16T01:00:00+01:00","publisher":"INTEROPen","contact":[{"telecom":[{"system":"other","value":"https://chat.fhir.org/#narrow/stream/179189-uk"}]}],"description":"A code to record the significance of a Problem Header Condition.","jurisdiction":[{"coding":[{"system":"http://unstats.un.org/unsd/methods/m49/m49.htm","code":"826"}]}],"copyright":"Copyright © 2016 HL7 UK","compose":{"include":[{"system":"https://hl7.org.uk/fhir/CodeSystem/CareConnect-ProblemSignificance-1"}]}}