{"resourceType":"ValueSet","id":"CareConnect-ACVPU-1","text":{"status":"generated","div":"<div xmlns=\"http://www.w3.org/1999/xhtml\"> \n         <h2>Care Connect ACVPU</h2> \n         <div> \n            <p>A code from the SNOMED Clinical Terminology UK coding system which describes whether a patient is mentally alert, unresponsive, responds to voice, responds to pain or is acutely confused.</p> \n         </div> \n         <p> \n            <b>Copyright Statement:</b> This value set includes content from SNOMED CT, which is copyright © 2002+ International Health Terminology Standards Development Organisation (IHTSDO), and distributed by agreement between IHTSDO and HL7. Implementer use of SNOMED CT is not covered by this agreement. \n         </p> \n         <p>This value set includes codes from the following code systems:</p> \n         <ul> \n            <li>Include codes from \n               <a href=\"http://www.snomed.org/\"> \n                  <code>http://snomed.info/sct</code> \n               </a> where constraint  =  (248234008 |Mentally alert| OR 300202002 |Responds to voice| OR 450847001 |Responds to pain| OR 422768004 |Unresponsive| OR 130987000 |Acute confusion|) \n            </li> \n         </ul> \n      </div>"},"url":"https://hl7.org.uk/fhir/ValueSet/CareConnect-ACVPU-1","version":"4.0.0","name":"Care Connect ACVPU","status":"draft","date":"2018-11-08T16:01:00+00:00","publisher":"INTEROPen","contact":[{"telecom":[{"system":"other","value":"https://chat.fhir.org/#narrow/stream/179189-uk"}]}],"description":"A code from the SNOMED Clinical Terminology UK coding system which describes whether a patient is mentally alert, unresponsive, responds to voice, responds to pain or is acutely confused.","jurisdiction":[{"coding":[{"system":"http://unstats.un.org/unsd/methods/m49/m49.htm","code":"826"}]}],"copyright":"This value set includes content from SNOMED CT, which is copyright © 2002+ International Health Terminology Standards Development Organisation (IHTSDO), and distributed by agreement between IHTSDO and HL7. Implementer use of SNOMED CT is not covered by this agreement.","compose":{"include":[{"system":"http://snomed.info/sct","filter":[{"property":"constraint","op":"=","value":"(248234008 |Mentally alert| OR 300202002 |Responds to voice| OR 450847001 |Responds to pain| OR 422768004 |Unresponsive| OR 130987000 |Acute confusion|)"}]}]},"expansion":{"identifier":"c3f271f3-259b-4613-b8a1-33705dc38461","timestamp":"2019-12-11T16:50:29+00:00","total":5,"parameter":[{"name":"version","valueUri":"http://snomed.info/sct?version=http%3A%2F%2Fsnomed.info%2Fsct%2F999000031000000106%2Fversion%2F20190807"},{"name":"count","valueInteger":2147483647},{"name":"offset","valueInteger":0}],"contains":[{"system":"http://snomed.info/sct","code":"422768004","display":"Unresponsive"},{"system":"http://snomed.info/sct","code":"248234008","display":"Mentally alert"},{"system":"http://snomed.info/sct","code":"300202002","display":"Responds to voice"},{"system":"http://snomed.info/sct","code":"450847001","display":"Responds to pain"},{"system":"http://snomed.info/sct","code":"130987000","display":"Acute confusion"}]}}