{"resourceType":"ValueSet","id":"CareConnect-SaturatedOxygenSp02Scale-1","text":{"status":"generated","div":"<div xmlns=\"http://www.w3.org/1999/xhtml\"> \n         <h2>Care Connect Saturated Oxygen Sp02 Scale</h2> \n         <div> \n            <p>A code from the SNOMED Clinical Terminology UK coding system which describes whether a saturated oxygen (Sp02) Scale of 1 or 2 should be used.  SpO2 Scale 2 is used in patients with hypercapnic respiratory failure (usually due to COPD)</p> \n         </div> \n         <p> \n            <b>Copyright Statement:</b> This value set includes content from SNOMED CT, which is copyright © 2002+ International Health Terminology Standards Development Organisation (IHTSDO), and distributed by agreement between IHTSDO and HL7. Implementer use of SNOMED CT is not covered by this agreement. \n         </p> \n         <p>This value set includes codes from the following code systems:</p> \n         <ul> \n            <li>Include codes from \n               <a href=\"http://www.snomed.org/\"> \n                  <code>http://snomed.info/sct</code> \n               </a> where constraint  =  (1104311000000102 |Royal College of Physicians National Early Warning Score 2 - oxygen saturation scale 1 score| OR 1104321000000108 |Royal College of Physicians National Early Warning Score 2 - oxygen saturation scale 2 score|) \n            </li> \n         </ul> \n      </div>"},"url":"https://hl7.org.uk/fhir/ValueSet/CareConnect-SaturatedOxygenSp02Scale-1","version":"4.0.0","name":"Care Connect Saturated Oxygen Sp02 Scale","status":"draft","date":"2018-10-19T13:48:00+01:00","publisher":"INTEROPen","contact":[{"telecom":[{"system":"other","value":"https://chat.fhir.org/#narrow/stream/179189-uk"}]}],"description":"A code from the SNOMED Clinical Terminology UK coding system which describes whether a saturated oxygen (Sp02) Scale of 1 or 2 should be used.  SpO2 Scale 2 is used in patients with hypercapnic respiratory failure (usually due to COPD)","jurisdiction":[{"coding":[{"system":"http://unstats.un.org/unsd/methods/m49/m49.htm","code":"826"}]}],"copyright":"This value set includes content from SNOMED CT, which is copyright © 2002+ International Health Terminology Standards Development Organisation (IHTSDO), and distributed by agreement between IHTSDO and HL7. Implementer use of SNOMED CT is not covered by this agreement.","compose":{"include":[{"system":"http://snomed.info/sct","filter":[{"property":"constraint","op":"=","value":"(1104311000000102 |Royal College of Physicians National Early Warning Score 2 - oxygen saturation scale 1 score| OR 1104321000000108 |Royal College of Physicians National Early Warning Score 2 - oxygen saturation scale 2 score|)"}]}]},"expansion":{"identifier":"5d1cef79-e433-4482-b6af-7b8a123b45d4","timestamp":"2019-12-11T16:50:26+00:00","total":0,"parameter":[{"name":"version","valueUri":"http://snomed.info/sct?version=http%3A%2F%2Fsnomed.info%2Fsct%2F999000031000000106%2Fversion%2F20190807"},{"name":"count","valueInteger":2147483647},{"name":"offset","valueInteger":0}]}}