{"resourceType":"ValueSet","id":"CareConnect-ReactionEventSeverity-1","text":{"status":"generated","div":"<div xmlns=\"http://www.w3.org/1999/xhtml\">\n         <h2>AllergyIntoleranceSeverity</h2>\n         <div>\n            <p>Clinical assessment of the severity of a reaction event as a whole, potentially considering multiple different manifestations.</p> \n         </div>\n         <p>\n            <b>Copyright Statement:</b> Copyright © HL7.org 2011+\n         </p>\n         <p>This value set includes codes from the following code systems:</p>\n         <ul>\n            <li>Include these codes as defined in \n               <a href=\"http://hl7.org/fhir/STU3/codesystem-reaction-event-severity.html\">\n                  <code>http://hl7.org/fhir/reaction-event-severity</code>\n               </a>\n               <table class=\"none\">\n                  <tr>\n                     <td style=\"white-space:nowrap\">\n                        <b>Code</b>\n                     </td>\n                     <td>\n                        <b>Display</b>\n                     </td>\n                  </tr>\n                  <tr>\n                     <td>\n                        <a href=\"http://hl7.org/fhir/STU3/codesystem-reaction-event-severity.html#reaction-event-severity-mild\">mild</a>\n                     </td>\n                     <td>Mild</td>\n                     <td>Causes mild physiological effects.</td>\n                  </tr>\n                  <tr>\n                     <td>\n                        <a href=\"http://hl7.org/fhir/STU3/codesystem-reaction-event-severity.html#reaction-event-severity-moderate\">moderate</a>\n                     </td>\n                     <td>Moderate</td>\n                     <td>Causes moderate physiological effects.</td>\n                  </tr>\n                  <tr>\n                     <td>\n                        <a href=\"http://hl7.org/fhir/STU3/codesystem-reaction-event-severity.html#reaction-event-severity-severe\">severe</a>\n                     </td>\n                     <td>Severe</td>\n                     <td>Causes severe physiological effects.</td>\n                  </tr>\n               </table>\n            </li>\n         </ul>\n      </div>"},"extension":[{"url":"http://hl7.org/fhir/StructureDefinition/valueset-map","valueReference":{"reference":"https://hl7.org.uk/fhir/ConceptMap/CareConnect-AllergySeverity-1"}},{"url":"http://hl7.org/fhir/StructureDefinition/valueset-sourceReference","valueUri":"http://hl7.org/fhir/ValueSet/reaction-event-severity"},{"url":"http://hl7.org/fhir/StructureDefinition/structuredefinition-wg","valueCode":"pc"},{"url":"http://hl7.org/fhir/StructureDefinition/structuredefinition-fmm","valueInteger":3},{"url":"http://hl7.org/fhir/StructureDefinition/structuredefinition-ballot-status","valueString":"Informative"}],"url":"https://hl7.org.uk/fhir/ValueSet/CareConnect-ReactionEventSeverity-1","identifier":[{"system":"urn:ietf:rfc:3986","value":"urn:oid:2.16.840.1.113883.4.642.3.125"}],"version":"4.0.0","name":"AllergyIntoleranceSeverity","status":"draft","date":"2017-04-18T22:44:47+01:00","publisher":"INTEROPen","contact":[{"telecom":[{"system":"other","value":"https://chat.fhir.org/#narrow/stream/179189-uk"}]}],"description":"Clinical assessment of the severity of a reaction event as a whole, potentially considering multiple different manifestations.","jurisdiction":[{"coding":[{"system":"http://unstats.un.org/unsd/methods/m49/m49.htm","code":"826"}]}],"copyright":"Copyright © HL7.org 2011+","compose":{"include":[{"system":"http://hl7.org/fhir/reaction-event-severity","concept":[{"code":"mild","display":"Mild"},{"code":"moderate","display":"Moderate"},{"code":"severe","display":"Severe"}]}]}}