{"resourceType":"ValueSet","id":"CareConnect-ListCode-1","text":{"status":"generated","div":"<div xmlns=\"http://www.w3.org/1999/xhtml\"> \n         <h2>Care Connect List Code</h2> \n         <div> \n            <p>A ValueSet to identify the purpose of a list.</p> \n         </div> \n         <p> \n            <b>Copyright Statement:</b> Copyright © 2019 HL7 UK \n         </p> \n         <p>This value set includes codes from the following code systems:</p> \n         <ul> \n            <li>Include these codes as defined in \n               <a href=\"http://www.snomed.org/\"> \n                  <code>http://snomed.info/sct</code> \n               </a> \n               <table class=\"none\"> \n                  <tr> \n                     <td style=\"white-space:nowrap\"> \n                        <b>Code</b> \n                     </td> \n                     <td> \n                        <b>Display</b> \n                     </td> \n                  </tr> \n                  <tr> \n                     <td> \n                        <a href=\"http://browser.ihtsdotools.org/?perspective=full&amp;conceptId1=887161000000102\">887161000000102</a> \n                     </td> \n                     <td>Diagnoses</td> \n                     <td/> \n                  </tr> \n                  <tr> \n                     <td> \n                        <a href=\"http://browser.ihtsdotools.org/?perspective=full&amp;conceptId1=887171000000109\">887171000000109</a> \n                     </td> \n                     <td>Procedures</td> \n                     <td/> \n                  </tr> \n                  <tr> \n                     <td> \n                        <a href=\"http://browser.ihtsdotools.org/?perspective=full&amp;conceptId1=717711000000103\">717711000000103</a> \n                     </td> \n                     <td>Problems</td> \n                     <td/> \n                  </tr> \n                  <tr> \n                     <td> \n                        <a href=\"http://browser.ihtsdotools.org/?perspective=full&amp;conceptId1=933361000000108\">933361000000108</a> \n                     </td> \n                     <td>Medications and medical devices</td> \n                     <td/> \n                  </tr> \n                  <tr> \n                     <td> \n                        <a href=\"http://browser.ihtsdotools.org/?perspective=full&amp;conceptId1=886921000000105\">886921000000105</a> \n                     </td> \n                     <td>Allergies and adverse reactions</td> \n                     <td/> \n                  </tr> \n                  <tr> \n                     <td> \n                        <a href=\"http://browser.ihtsdotools.org/?perspective=full&amp;conceptId1=1102411000000102\">1102411000000102</a> \n                     </td> \n                     <td>Active medications</td> \n                     <td/> \n                  </tr> \n                  <tr> \n                     <td> \n                        <a href=\"http://browser.ihtsdotools.org/?perspective=full&amp;conceptId1=1102191000000100\">1102191000000100</a> \n                     </td> \n                     <td>Discontinued medications</td> \n                     <td/> \n                  </tr> \n                  <tr> \n                     <td> \n                        <a href=\"http://browser.ihtsdotools.org/?perspective=full&amp;conceptId1=1103671000000101\">1103671000000101</a> \n                     </td> \n                     <td>Ended allergies</td> \n                     <td/> \n                  </tr> \n                  <tr> \n                     <td> \n                        <a href=\"http://browser.ihtsdotools.org/?perspective=full&amp;conceptId1=325851000000107\">325851000000107</a> \n                     </td> \n                     <td>Consultation</td> \n                     <td/> \n                  </tr> \n                  <tr> \n                     <td> \n                        <a href=\"http://browser.ihtsdotools.org/?perspective=full&amp;conceptId1=25851000000105\">25851000000105</a> \n                     </td> \n                     <td>Topic (EHR)</td> \n                     <td/> \n                  </tr> \n                  <tr> \n                     <td> \n                        <a href=\"http://browser.ihtsdotools.org/?perspective=full&amp;conceptId1=24781000000107\">24781000000107</a> \n                     </td> \n                     <td>Category (EHR)</td> \n                     <td/> \n                  </tr> \n                  <tr> \n                     <td> \n                        <a href=\"http://browser.ihtsdotools.org/?perspective=full&amp;conceptId1=1102181000000102\">1102181000000102</a> \n                     </td> \n                     <td>Immunisations</td> \n                     <td/> \n                  </tr> \n                  <tr> \n                     <td> \n                        <a href=\"http://browser.ihtsdotools.org/?perspective=full&amp;conceptId1=826501000000100\">826501000000100</a> \n                     </td> \n                     <td>Miscellaneous record</td> \n                     <td/> \n                  </tr> \n                  <tr> \n                     <td> \n                        <a href=\"http://browser.ihtsdotools.org/?perspective=full&amp;conceptId1=792931000000107\">792931000000107</a> \n                     </td> \n                     <td>Outbound referral</td> \n                     <td/> \n                  </tr> \n                  <tr> \n                     <td> \n                        <a href=\"http://browser.ihtsdotools.org/?perspective=full&amp;conceptId1=887191000000108\">887191000000108</a> \n                     </td> \n                     <td>Investigations and results</td> \n                     <td/> \n                  </tr> \n                  <tr> \n                     <td> \n                        <a href=\"http://browser.ihtsdotools.org/?perspective=full&amp;conceptId1=1149501000000101\">1149501000000101</a> \n                     </td> \n                     <td>List of consultations</td> \n                     <td/> \n                  </tr> \n               </table> \n            </li> \n         </ul> \n      </div>"},"url":"https://hl7.org.uk/fhir/ValueSet/CareConnect-ListCode-1","version":"4.0.0","name":"Care Connect List Code","status":"draft","date":"2019-11-22T17:18:00+00:00","publisher":"INTEROPen","contact":[{"telecom":[{"system":"other","value":"https://chat.fhir.org/#narrow/stream/179189-uk"}]}],"description":"A ValueSet to identify the purpose of a list.","jurisdiction":[{"coding":[{"system":"http://unstats.un.org/unsd/methods/m49/m49.htm","code":"826"}]}],"copyright":"Copyright © 2019 HL7 UK","compose":{"include":[{"system":"http://snomed.info/sct","concept":[{"code":"887161000000102","display":"Diagnoses"},{"code":"887171000000109","display":"Procedures"},{"code":"717711000000103","display":"Problems"},{"code":"933361000000108","display":"Medications and medical devices"},{"code":"886921000000105","display":"Allergies and adverse reactions"},{"code":"1102411000000102","display":"Active medications"},{"code":"1102191000000100","display":"Discontinued medications"},{"code":"1103671000000101","display":"Ended allergies"},{"code":"325851000000107","display":"Consultation"},{"code":"25851000000105","display":"Topic (EHR)"},{"code":"24781000000107","display":"Category (EHR)"},{"code":"1102181000000102","display":"Immunisations"},{"code":"826501000000100","display":"Miscellaneous record"},{"code":"792931000000107","display":"Outbound referral"},{"code":"887191000000108","display":"Investigations and results"},{"code":"1149501000000101","display":"List of consultations"}]}]},"expansion":{"identifier":"ceef99eb-eabc-4110-af7e-f79ea52e8c40","timestamp":"2019-12-11T16:50:32+00:00","total":0,"parameter":[{"name":"version","valueUri":"http://snomed.info/sct?version=http%3A%2F%2Fsnomed.info%2Fsct%2F999000031000000106%2Fversion%2F20190807"},{"name":"count","valueInteger":2147483647},{"name":"offset","valueInteger":0}]}}