<?xml version="1.0" encoding="UTF-8"?><CodeSystem xmlns="http://hl7.org/fhir"><id value="CareConnect-EthnicCategory-1"/><text><status value="generated"/><div xmlns="http://www.w3.org/1999/xhtml">
         <h2>Care Connect Ethnic Category</h2>
         <div>
            <p>A CodeSystem to identify the ethnicity of a Person, as specified by the Person. This vocabulary describes a persons ethnic category, it is an extension of the Ethnic Category Code described in the NHS Data Model and Dictionary.</p> 
         </div>
         <p>This code system https://hl7.org.uk/fhir/CodeSystem/CareConnect-EthnicCategory-1 defines the following codes:</p>
         <table class="codes">
            <tr>
               <td style="white-space:nowrap">
                  <b>Code</b>
               </td>
               <td>
                  <b>Display</b>
               </td>
               <td>
                  <b>Definition</b>
               </td>
            </tr>
            <tr>
               <td style="white-space:nowrap">A
                  <a name="CareConnect-EthnicCategory-1-A"> </a>
               </td>
               <td>British, Mixed British</td>
               <td/>
            </tr>
            <tr>
               <td style="white-space:nowrap">B
                  <a name="CareConnect-EthnicCategory-1-B"> </a>
               </td>
               <td>Irish</td>
               <td/>
            </tr>
            <tr>
               <td style="white-space:nowrap">C
                  <a name="CareConnect-EthnicCategory-1-C"> </a>
               </td>
               <td>Any other White background</td>
               <td/>
            </tr>
            <tr>
               <td style="white-space:nowrap">C2
                  <a name="CareConnect-EthnicCategory-1-C2"> </a>
               </td>
               <td>Northern Irish</td>
               <td/>
            </tr>
            <tr>
               <td style="white-space:nowrap">C3
                  <a name="CareConnect-EthnicCategory-1-C3"> </a>
               </td>
               <td>Other white, white unspecified</td>
               <td/>
            </tr>
            <tr>
               <td style="white-space:nowrap">CA
                  <a name="CareConnect-EthnicCategory-1-CA"> </a>
               </td>
               <td>English</td>
               <td/>
            </tr>
            <tr>
               <td style="white-space:nowrap">CB
                  <a name="CareConnect-EthnicCategory-1-CB"> </a>
               </td>
               <td>Scottish</td>
               <td/>
            </tr>
            <tr>
               <td style="white-space:nowrap">CC
                  <a name="CareConnect-EthnicCategory-1-CC"> </a>
               </td>
               <td>Welsh</td>
               <td/>
            </tr>
            <tr>
               <td style="white-space:nowrap">CD
                  <a name="CareConnect-EthnicCategory-1-CD"> </a>
               </td>
               <td>Cornish</td>
               <td/>
            </tr>
            <tr>
               <td style="white-space:nowrap">CE
                  <a name="CareConnect-EthnicCategory-1-CE"> </a>
               </td>
               <td>Cypriot (part not stated)</td>
               <td/>
            </tr>
            <tr>
               <td style="white-space:nowrap">CF
                  <a name="CareConnect-EthnicCategory-1-CF"> </a>
               </td>
               <td>Greek</td>
               <td/>
            </tr>
            <tr>
               <td style="white-space:nowrap">CG
                  <a name="CareConnect-EthnicCategory-1-CG"> </a>
               </td>
               <td>Greek Cypriot</td>
               <td/>
            </tr>
            <tr>
               <td style="white-space:nowrap">CH
                  <a name="CareConnect-EthnicCategory-1-CH"> </a>
               </td>
               <td>Turkish</td>
               <td/>
            </tr>
            <tr>
               <td style="white-space:nowrap">CJ
                  <a name="CareConnect-EthnicCategory-1-CJ"> </a>
               </td>
               <td>Turkish Cypriot</td>
               <td/>
            </tr>
            <tr>
               <td style="white-space:nowrap">CK
                  <a name="CareConnect-EthnicCategory-1-CK"> </a>
               </td>
               <td>Italian</td>
               <td/>
            </tr>
            <tr>
               <td style="white-space:nowrap">CL
                  <a name="CareConnect-EthnicCategory-1-CL"> </a>
               </td>
               <td>Irish Traveller</td>
               <td/>
            </tr>
            <tr>
               <td style="white-space:nowrap">CM
                  <a name="CareConnect-EthnicCategory-1-CM"> </a>
               </td>
               <td>Traveller</td>
               <td/>
            </tr>
            <tr>
               <td style="white-space:nowrap">CN
                  <a name="CareConnect-EthnicCategory-1-CN"> </a>
               </td>
               <td>Gypsy/Romany</td>
               <td/>
            </tr>
            <tr>
               <td style="white-space:nowrap">CP
                  <a name="CareConnect-EthnicCategory-1-CP"> </a>
               </td>
               <td>Polish</td>
               <td/>
            </tr>
            <tr>
               <td style="white-space:nowrap">CQ
                  <a name="CareConnect-EthnicCategory-1-CQ"> </a>
               </td>
               <td>All republics which made up the former USSR</td>
               <td/>
            </tr>
            <tr>
               <td style="white-space:nowrap">CR
                  <a name="CareConnect-EthnicCategory-1-CR"> </a>
               </td>
               <td>Kosovan</td>
               <td/>
            </tr>
            <tr>
               <td style="white-space:nowrap">CS
                  <a name="CareConnect-EthnicCategory-1-CS"> </a>
               </td>
               <td>Albanian</td>
               <td/>
            </tr>
            <tr>
               <td style="white-space:nowrap">CT
                  <a name="CareConnect-EthnicCategory-1-CT"> </a>
               </td>
               <td>Bosnian</td>
               <td/>
            </tr>
            <tr>
               <td style="white-space:nowrap">CU
                  <a name="CareConnect-EthnicCategory-1-CU"> </a>
               </td>
               <td>Croatian</td>
               <td/>
            </tr>
            <tr>
               <td style="white-space:nowrap">CV
                  <a name="CareConnect-EthnicCategory-1-CV"> </a>
               </td>
               <td>Serbian</td>
               <td/>
            </tr>
            <tr>
               <td style="white-space:nowrap">CW
                  <a name="CareConnect-EthnicCategory-1-CW"> </a>
               </td>
               <td>Other republics which made up the former Yugoslavia</td>
               <td/>
            </tr>
            <tr>
               <td style="white-space:nowrap">CX
                  <a name="CareConnect-EthnicCategory-1-CX"> </a>
               </td>
               <td>Mixed white</td>
               <td/>
            </tr>
            <tr>
               <td style="white-space:nowrap">CY
                  <a name="CareConnect-EthnicCategory-1-CY"> </a>
               </td>
               <td>Other white European, European unspecified, European mixed</td>
               <td/>
            </tr>
            <tr>
               <td style="white-space:nowrap">D
                  <a name="CareConnect-EthnicCategory-1-D"> </a>
               </td>
               <td>White and Black Caribbean</td>
               <td/>
            </tr>
            <tr>
               <td style="white-space:nowrap">E
                  <a name="CareConnect-EthnicCategory-1-E"> </a>
               </td>
               <td>White and Black African</td>
               <td/>
            </tr>
            <tr>
               <td style="white-space:nowrap">F
                  <a name="CareConnect-EthnicCategory-1-F"> </a>
               </td>
               <td>White and Asian</td>
               <td/>
            </tr>
            <tr>
               <td style="white-space:nowrap">G
                  <a name="CareConnect-EthnicCategory-1-G"> </a>
               </td>
               <td>Any other mixed background</td>
               <td/>
            </tr>
            <tr>
               <td style="white-space:nowrap">GA
                  <a name="CareConnect-EthnicCategory-1-GA"> </a>
               </td>
               <td>Black and Asian</td>
               <td/>
            </tr>
            <tr>
               <td style="white-space:nowrap">GB
                  <a name="CareConnect-EthnicCategory-1-GB"> </a>
               </td>
               <td>Black and Chinese</td>
               <td/>
            </tr>
            <tr>
               <td style="white-space:nowrap">GC
                  <a name="CareConnect-EthnicCategory-1-GC"> </a>
               </td>
               <td>Black and White</td>
               <td/>
            </tr>
            <tr>
               <td style="white-space:nowrap">GD
                  <a name="CareConnect-EthnicCategory-1-GD"> </a>
               </td>
               <td>Chinese and White</td>
               <td/>
            </tr>
            <tr>
               <td style="white-space:nowrap">GE
                  <a name="CareConnect-EthnicCategory-1-GE"> </a>
               </td>
               <td>Asian and Chinese</td>
               <td/>
            </tr>
            <tr>
               <td style="white-space:nowrap">GF
                  <a name="CareConnect-EthnicCategory-1-GF"> </a>
               </td>
               <td>Other Mixed, Mixed Unspecified</td>
               <td/>
            </tr>
            <tr>
               <td style="white-space:nowrap">H
                  <a name="CareConnect-EthnicCategory-1-H"> </a>
               </td>
               <td>Indian or British Indian</td>
               <td/>
            </tr>
            <tr>
               <td style="white-space:nowrap">J
                  <a name="CareConnect-EthnicCategory-1-J"> </a>
               </td>
               <td>Pakistani or British Pakistani</td>
               <td/>
            </tr>
            <tr>
               <td style="white-space:nowrap">K
                  <a name="CareConnect-EthnicCategory-1-K"> </a>
               </td>
               <td>Bangladeshi or British Bangladeshi</td>
               <td/>
            </tr>
            <tr>
               <td style="white-space:nowrap">L
                  <a name="CareConnect-EthnicCategory-1-L"> </a>
               </td>
               <td>Any other Asian background</td>
               <td/>
            </tr>
            <tr>
               <td style="white-space:nowrap">LA
                  <a name="CareConnect-EthnicCategory-1-LA"> </a>
               </td>
               <td>Mixed Asian</td>
               <td/>
            </tr>
            <tr>
               <td style="white-space:nowrap">LB
                  <a name="CareConnect-EthnicCategory-1-LB"> </a>
               </td>
               <td>Punjabi</td>
               <td/>
            </tr>
            <tr>
               <td style="white-space:nowrap">LC
                  <a name="CareConnect-EthnicCategory-1-LC"> </a>
               </td>
               <td>Kashmiri</td>
               <td/>
            </tr>
            <tr>
               <td style="white-space:nowrap">LD
                  <a name="CareConnect-EthnicCategory-1-LD"> </a>
               </td>
               <td>East African Asian</td>
               <td/>
            </tr>
            <tr>
               <td style="white-space:nowrap">LE
                  <a name="CareConnect-EthnicCategory-1-LE"> </a>
               </td>
               <td>Sri Lanka</td>
               <td/>
            </tr>
            <tr>
               <td style="white-space:nowrap">LF
                  <a name="CareConnect-EthnicCategory-1-LF"> </a>
               </td>
               <td>Tamil</td>
               <td/>
            </tr>
            <tr>
               <td style="white-space:nowrap">LG
                  <a name="CareConnect-EthnicCategory-1-LG"> </a>
               </td>
               <td>Sinhalese</td>
               <td/>
            </tr>
            <tr>
               <td style="white-space:nowrap">LH
                  <a name="CareConnect-EthnicCategory-1-LH"> </a>
               </td>
               <td>British Asian</td>
               <td/>
            </tr>
            <tr>
               <td style="white-space:nowrap">LJ
                  <a name="CareConnect-EthnicCategory-1-LJ"> </a>
               </td>
               <td>Caribbean Asian</td>
               <td/>
            </tr>
            <tr>
               <td style="white-space:nowrap">LK
                  <a name="CareConnect-EthnicCategory-1-LK"> </a>
               </td>
               <td>Other Asian, Asian unspecified</td>
               <td/>
            </tr>
            <tr>
               <td style="white-space:nowrap">M
                  <a name="CareConnect-EthnicCategory-1-M"> </a>
               </td>
               <td>Caribbean</td>
               <td/>
            </tr>
            <tr>
               <td style="white-space:nowrap">N
                  <a name="CareConnect-EthnicCategory-1-N"> </a>
               </td>
               <td>African</td>
               <td/>
            </tr>
            <tr>
               <td style="white-space:nowrap">P
                  <a name="CareConnect-EthnicCategory-1-P"> </a>
               </td>
               <td>Any other Black background</td>
               <td/>
            </tr>
            <tr>
               <td style="white-space:nowrap">PA
                  <a name="CareConnect-EthnicCategory-1-PA"> </a>
               </td>
               <td>Somali</td>
               <td/>
            </tr>
            <tr>
               <td style="white-space:nowrap">PB
                  <a name="CareConnect-EthnicCategory-1-PB"> </a>
               </td>
               <td>Mixed Black</td>
               <td/>
            </tr>
            <tr>
               <td style="white-space:nowrap">PC
                  <a name="CareConnect-EthnicCategory-1-PC"> </a>
               </td>
               <td>Nigerian</td>
               <td/>
            </tr>
            <tr>
               <td style="white-space:nowrap">PD
                  <a name="CareConnect-EthnicCategory-1-PD"> </a>
               </td>
               <td>Black British</td>
               <td/>
            </tr>
            <tr>
               <td style="white-space:nowrap">PE
                  <a name="CareConnect-EthnicCategory-1-PE"> </a>
               </td>
               <td>Other Black, Black unspecified</td>
               <td/>
            </tr>
            <tr>
               <td style="white-space:nowrap">R
                  <a name="CareConnect-EthnicCategory-1-R"> </a>
               </td>
               <td>Chinese</td>
               <td/>
            </tr>
            <tr>
               <td style="white-space:nowrap">S
                  <a name="CareConnect-EthnicCategory-1-S"> </a>
               </td>
               <td>Any other ethnic group</td>
               <td/>
            </tr>
            <tr>
               <td style="white-space:nowrap">SA
                  <a name="CareConnect-EthnicCategory-1-SA"> </a>
               </td>
               <td>Vietnamese</td>
               <td/>
            </tr>
            <tr>
               <td style="white-space:nowrap">SB
                  <a name="CareConnect-EthnicCategory-1-SB"> </a>
               </td>
               <td>Japanese</td>
               <td/>
            </tr>
            <tr>
               <td style="white-space:nowrap">SC
                  <a name="CareConnect-EthnicCategory-1-SC"> </a>
               </td>
               <td>Filipino</td>
               <td/>
            </tr>
            <tr>
               <td style="white-space:nowrap">SD
                  <a name="CareConnect-EthnicCategory-1-SD"> </a>
               </td>
               <td>Malaysian</td>
               <td/>
            </tr>
            <tr>
               <td style="white-space:nowrap">SE
                  <a name="CareConnect-EthnicCategory-1-SE"> </a>
               </td>
               <td>Any Other Group</td>
               <td/>
            </tr>
            <tr>
               <td style="white-space:nowrap">Z
                  <a name="CareConnect-EthnicCategory-1-Z"> </a>
               </td>
               <td>Not stated</td>
               <td/>
            </tr>
         </table>
      </div></text><extension url="http://hl7.org/fhir/StructureDefinition/codesystem-sourceReference"><valueUri value="http://www.datadictionary.nhs.uk/data_dictionary/data_field_notes/p/pds/pds_ethnic_category_code_de.asp?shownav=0"/></extension><url value="https://hl7.org.uk/fhir/CodeSystem/CareConnect-EthnicCategory-1"/><version value="4.0.0"/><name value="Care Connect Ethnic Category"/><status value="draft"/><date value="2018-11-02T00:00:00+00:00"/><publisher value="INTEROPen"/><contact><telecom><system value="other"/><value value="https://chat.fhir.org/#narrow/stream/179189-uk"/></telecom></contact><description value="A CodeSystem to identify the ethnicity of a Person, as specified by the Person. This vocabulary describes a persons ethnic category, it is an extension of the Ethnic Category Code described in the NHS Data Model and Dictionary."/><jurisdiction><coding><system value="http://unstats.un.org/unsd/methods/m49/m49.htm"/><code value="826"/></coding></jurisdiction><caseSensitive value="true"/><content value="complete"/><concept><code value="A"/><display value="British, Mixed British"/></concept><concept><code value="B"/><display value="Irish"/></concept><concept><code value="C"/><display value="Any other White background"/></concept><concept><code value="C2"/><display value="Northern Irish"/></concept><concept><code value="C3"/><display value="Other white, white unspecified"/></concept><concept><code value="CA"/><display value="English"/></concept><concept><code value="CB"/><display value="Scottish"/></concept><concept><code value="CC"/><display value="Welsh"/></concept><concept><code value="CD"/><display value="Cornish"/></concept><concept><code value="CE"/><display value="Cypriot (part not stated)"/></concept><concept><code value="CF"/><display value="Greek"/></concept><concept><code value="CG"/><display value="Greek Cypriot"/></concept><concept><code value="CH"/><display value="Turkish"/></concept><concept><code value="CJ"/><display value="Turkish Cypriot"/></concept><concept><code value="CK"/><display value="Italian"/></concept><concept><code value="CL"/><display value="Irish Traveller"/></concept><concept><code value="CM"/><display value="Traveller"/></concept><concept><code value="CN"/><display value="Gypsy/Romany"/></concept><concept><code value="CP"/><display value="Polish"/></concept><concept><code value="CQ"/><display value="All republics which made up the former USSR"/></concept><concept><code value="CR"/><display value="Kosovan"/></concept><concept><code value="CS"/><display value="Albanian"/></concept><concept><code value="CT"/><display value="Bosnian"/></concept><concept><code value="CU"/><display value="Croatian"/></concept><concept><code value="CV"/><display value="Serbian"/></concept><concept><code value="CW"/><display value="Other republics which made up the former Yugoslavia"/></concept><concept><code value="CX"/><display value="Mixed white"/></concept><concept><code value="CY"/><display value="Other white European, European unspecified, European mixed"/></concept><concept><code value="D"/><display value="White and Black Caribbean"/></concept><concept><code value="E"/><display value="White and Black African"/></concept><concept><code value="F"/><display value="White and Asian"/></concept><concept><code value="G"/><display value="Any other mixed background"/></concept><concept><code value="GA"/><display value="Black and Asian"/></concept><concept><code value="GB"/><display value="Black and Chinese"/></concept><concept><code value="GC"/><display value="Black and White"/></concept><concept><code value="GD"/><display value="Chinese and White"/></concept><concept><code value="GE"/><display value="Asian and Chinese"/></concept><concept><code value="GF"/><display value="Other Mixed, Mixed Unspecified"/></concept><concept><code value="H"/><display value="Indian or British Indian"/></concept><concept><code value="J"/><display value="Pakistani or British Pakistani"/></concept><concept><code value="K"/><display value="Bangladeshi or British Bangladeshi"/></concept><concept><code value="L"/><display value="Any other Asian background"/></concept><concept><code value="LA"/><display value="Mixed Asian"/></concept><concept><code value="LB"/><display value="Punjabi"/></concept><concept><code value="LC"/><display value="Kashmiri"/></concept><concept><code value="LD"/><display value="East African Asian"/></concept><concept><code value="LE"/><display value="Sri Lanka"/></concept><concept><code value="LF"/><display value="Tamil"/></concept><concept><code value="LG"/><display value="Sinhalese"/></concept><concept><code value="LH"/><display value="British Asian"/></concept><concept><code value="LJ"/><display value="Caribbean Asian"/></concept><concept><code value="LK"/><display value="Other Asian, Asian unspecified"/></concept><concept><code value="M"/><display value="Caribbean"/></concept><concept><code value="N"/><display value="African"/></concept><concept><code value="P"/><display value="Any other Black background"/></concept><concept><code value="PA"/><display value="Somali"/></concept><concept><code value="PB"/><display value="Mixed Black"/></concept><concept><code value="PC"/><display value="Nigerian"/></concept><concept><code value="PD"/><display value="Black British"/></concept><concept><code value="PE"/><display value="Other Black, Black unspecified"/></concept><concept><code value="R"/><display value="Chinese"/></concept><concept><code value="S"/><display value="Any other ethnic group"/></concept><concept><code value="SA"/><display value="Vietnamese"/></concept><concept><code value="SB"/><display value="Japanese"/></concept><concept><code value="SC"/><display value="Filipino"/></concept><concept><code value="SD"/><display value="Malaysian"/></concept><concept><code value="SE"/><display value="Any Other Group"/></concept><concept><code value="Z"/><display value="Not stated"/></concept></CodeSystem>