<?xml version="1.0" encoding="UTF-8"?><CodeSystem xmlns="http://hl7.org/fhir"><id value="CareConnect-ListEmptyReasonCode-1"/><text><status value="generated"/><div xmlns="http://www.w3.org/1999/xhtml">
         <h2>Care Connect List Empty Reason Code</h2>
         <div>
            <p>A CodeSystem to identify the reason a list may be empty.</p> 
         </div>
         <p>
            <b>Copyright Statement:</b> Copyright &#xA9; 2016 HL7 UK
         </p>
         <p>This code system https://hl7.org.uk/fhir/CodeSystem/CareConnect-ListEmptyReasonCode-1 defines the following codes:</p>
         <table class="codes">
            <tr>
               <td style="white-space:nowrap">
                  <b>Code</b>
               </td>
               <td>
                  <b>Display</b>
               </td>
               <td>
                  <b>Definition</b>
               </td>
            </tr>
            <tr>
               <td style="white-space:nowrap">no-content-recorded
                  <a name="CareConnect-ListEmptyReasonCode-1-no-content-recorded"> </a>
               </td>
               <td>No Content Recorded</td>
               <td/>
            </tr>
         </table>
      </div></text><url value="https://hl7.org.uk/fhir/CodeSystem/CareConnect-ListEmptyReasonCode-1"/><version value="4.0.0"/><name value="Care Connect List Empty Reason Code"/><status value="draft"/><date value="2018-11-01T00:00:00+00:00"/><publisher value="INTEROPen"/><contact><telecom><system value="other"/><value value="https://chat.fhir.org/#narrow/stream/179189-uk"/></telecom></contact><description value="A CodeSystem to identify the reason a list may be empty."/><jurisdiction><coding><system value="http://unstats.un.org/unsd/methods/m49/m49.htm"/><code value="826"/></coding></jurisdiction><copyright value="Copyright &#xA9; 2016 HL7 UK"/><caseSensitive value="true"/><content value="complete"/><concept><code value="no-content-recorded"/><display value="No Content Recorded"/></concept></CodeSystem>