<?xml version="1.0" encoding="UTF-8"?><CodeSystem xmlns="http://hl7.org/fhir"><id value="CareConnect-ImmunizationExplanationReason-1"/><text><status value="generated"/><div xmlns="http://www.w3.org/1999/xhtml">
         <h2>Care Connect Immunization Explanation Reason</h2>
         <div>
            <p>A CodeSystem that identifies a code to record the reason why a vaccine was administered.</p> 
         </div>
         <p>
            <b>Copyright Statement:</b> Copyright &#xA9; 2016 HL7 UK
         </p>
         <p>This code system https://hl7.org.uk/fhir/CodeSystem/CareConnect-ImmunizationExplanationReason-1 defines the following codes:</p>
         <table class="codes">
            <tr>
               <td style="white-space:nowrap">
                  <b>Code</b>
               </td>
               <td>
                  <b>Display</b>
               </td>
               <td>
                  <b>Definition</b>
               </td>
            </tr>
            <tr>
               <td style="white-space:nowrap">1
                  <a name="CareConnect-ImmunizationExplanationReason-1-1"> </a>
               </td>
               <td>Routine mass immunisation</td>
               <td/>
            </tr>
            <tr>
               <td style="white-space:nowrap">2
                  <a name="CareConnect-ImmunizationExplanationReason-1-2"> </a>
               </td>
               <td>Travel to endemic area</td>
               <td/>
            </tr>
            <tr>
               <td style="white-space:nowrap">3
                  <a name="CareConnect-ImmunizationExplanationReason-1-3"> </a>
               </td>
               <td>Planned travel to high risk area</td>
               <td/>
            </tr>
            <tr>
               <td style="white-space:nowrap">4
                  <a name="CareConnect-ImmunizationExplanationReason-1-4"> </a>
               </td>
               <td>Recent travel to high risk area</td>
               <td/>
            </tr>
            <tr>
               <td style="white-space:nowrap">5
                  <a name="CareConnect-ImmunizationExplanationReason-1-5"> </a>
               </td>
               <td>Subpopulation at special or unusual risk</td>
               <td/>
            </tr>
            <tr>
               <td style="white-space:nowrap">6
                  <a name="CareConnect-ImmunizationExplanationReason-1-6"> </a>
               </td>
               <td>High risk due to occupation</td>
               <td/>
            </tr>
            <tr>
               <td style="white-space:nowrap">7
                  <a name="CareConnect-ImmunizationExplanationReason-1-7"> </a>
               </td>
               <td>High risk due to lifestyle</td>
               <td/>
            </tr>
            <tr>
               <td style="white-space:nowrap">8
                  <a name="CareConnect-ImmunizationExplanationReason-1-8"> </a>
               </td>
               <td>High risk due to existing medical condition</td>
               <td/>
            </tr>
            <tr>
               <td style="white-space:nowrap">9
                  <a name="CareConnect-ImmunizationExplanationReason-1-9"> </a>
               </td>
               <td>Control of known sporadic outbreak</td>
               <td/>
            </tr>
            <tr>
               <td style="white-space:nowrap">10
                  <a name="CareConnect-ImmunizationExplanationReason-1-10"> </a>
               </td>
               <td>Patient request</td>
               <td/>
            </tr>
            <tr>
               <td style="white-space:nowrap">11
                  <a name="CareConnect-ImmunizationExplanationReason-1-11"> </a>
               </td>
               <td>Post-exposure prophyaxis</td>
               <td/>
            </tr>
            <tr>
               <td style="white-space:nowrap">12
                  <a name="CareConnect-ImmunizationExplanationReason-1-12"> </a>
               </td>
               <td>Other</td>
               <td/>
            </tr>
         </table>
      </div></text><url value="https://hl7.org.uk/fhir/CodeSystem/CareConnect-ImmunizationExplanationReason-1"/><version value="4.0.0"/><name value="Care Connect Immunization Explanation Reason"/><status value="draft"/><date value="2018-05-03T01:00:00+01:00"/><publisher value="INTEROPen"/><contact><telecom><system value="other"/><value value="https://chat.fhir.org/#narrow/stream/179189-uk"/></telecom></contact><description value="A CodeSystem that identifies a code to record the reason why a vaccine was administered."/><jurisdiction><coding><system value="http://unstats.un.org/unsd/methods/m49/m49.htm"/><code value="826"/></coding></jurisdiction><copyright value="Copyright &#xA9; 2016 HL7 UK"/><content value="complete"/><concept><code value="1"/><display value="Routine mass immunisation"/></concept><concept><code value="2"/><display value="Travel to endemic area"/></concept><concept><code value="3"/><display value="Planned travel to high risk area"/></concept><concept><code value="4"/><display value="Recent travel to high risk area"/></concept><concept><code value="5"/><display value="Subpopulation at special or unusual risk"/></concept><concept><code value="6"/><display value="High risk due to occupation"/></concept><concept><code value="7"/><display value="High risk due to lifestyle"/></concept><concept><code value="8"/><display value="High risk due to existing medical condition"/></concept><concept><code value="9"/><display value="Control of known sporadic outbreak"/></concept><concept><code value="10"/><display value="Patient request"/></concept><concept><code value="11"/><display value="Post-exposure prophyaxis"/></concept><concept><code value="12"/><display value="Other"/></concept></CodeSystem>