<?xml version="1.0" encoding="UTF-8"?><CodeSystem xmlns="http://hl7.org/fhir"><id value="CareConnect-DeathNotificationStatus-1"/><text><status value="generated"/><div xmlns="http://www.w3.org/1999/xhtml">
         <h2>Care Connect Death Notification Status</h2>
         <div>
            <p>A CodeSystem to identify the type of death notice as held on Personal Demographics Service (PDS).</p> 
         </div>
         <p>
            <b>Copyright Statement:</b> Copyright &#xA9; 2016 HL7 UK
         </p>
         <p>This code system https://hl7.org.uk/fhir/CodeSystem/CareConnect-DeathNotificationStatus-1 defines the following codes:</p>
         <table class="codes">
            <tr>
               <td style="white-space:nowrap">
                  <b>Code</b>
               </td>
               <td>
                  <b>Display</b>
               </td>
               <td>
                  <b>Definition</b>
               </td>
            </tr>
            <tr>
               <td style="white-space:nowrap">1
                  <a name="CareConnect-DeathNotificationStatus-1-1"> </a>
               </td>
               <td>Informal - death notice received via an update from a local NHS Organisation such as GP or Trust</td>
               <td/>
            </tr>
            <tr>
               <td style="white-space:nowrap">2
                  <a name="CareConnect-DeathNotificationStatus-1-2"> </a>
               </td>
               <td>Formal - death notice received from Registrar of Deaths</td>
               <td/>
            </tr>
            <tr>
               <td style="white-space:nowrap">U
                  <a name="CareConnect-DeathNotificationStatus-1-U"> </a>
               </td>
               <td>Removed</td>
               <td/>
            </tr>
         </table>
      </div></text><url value="https://hl7.org.uk/fhir/CodeSystem/CareConnect-DeathNotificationStatus-1"/><version value="4.0.0"/><name value="Care Connect Death Notification Status"/><status value="draft"/><date value="2018-11-12T00:00:00+00:00"/><publisher value="INTEROPen"/><contact><telecom><system value="other"/><value value="https://chat.fhir.org/#narrow/stream/179189-uk"/></telecom></contact><description value="A CodeSystem to identify the type of death notice as held on Personal Demographics Service (PDS)."/><jurisdiction><coding><system value="http://unstats.un.org/unsd/methods/m49/m49.htm"/><code value="826"/></coding></jurisdiction><copyright value="Copyright &#xA9; 2016 HL7 UK"/><caseSensitive value="true"/><content value="complete"/><concept><code value="1"/><display value="Informal - death notice received via an update from a local NHS Organisation such as GP or Trust"/></concept><concept><code value="2"/><display value="Formal - death notice received from Registrar of Deaths"/></concept><concept><code value="U"/><display value="Removed"/></concept></CodeSystem>