<?xml version="1.0" encoding="UTF-8"?><CodeSystem xmlns="http://hl7.org/fhir"><id value="CareConnect-RegistrationStatus-1"/><text><status value="generated"/><div xmlns="http://www.w3.org/1999/xhtml">
         <h2>Care Connect Registration Status</h2>
         <div>
            <p>A CodeSystem that identifies the status of registration for a patient at the healthcare organisation.</p> 
         </div>
         <p>
            <b>Copyright Statement:</b> Copyright &#xA9; 2016 HL7 UK
         </p>
         <p>This code system https://hl7.org.uk/fhir/CodeSystem/CareConnect-RegistrationStatus-1 defines the following codes:</p>
         <table class="codes">
            <tr>
               <td style="white-space:nowrap">
                  <b>Code</b>
               </td>
               <td>
                  <b>Display</b>
               </td>
               <td>
                  <b>Definition</b>
               </td>
            </tr>
            <tr>
               <td style="white-space:nowrap">A
                  <a name="CareConnect-RegistrationStatus-1-A"> </a>
               </td>
               <td>Active</td>
               <td/>
            </tr>
            <tr>
               <td style="white-space:nowrap">D
                  <a name="CareConnect-RegistrationStatus-1-D"> </a>
               </td>
               <td>Deduction Pending</td>
               <td/>
            </tr>
            <tr>
               <td style="white-space:nowrap">I
                  <a name="CareConnect-RegistrationStatus-1-I"> </a>
               </td>
               <td>Inactive</td>
               <td/>
            </tr>
            <tr>
               <td style="white-space:nowrap">R
                  <a name="CareConnect-RegistrationStatus-1-R"> </a>
               </td>
               <td>Registration Pending</td>
               <td/>
            </tr>
         </table>
      </div></text><url value="https://hl7.org.uk/fhir/CodeSystem/CareConnect-RegistrationStatus-1"/><version value="4.0.0"/><name value="Care Connect Registration Status"/><status value="draft"/><date value="2017-08-01T01:00:00+01:00"/><publisher value="INTEROPen"/><contact><telecom><system value="other"/><value value="https://chat.fhir.org/#narrow/stream/179189-uk"/></telecom></contact><description value="A CodeSystem that identifies the status of registration for a patient at the healthcare organisation."/><jurisdiction><coding><system value="http://unstats.un.org/unsd/methods/m49/m49.htm"/><code value="826"/></coding></jurisdiction><copyright value="Copyright &#xA9; 2016 HL7 UK"/><caseSensitive value="true"/><content value="complete"/><concept><code value="A"/><display value="Active"/></concept><concept><code value="D"/><display value="Deduction Pending"/></concept><concept><code value="I"/><display value="Inactive"/></concept><concept><code value="R"/><display value="Registration Pending"/></concept></CodeSystem>