<?xml version="1.0" encoding="UTF-8"?><CodeSystem xmlns="http://hl7.org/fhir"><id value="CareConnect-ConditionCategory-1"/><text><status value="generated"/><div xmlns="http://www.w3.org/1999/xhtml">
         <h2>Care Connect Condition Category</h2>
         <div>
            <p>A CodeSystem to identify the category of a condition.</p> 
         </div>
         <p>
            <b>Copyright Statement:</b> Copyright &#xA9; 2016 HL7 UK
         </p>
         <p>This code system https://hl7.org.uk/fhir/CodeSystem/CareConnect-ConditionCategory-1 defines the following codes:</p>
         <table class="codes">
            <tr>
               <td style="white-space:nowrap">
                  <b>Code</b>
               </td>
               <td>
                  <b>Display</b>
               </td>
               <td>
                  <b>Definition</b>
               </td>
            </tr>
            <tr>
               <td style="white-space:nowrap">problem-list-item
                  <a name="CareConnect-ConditionCategory-1-problem-list-item"> </a>
               </td>
               <td>Problem List Item</td>
               <td>An item on a problem list which can be managed over time and can be expressed by a practitioner (e.g. physician, nurse), patient, or related person.</td>
            </tr>
            <tr>
               <td style="white-space:nowrap">encounter-diagnosis
                  <a name="CareConnect-ConditionCategory-1-encounter-diagnosis"> </a>
               </td>
               <td>Encounter Diagnosis</td>
               <td>A point in time diagnosis (e.g. from a physician or nurse) in context of an encounter.</td>
            </tr>
            <tr>
               <td style="white-space:nowrap">presenting-complaint
                  <a name="CareConnect-ConditionCategory-1-presenting-complaint"> </a>
               </td>
               <td>Presenting Complaint</td>
               <td/>
            </tr>
            <tr>
               <td style="white-space:nowrap">co-morbidity
                  <a name="CareConnect-ConditionCategory-1-co-morbidity"> </a>
               </td>
               <td>Co-morbidity</td>
               <td/>
            </tr>
            <tr>
               <td style="white-space:nowrap">issue
                  <a name="CareConnect-ConditionCategory-1-issue"> </a>
               </td>
               <td>Issue</td>
               <td/>
            </tr>
         </table>
      </div></text><url value="https://hl7.org.uk/fhir/CodeSystem/CareConnect-ConditionCategory-1"/><version value="4.0.0"/><name value="Care Connect Condition Category"/><status value="draft"/><date value="2018-11-14T00:00:00+00:00"/><publisher value="INTEROPen"/><contact><telecom><system value="other"/><value value="https://chat.fhir.org/#narrow/stream/179189-uk"/></telecom></contact><description value="A CodeSystem to identify the category of a condition."/><jurisdiction><coding><system value="http://unstats.un.org/unsd/methods/m49/m49.htm"/><code value="826"/></coding></jurisdiction><copyright value="Copyright &#xA9; 2016 HL7 UK"/><caseSensitive value="true"/><content value="complete"/><concept><code value="problem-list-item"/><display value="Problem List Item"/><definition value="An item on a problem list which can be managed over time and can be expressed by a practitioner (e.g. physician, nurse), patient, or related person."/></concept><concept><code value="encounter-diagnosis"/><display value="Encounter Diagnosis"/><definition value="A point in time diagnosis (e.g. from a physician or nurse) in context of an encounter."/></concept><concept><code value="presenting-complaint"/><display value="Presenting Complaint"/></concept><concept><code value="co-morbidity"/><display value="Co-morbidity"/></concept><concept><code value="issue"/><display value="Issue"/></concept></CodeSystem>