<?xml version="1.0" encoding="UTF-8"?><CodeSystem xmlns="http://hl7.org/fhir"><id value="CareConnect-MedicationFlag-1"/><text><status value="generated"/><div xmlns="http://www.w3.org/1999/xhtml">
         <h2>Care Connect Medication Flag</h2>
         <div>
            <p>A CodeSystem to identify detail codes for flagged medication issues.</p> 
         </div>
         <p>
            <b>Copyright Statement:</b> Copyright &#xA9; 2016 HL7 UK
         </p>
         <p>This code system https://hl7.org.uk/fhir/CodeSystem/CareConnect-MedicationFlag-1 defines the following codes:</p>
         <table class="codes">
            <tr>
               <td style="white-space:nowrap">
                  <b>Code</b>
               </td>
               <td>
                  <b>Display</b>
               </td>
               <td>
                  <b>Definition</b>
               </td>
            </tr>
            <tr>
               <td style="white-space:nowrap">do-not-discontinue
                  <a name="CareConnect-MedicationFlag-1-do-not-discontinue"> </a>
               </td>
               <td>Do Not discontinue Medication</td>
               <td/>
            </tr>
            <tr>
               <td style="white-space:nowrap">continue-indefinitely
                  <a name="CareConnect-MedicationFlag-1-continue-indefinitely"> </a>
               </td>
               <td>Continue Indefinitely</td>
               <td/>
            </tr>
         </table>
      </div></text><url value="https://hl7.org.uk/fhir/CodeSystem/CareConnect-MedicationFlag-1"/><version value="4.0.0"/><name value="Care Connect Medication Flag"/><status value="draft"/><date value="2017-08-01T01:00:00+01:00"/><publisher value="INTEROPen"/><contact><telecom><system value="other"/><value value="https://chat.fhir.org/#narrow/stream/179189-uk"/></telecom></contact><description value="A CodeSystem to identify detail codes for flagged medication issues."/><jurisdiction><coding><system value="http://unstats.un.org/unsd/methods/m49/m49.htm"/><code value="826"/></coding></jurisdiction><copyright value="Copyright &#xA9; 2016 HL7 UK"/><caseSensitive value="true"/><content value="complete"/><concept><code value="do-not-discontinue"/><display value="Do Not discontinue Medication"/></concept><concept><code value="continue-indefinitely"/><display value="Continue Indefinitely"/></concept></CodeSystem>