<?xml version="1.0" encoding="UTF-8"?><CodeSystem xmlns="http://hl7.org/fhir"><id value="CareConnect-ResidentialStatus-1"/><text><status value="generated"/><div xmlns="http://www.w3.org/1999/xhtml">
         <h2>Care Connect Residential Status</h2>
         <div>
            <p>A CodeSystem that identifies the residential status of a patient.</p> 
         </div>
         <p>
            <b>Copyright Statement:</b> Copyright &#xA9; 2016 HL7 UK
         </p>
         <p>This code system https://hl7.org.uk/fhir/CodeSystem/CareConnect-ResidentialStatus-1 defines the following codes:</p>
         <table class="codes">
            <tr>
               <td style="white-space:nowrap">
                  <b>Code</b>
               </td>
               <td>
                  <b>Display</b>
               </td>
               <td>
                  <b>Definition</b>
               </td>
            </tr>
            <tr>
               <td style="white-space:nowrap">H
                  <a name="CareConnect-ResidentialStatus-1-H"> </a>
               </td>
               <td>UK Resident</td>
               <td/>
            </tr>
            <tr>
               <td style="white-space:nowrap">O
                  <a name="CareConnect-ResidentialStatus-1-O"> </a>
               </td>
               <td>Overseas Resident</td>
               <td/>
            </tr>
         </table>
      </div></text><url value="https://hl7.org.uk/fhir/CodeSystem/CareConnect-ResidentialStatus-1"/><version value="4.0.0"/><name value="Care Connect Residential Status"/><status value="draft"/><date value="2018-11-02T00:00:00+00:00"/><publisher value="INTEROPen"/><contact><telecom><system value="other"/><value value="https://chat.fhir.org/#narrow/stream/179189-uk"/></telecom></contact><description value="A CodeSystem that identifies the residential status of a patient."/><jurisdiction><coding><system value="http://unstats.un.org/unsd/methods/m49/m49.htm"/><code value="826"/></coding></jurisdiction><copyright value="Copyright &#xA9; 2016 HL7 UK"/><caseSensitive value="true"/><content value="complete"/><concept><code value="H"/><display value="UK Resident"/></concept><concept><code value="O"/><display value="Overseas Resident"/></concept></CodeSystem>