<?xml version="1.0" encoding="UTF-8"?><CodeSystem xmlns="http://hl7.org/fhir"><id value="CareConnect-AdmissionMethod-1"/><text><status value="generated"/><div xmlns="http://www.w3.org/1999/xhtml">
         <h2>NHS Data Model and Dictionary Admission Method</h2>
         <div>
            <p>The method of admission to a Hospital Provider Spell.</p> 
         </div>
         <p>
            <b>Copyright Statement:</b> Copyright &#xA9; 2016 HL7 UK
         </p>
         <p>This code system https://hl7.org.uk/fhir/CodeSystem/CareConnect-AdmissionMethod-1 defines the following codes:</p>
         <table class="codes">
            <tr>
               <td style="white-space:nowrap">
                  <b>Code</b>
               </td>
               <td>
                  <b>Display</b>
               </td>
               <td>
                  <b>Definition</b>
               </td>
            </tr>
            <tr>
               <td style="white-space:nowrap">11
                  <a name="CareConnect-AdmissionMethod-1-11"> </a>
               </td>
               <td>Waiting list</td>
               <td>Elective Admission, when the Decision To Admit could be separated in time from the actual admission. Note that this does not include a transfer from another Hospital Provider (see 81).</td>
            </tr>
            <tr>
               <td style="white-space:nowrap">12
                  <a name="CareConnect-AdmissionMethod-1-12"> </a>
               </td>
               <td>Booked</td>
               <td>Elective Admission, when the Decision To Admit could be separated in time from the actual admission. Note that this does not include a transfer from another Hospital Provider (see 81).</td>
            </tr>
            <tr>
               <td style="white-space:nowrap">13
                  <a name="CareConnect-AdmissionMethod-1-13"> </a>
               </td>
               <td>Planned</td>
               <td>Elective Admission, when the Decision To Admit could be separated in time from the actual admission. Note that this does not include a transfer from another Hospital Provider (see 81).</td>
            </tr>
            <tr>
               <td style="white-space:nowrap">21
                  <a name="CareConnect-AdmissionMethod-1-21"> </a>
               </td>
               <td>Accident and emergency or dental casualty department of the Health Care Provider</td>
               <td>Emergency Admission, when admission is unpredictable and at short notice because of clinical need.</td>
            </tr>
            <tr>
               <td style="white-space:nowrap">22
                  <a name="CareConnect-AdmissionMethod-1-22"> </a>
               </td>
               <td>General Practitioner: after a request for immediate admission has been made direct to a Hospital Provider, i.e. not through a Bed bureau, by a General Practitioner or deputy</td>
               <td>Emergency Admission, when admission is unpredictable and at short notice because of clinical need.</td>
            </tr>
            <tr>
               <td style="white-space:nowrap">23
                  <a name="CareConnect-AdmissionMethod-1-23"> </a>
               </td>
               <td>Bed bureau</td>
               <td>Emergency Admission, when admission is unpredictable and at short notice because of clinical need.</td>
            </tr>
            <tr>
               <td style="white-space:nowrap">24
                  <a name="CareConnect-AdmissionMethod-1-24"> </a>
               </td>
               <td>Consultant Clinic, of this or another Health Care Provider</td>
               <td>Emergency Admission, when admission is unpredictable and at short notice because of clinical need.</td>
            </tr>
            <tr>
               <td style="white-space:nowrap">25
                  <a name="CareConnect-AdmissionMethod-1-25"> </a>
               </td>
               <td>Admission via Mental Health Crisis Resolution Team</td>
               <td>Emergency Admission, when admission is unpredictable and at short notice because of clinical need.</td>
            </tr>
            <tr>
               <td style="white-space:nowrap">2A
                  <a name="CareConnect-AdmissionMethod-1-2A"> </a>
               </td>
               <td>Accident and Emergency Department of another provider where the Patient had not been admitted</td>
               <td>Emergency Admission, when admission is unpredictable and at short notice because of clinical need. Note - National Codes 2A, 2B, 2C and 2D have been introduced to replace National Code 28 &#39;Other means&#39;.  National Code 28 will be retired in the next version of the Commissioning Data Set.</td>
            </tr>
            <tr>
               <td style="white-space:nowrap">2B
                  <a name="CareConnect-AdmissionMethod-1-2B"> </a>
               </td>
               <td>Transfer of an admitted Patient from another Hospital Provider in an emergency</td>
               <td>Emergency Admission, when admission is unpredictable and at short notice because of clinical need. Note - National Codes 2A, 2B, 2C and 2D have been introduced to replace National Code 28 &#39;Other means&#39;.  National Code 28 will be retired in the next version of the Commissioning Data Set.</td>
            </tr>
            <tr>
               <td style="white-space:nowrap">2C
                  <a name="CareConnect-AdmissionMethod-1-2C"> </a>
               </td>
               <td>Baby born at home as intended</td>
               <td>Emergency Admission, when admission is unpredictable and at short notice because of clinical need. Note - National Codes 2A, 2B, 2C and 2D have been introduced to replace National Code 28 &#39;Other means&#39;.  National Code 28 will be retired in the next version of the Commissioning Data Set.</td>
            </tr>
            <tr>
               <td style="white-space:nowrap">2D
                  <a name="CareConnect-AdmissionMethod-1-2D"> </a>
               </td>
               <td>Other emergency admission</td>
               <td>Emergency Admission, when admission is unpredictable and at short notice because of clinical need. Note - National Codes 2A, 2B, 2C and 2D have been introduced to replace National Code 28 &#39;Other means&#39;.  National Code 28 will be retired in the next version of the Commissioning Data Set.</td>
            </tr>
            <tr>
               <td style="white-space:nowrap">28
                  <a name="CareConnect-AdmissionMethod-1-28"> </a>
               </td>
               <td>Other means</td>
               <td>Emergency Admission, when admission is unpredictable and at short notice because of clinical need. Note - National Code 28 is NOT valid for use in the Mental Health Services Data Set</td>
            </tr>
            <tr>
               <td style="white-space:nowrap">31
                  <a name="CareConnect-AdmissionMethod-1-31"> </a>
               </td>
               <td>Admitted ante-partum</td>
               <td>Maternity Admission, of a pregnant or recently pregnant woman to a maternity ward (including delivery facilities) except when the intention is to terminate the pregnancy.</td>
            </tr>
            <tr>
               <td style="white-space:nowrap">32
                  <a name="CareConnect-AdmissionMethod-1-32"> </a>
               </td>
               <td>Admitted post-partum</td>
               <td>Maternity Admission, of a pregnant or recently pregnant woman to a maternity ward (including delivery facilities) except when the intention is to terminate the pregnancy.</td>
            </tr>
            <tr>
               <td style="white-space:nowrap">82
                  <a name="CareConnect-AdmissionMethod-1-82"> </a>
               </td>
               <td>The birth of a baby in this Health Care Provider</td>
               <td>Other Admission not specified above</td>
            </tr>
            <tr>
               <td style="white-space:nowrap">83
                  <a name="CareConnect-AdmissionMethod-1-83"> </a>
               </td>
               <td>Baby born outside the Health Care Provider except when born at home as intended.</td>
               <td>Other Admission not specified above</td>
            </tr>
            <tr>
               <td style="white-space:nowrap">81
                  <a name="CareConnect-AdmissionMethod-1-81"> </a>
               </td>
               <td>Transfer of any admitted Patient from other Hospital Provider other than in an emergency</td>
               <td>Other Admission not specified above</td>
            </tr>
         </table>
      </div></text><extension url="http://hl7.org/fhir/StructureDefinition/codesystem-sourceReference"><valueUri value="http://www.datadictionary.nhs.uk/data_dictionary/attributes/a/add/admission_method_de.asp?shownav=1"/></extension><url value="https://hl7.org.uk/fhir/CodeSystem/CareConnect-AdmissionMethod-1"/><version value="4.0.0"/><name value="NHS Data Model and Dictionary Admission Method"/><status value="draft"/><date value="2018-11-14T00:00:00+00:00"/><publisher value="INTEROPen"/><contact><telecom><system value="other"/><value value="https://chat.fhir.org/#narrow/stream/179189-uk"/></telecom></contact><description value="The method of admission to a Hospital Provider Spell."/><jurisdiction><coding><system value="http://unstats.un.org/unsd/methods/m49/m49.htm"/><code value="826"/></coding></jurisdiction><copyright value="Copyright &#xA9; 2016 HL7 UK"/><caseSensitive value="true"/><content value="complete"/><concept><code value="11"/><display value="Waiting list"/><definition value="Elective Admission, when the Decision To Admit could be separated in time from the actual admission. Note that this does not include a transfer from another Hospital Provider (see 81)."/></concept><concept><code value="12"/><display value="Booked"/><definition value="Elective Admission, when the Decision To Admit could be separated in time from the actual admission. Note that this does not include a transfer from another Hospital Provider (see 81)."/></concept><concept><code value="13"/><display value="Planned"/><definition value="Elective Admission, when the Decision To Admit could be separated in time from the actual admission. Note that this does not include a transfer from another Hospital Provider (see 81)."/></concept><concept><code value="21"/><display value="Accident and emergency or dental casualty department of the Health Care Provider"/><definition value="Emergency Admission, when admission is unpredictable and at short notice because of clinical need."/></concept><concept><code value="22"/><display value="General Practitioner: after a request for immediate admission has been made direct to a Hospital Provider, i.e. not through a Bed bureau, by a General Practitioner or deputy"/><definition value="Emergency Admission, when admission is unpredictable and at short notice because of clinical need."/></concept><concept><code value="23"/><display value="Bed bureau"/><definition value="Emergency Admission, when admission is unpredictable and at short notice because of clinical need."/></concept><concept><code value="24"/><display value="Consultant Clinic, of this or another Health Care Provider"/><definition value="Emergency Admission, when admission is unpredictable and at short notice because of clinical need."/></concept><concept><code value="25"/><display value="Admission via Mental Health Crisis Resolution Team"/><definition value="Emergency Admission, when admission is unpredictable and at short notice because of clinical need."/></concept><concept><code value="2A"/><display value="Accident and Emergency Department of another provider where the Patient had not been admitted"/><definition value="Emergency Admission, when admission is unpredictable and at short notice because of clinical need. Note - National Codes 2A, 2B, 2C and 2D have been introduced to replace National Code 28 &#39;Other means&#39;.  National Code 28 will be retired in the next version of the Commissioning Data Set."/></concept><concept><code value="2B"/><display value="Transfer of an admitted Patient from another Hospital Provider in an emergency"/><definition value="Emergency Admission, when admission is unpredictable and at short notice because of clinical need. Note - National Codes 2A, 2B, 2C and 2D have been introduced to replace National Code 28 &#39;Other means&#39;.  National Code 28 will be retired in the next version of the Commissioning Data Set."/></concept><concept><code value="2C"/><display value="Baby born at home as intended"/><definition value="Emergency Admission, when admission is unpredictable and at short notice because of clinical need. Note - National Codes 2A, 2B, 2C and 2D have been introduced to replace National Code 28 &#39;Other means&#39;.  National Code 28 will be retired in the next version of the Commissioning Data Set."/></concept><concept><code value="2D"/><display value="Other emergency admission"/><definition value="Emergency Admission, when admission is unpredictable and at short notice because of clinical need. Note - National Codes 2A, 2B, 2C and 2D have been introduced to replace National Code 28 &#39;Other means&#39;.  National Code 28 will be retired in the next version of the Commissioning Data Set."/></concept><concept><code value="28"/><display value="Other means"/><definition value="Emergency Admission, when admission is unpredictable and at short notice because of clinical need. Note - National Code 28 is NOT valid for use in the Mental Health Services Data Set"/></concept><concept><code value="31"/><display value="Admitted ante-partum"/><definition value="Maternity Admission, of a pregnant or recently pregnant woman to a maternity ward (including delivery facilities) except when the intention is to terminate the pregnancy."/></concept><concept><code value="32"/><display value="Admitted post-partum"/><definition value="Maternity Admission, of a pregnant or recently pregnant woman to a maternity ward (including delivery facilities) except when the intention is to terminate the pregnancy."/></concept><concept><code value="82"/><display value="The birth of a baby in this Health Care Provider"/><definition value="Other Admission not specified above"/></concept><concept><code value="83"/><display value="Baby born outside the Health Care Provider except when born at home as intended."/><definition value="Other Admission not specified above"/></concept><concept><code value="81"/><display value="Transfer of any admitted Patient from other Hospital Provider other than in an emergency"/><definition value="Other Admission not specified above"/></concept></CodeSystem>