<?xml version="1.0" encoding="UTF-8"?><ConceptMap xmlns="http://hl7.org/fhir"><id value="CareConnect-AdministrativeGender-1"/><text><status value="generated"/><div xmlns="http://www.w3.org/1999/xhtml">
         <h2>Concept Map - Care Connect Administrative Gender (https://hl7.org.uk/fhir/ConceptMap/CareConnect-AdministrativeGender-1)</h2>
         <p>Mapping from 
            <a href="valueset-CareConnect-AdministrativeGender-1.html">https://hl7.org.uk/fhir/ValueSet/CareConnect-AdministrativeGender-1</a> to 
            <a href="valueset-CareConnect-NHSDataDictionary-PersonStatedGender-1.html">https://hl7.org.uk/fhir/ValueSet/CareConnect-NHSDataDictionary-PersonStatedGender-1</a>
         </p>
         <p>ACTIVE. Published on 1 Aug 2017, 01:00:00 by INTEROpen (). Copyright &#xA9; 2016 HL7 UK</p>
         <div>
            <p>A Concept Map from ValueSet Administrative Gender to NHS Data Dictionary Person Stated Gender to aid interpretation.</p> 
         </div>
         <br/>
         <table class="grid">
            <tr>
               <td>
                  <b>Source Code</b>
               </td>
               <td>
                  <b>Relationship</b>
               </td>
               <td>
                  <b>Destination Code</b>
               </td>
            </tr>
            <tr>
               <td>male</td>
               <td>equivalent</td>
               <td>1 (Male)</td>
            </tr>
            <tr>
               <td>female</td>
               <td>equivalent</td>
               <td>2 (Female)</td>
            </tr>
            <tr>
               <td>other</td>
               <td>equivalent</td>
               <td>9 (Indeterminate (unable to be classified as either male or female))</td>
            </tr>
            <tr>
               <td>unknown</td>
               <td>equivalent</td>
               <td>X (Not Known (not recorded))</td>
            </tr>
         </table>
      </div></text><url value="https://hl7.org.uk/fhir/ConceptMap/CareConnect-AdministrativeGender-1"/><version value="4.0.0"/><name value="Concept Map - Care Connect Administrative Gender"/><status value="active"/><date value="2017-08-01T01:00:00+01:00"/><publisher value="INTEROPen"/><contact><telecom><system value="other"/><value value="https://chat.fhir.org/#narrow/stream/179189-uk"/></telecom></contact><description value="A Concept Map from ValueSet Administrative Gender to NHS Data Dictionary Person Stated Gender to aid interpretation."/><jurisdiction><coding><system value="http://unstats.un.org/unsd/methods/m49/m49.htm"/><code value="826"/></coding></jurisdiction><copyright value="Copyright &#xA9; 2016 HL7 UK"/><sourceUri value="https://hl7.org.uk/fhir/ValueSet/CareConnect-AdministrativeGender-1"/><targetUri value="https://hl7.org.uk/fhir/ValueSet/CareConnect-NHSDataDictionary-PersonStatedGender-1"/><group><source value="http://hl7.org/fhir/administrative-gender"/><target value="https://hl7.org.uk/fhir/CodeSystem/CareConnect-NHSDataDictionary-PersonStatedGender-1"/><element><code value="male"/><display value="Male"/><target><code value="1"/><display value="Male"/><equivalence value="equivalent"/></target></element><element><code value="female"/><display value="Female"/><target><code value="2"/><display value="Female"/><equivalence value="equivalent"/></target></element><element><code value="other"/><display value="Other"/><target><code value="9"/><display value="Indeterminate (unable to be classified as either male or female)"/><equivalence value="equivalent"/></target></element><element><code value="unknown"/><display value="Unknown"/><target><code value="X"/><display value="Not Known (not recorded)"/><equivalence value="equivalent"/></target></element></group></ConceptMap>