<?xml version="1.0" encoding="UTF-8"?><ConceptMap xmlns="http://hl7.org/fhir"><id value="CareConnect-PersonNameType-1"/><text><status value="generated"/><div xmlns="http://www.w3.org/1999/xhtml">
         <h2>Concept Map - Care Connect Person Name Type (https://hl7.org.uk/fhir/ConceptMap/CareConnect-PersonNameType-1)</h2>
         <p>Mapping from 
            <a href="valueset-CareConnect-NameUse-1.html">https://hl7.org.uk/fhir/ValueSet/CareConnect-NameUse-1</a> to 
            <a href="valueset-CareConnect-PDS-PersonNameType-1.html">https://hl7.org.uk/fhir/ValueSet/CareConnect-PDS-PersonNameType-1</a>
         </p>
         <p>DRAFT. Published on 2 Nov 2018, 00:00:00 by INTEROpen (). Copyright &#xA9; 2016 HL7 UK</p>
         <div>
            <p>A Concept Map from ValueSet Name Use to PDS Person Name Type to aid interpretation.</p> 
         </div>
         <br/>
         <table class="grid">
            <tr>
               <td>
                  <b>Source Code</b>
               </td>
               <td>
                  <b>Relationship</b>
               </td>
               <td>
                  <b>Destination Code</b>
               </td>
            </tr>
            <tr>
               <td>official</td>
               <td>equivalent</td>
               <td>L (Usual (current) name)</td>
            </tr>
            <tr>
               <td>nickname</td>
               <td>equivalent</td>
               <td>A (Alias name)</td>
            </tr>
            <tr>
               <td>usual</td>
               <td>equivalent</td>
               <td>PREFERRED (Preferred name)</td>
            </tr>
            <tr>
               <td>old</td>
               <td>equivalent</td>
               <td>PREVIOUS (Other previous name)</td>
            </tr>
            <tr>
               <td>old</td>
               <td>equivalent</td>
               <td>PREVIOUS-BACHELOR (Bachelor name)</td>
            </tr>
            <tr>
               <td>old</td>
               <td>equivalent</td>
               <td>PREVIOUS-BIRTH (Birth name)</td>
            </tr>
            <tr>
               <td>old</td>
               <td>equivalent</td>
               <td>PREVIOUS-MAIDEN (Maiden name)</td>
            </tr>
         </table>
      </div></text><url value="https://hl7.org.uk/fhir/ConceptMap/CareConnect-PersonNameType-1"/><version value="4.0.0"/><name value="Concept Map - Care Connect Person Name Type"/><status value="draft"/><date value="2018-11-02T00:00:00+00:00"/><publisher value="INTEROPen"/><contact><telecom><system value="other"/><value value="https://chat.fhir.org/#narrow/stream/179189-uk"/></telecom></contact><description value="A Concept Map from ValueSet Name Use to PDS Person Name Type to aid interpretation."/><jurisdiction><coding><system value="http://unstats.un.org/unsd/methods/m49/m49.htm"/><code value="826"/></coding></jurisdiction><copyright value="Copyright &#xA9; 2016 HL7 UK"/><sourceUri value="https://hl7.org.uk/fhir/ValueSet/CareConnect-NameUse-1"/><targetUri value="https://hl7.org.uk/fhir/ValueSet/CareConnect-PDS-PersonNameType-1"/><group><source value="http://hl7.org/fhir/name-use"/><target value="https://hl7.org.uk/fhir/CodeSystem/CareConnect-PDS-PersonNameType-1"/><element><code value="official"/><display value="Official"/><target><code value="L"/><display value="Usual (current) name"/><equivalence value="equivalent"/></target></element><element><code value="nickname"/><display value="Nickname"/><target><code value="A"/><display value="Alias name"/><equivalence value="equivalent"/></target></element><element><code value="usual"/><display value="Usual"/><target><code value="PREFERRED"/><display value="Preferred name"/><equivalence value="equivalent"/></target></element><element><code value="old"/><display value="Old"/><target><code value="PREVIOUS"/><display value="Other previous name"/><equivalence value="equivalent"/></target></element><element><code value="old"/><display value="Old"/><target><code value="PREVIOUS-BACHELOR"/><display value="Bachelor name"/><equivalence value="equivalent"/></target></element><element><code value="old"/><display value="Old"/><target><code value="PREVIOUS-BIRTH"/><display value="Birth name"/><equivalence value="equivalent"/></target></element><element><code value="old"/><display value="Old"/><target><code value="PREVIOUS-MAIDEN"/><display value="Maiden name"/><equivalence value="equivalent"/></target></element></group></ConceptMap>