<?xml version="1.0" encoding="UTF-8"?><NamingSystem xmlns="http://hl7.org/fhir"><id value="uk-nhs-number"/><name value="NHS Number"/><status value="draft"/><kind value="identifier"/><date value="2015-05-01T00:00:00+01:00"/><publisher value="INTEROPen"/><contact><telecom><system value="other"/><value value="https://chat.fhir.org/#narrow/stream/179189-uk"/></telecom></contact><responsible value="NHS Digital"/><description value="NHS Number allocated to the patient in England and Wales    . [NHS Number](https://www.datadictionary.nhs.uk/data_dictionary/attributes/n/nhs/nhs_number_de.asp)"/><jurisdiction><coding><system value="http://unstats.un.org/unsd/methods/m49/m49.htm"/><code value="826"/></coding></jurisdiction><usage value="A unique patient identifier for everyone registered with the NHS in England and Wales."/><uniqueId><type value="uri"/><value value="https://fhir.nhs.uk/Id/nhs-number"/><preferred value="true"/></uniqueId><uniqueId><type value="oid"/><value value="2.16.840.1.113883.2.1.4.1"/><preferred value="false"/></uniqueId><uniqueId><type value="other"/><value value="NHS"/><preferred value="false"/><comment value="PID.3 (CX.4) HSCIC HL7 V2 ADT"/></uniqueId></NamingSystem>