<?xml version="1.0" encoding="UTF-8"?><NamingSystem xmlns="http://hl7.org/fhir"><id value="uk-chi-number"/><name value="CHI Number"/><status value="draft"/><kind value="identifier"/><date value="2019-12-09T00:00:00+00:00"/><publisher value="INTEROPen"/><contact><telecom><system value="other"/><value value="https://chat.fhir.org/#narrow/stream/179189-uk"/></telecom></contact><responsible value="NHS Scotland"/><description value="Community Health Index Number allocated to the patient in Scotland. [CHI Number](https://www.datadictionary.nhs.uk/data_dictionary/attributes/c/com/community_health_index_number_de.asp)"/><jurisdiction><coding><system value="http://unstats.un.org/unsd/methods/m49/m49.htm"/><code value="826"/></coding></jurisdiction><usage value="A patient identifier for everyone registered with the NHS in Scotland."/><uniqueId><type value="oid"/><value value="2.16.840.1.113883.2.1.3.2.4.16.53"/><preferred value="true"/></uniqueId></NamingSystem>