<?xml version="1.0" encoding="UTF-8"?><StructureDefinition xmlns="http://hl7.org/fhir"><id value="Extension-CareConnect-MedicationRepeatInformation-1"/><meta><lastUpdated value="2018-03-06T09:11:13.510+00:00"/></meta><text><status value="generated"/><div xmlns="http://www.w3.org/1999/xhtml">
         <table border="0" cellpadding="0" cellspacing="0" style="border: 0px #F0F0F0 solid; font-size: 11px; font-family: verdana; vertical-align: top;">
            <tr style="border: 1px #F0F0F0 solid; font-size: 11px; font-family: verdana; vertical-align: top;">
               <th style="vertical-align: top; text-align : left; background-color: white; border: 0px #F0F0F0 solid; padding:0px 4px 0px 4px" class="hierarchy">
                  <a href="http://hl7.org/fhir/STU3/formats.html#table" title="The logical name of the element">Name</a>
               </th>
               <th style="vertical-align: top; text-align : left; background-color: white; border: 0px #F0F0F0 solid; padding:0px 4px 0px 4px" class="hierarchy">
                  <a href="http://hl7.org/fhir/STU3/formats.html#table" title="Information about the use of the element">Flags</a>
               </th>
               <th style="vertical-align: top; text-align : left; background-color: white; border: 0px #F0F0F0 solid; padding:0px 4px 0px 4px" class="hierarchy">
                  <a href="http://hl7.org/fhir/STU3/formats.html#table" title="Minimum and Maximum # of times the the element can appear in the instance">Card.</a>
               </th>
               <th style="width: 100px" class="hierarchy">
                  <a href="http://hl7.org/fhir/STU3/formats.html#table" title="Reference to the type of the element">Type</a>
               </th>
               <th style="vertical-align: top; text-align : left; background-color: white; border: 0px #F0F0F0 solid; padding:0px 4px 0px 4px" class="hierarchy">
                  <a href="http://hl7.org/fhir/STU3/formats.html#table" title="Additional information about the element">Description &amp; Constraints</a>
                  <span style="float: right">
                     <a href="http://hl7.org/fhir/STU3/formats.html#table" title="Legend for this format">
                        <img src="http://hl7.org/fhir/STU3/help16.png" alt="doco" style="background-color: inherit"/>
                     </a>
                  </span>
               </th>
            </tr>
            <tr style="border: 0px #F0F0F0 solid; padding:0px; vertical-align: top; background-color: white;">
               <td style="vertical-align: top; text-align : left; background-color: white; border: 0px #F0F0F0 solid; padding:0px 4px 0px 4px; white-space: nowrap; background-image: url(tbl_bck1.png)" class="hierarchy">
                  <img src="tbl_spacer.png" alt="." style="background-color: inherit" class="hierarchy"/>
                  <img src="icon_element.gif" alt="." style="background-color: white; background-color: inherit" title="Element" class="hierarchy"/> 
                  <a href="extension-{{[id]}}-definitions.html#Extension" title="Medication repeat information.">Extension</a>
                  <a name="Extension"> </a>
               </td>
               <td style="vertical-align: top; text-align : left; background-color: white; border: 0px #F0F0F0 solid; padding:0px 4px 0px 4px" class="hierarchy"/>
               <td style="vertical-align: top; text-align : left; background-color: white; border: 0px #F0F0F0 solid; padding:0px 4px 0px 4px" class="hierarchy">
                  <span style="opacity: 0.4">0</span>..
                  <span style="opacity: 0.4">1</span>
               </td>
               <td style="vertical-align: top; text-align : left; background-color: white; border: 0px #F0F0F0 solid; padding:0px 4px 0px 4px" class="hierarchy"/>
               <td style="vertical-align: top; text-align : left; background-color: white; border: 0px #F0F0F0 solid; padding:0px 4px 0px 4px" class="hierarchy">Medication repeat information</td>
            </tr> 
            <tr style="border: 0px #F0F0F0 solid; padding:0px; vertical-align: top; background-color: #F7F7F7;">
               <td style="vertical-align: top; text-align : left; background-color: #F7F7F7; border: 0px #F0F0F0 solid; padding:0px 4px 0px 4px; white-space: nowrap; background-image: url(tbl_bck12.png)" class="hierarchy">
                  <img src="tbl_spacer.png" alt="." style="background-color: inherit" class="hierarchy"/>
                  <img src="tbl_vjoin.png" alt="." style="background-color: inherit" class="hierarchy"/>
                  <img src="icon_extension_simple.png" alt="." style="background-color: #F7F7F7; background-color: inherit" title="Simple Extension" class="hierarchy"/> 
                  <a href="extension-{{[id]}}-definitions.html#Extension.extension" title="null">extension</a>
                  <a name="Extension.extension"> </a>
               </td>
               <td style="vertical-align: top; text-align : left; background-color: #F7F7F7; border: 0px #F0F0F0 solid; padding:0px 4px 0px 4px" class="hierarchy"/>
               <td style="vertical-align: top; text-align : left; background-color: #F7F7F7; border: 0px #F0F0F0 solid; padding:0px 4px 0px 4px" class="hierarchy">
                  <span style="opacity: 0.4">0</span>
                  <span style="opacity: 0.5">..</span>
                  <span style="opacity: 0.4">*</span>
               </td>
               <td style="vertical-align: top; text-align : left; background-color: #F7F7F7; border: 0px #F0F0F0 solid; padding:0px 4px 0px 4px" class="hierarchy">
                  <a style="opacity: 0.4" href="http://hl7.org/fhir/STU3/extensibility.html#Extension">Extension</a>
               </td>
               <td style="vertical-align: top; text-align : left; background-color: #F7F7F7; border: 0px #F0F0F0 solid; padding:0px 4px 0px 4px" class="hierarchy">
                  <span style="font-weight:bold">Slice: </span>Unordered, Open by value:url
               </td>
            </tr> 
            <tr style="border: 0px #F0F0F0 solid; padding:0px; vertical-align: top; background-color: white;">
               <td style="vertical-align: top; text-align : left; background-color: white; border: 0px #F0F0F0 solid; padding:0px 4px 0px 4px; white-space: nowrap; background-image: url(tbl_bck15.png)" class="hierarchy">
                  <img src="tbl_spacer.png" alt="." style="background-color: inherit" class="hierarchy"/>
                  <img src="tbl_vjoin.png" alt="." style="background-color: inherit" class="hierarchy"/>
                  <img src="icon_slice_item.png" alt="." style="background-color: white; background-color: inherit" title="Slice Item" class="hierarchy"/> 
                  <a href="extension-{{[id]}}-definitions.html#Extension.extension:numberOfRepeatPrescriptionsAllowed" title="Slice numberOfRepeatPrescriptionsAllowed: Number of repeat prescriptions authorised.">extension:numberOfRepeatPrescriptionsAllowed</a>
                  <a name="Extension.extension"> </a>
               </td>
               <td style="vertical-align: top; text-align : left; background-color: white; border: 0px #F0F0F0 solid; padding:0px 4px 0px 4px" class="hierarchy"/>
               <td style="vertical-align: top; text-align : left; background-color: white; border: 0px #F0F0F0 solid; padding:0px 4px 0px 4px" class="hierarchy">
                  <span style="opacity: 0.4">0</span>..
                  <span style="opacity: 0.4">1</span>
               </td>
               <td style="vertical-align: top; text-align : left; background-color: white; border: 0px #F0F0F0 solid; padding:0px 4px 0px 4px" class="hierarchy">
                  <a style="opacity: 0.4" href="http://hl7.org/fhir/STU3/extensibility.html#Extension">Extension</a>
               </td>
               <td style="vertical-align: top; text-align : left; background-color: white; border: 0px #F0F0F0 solid; padding:0px 4px 0px 4px" class="hierarchy">Number of repeat prescriptions authorised</td>
            </tr> 
            <tr style="border: 0px #F0F0F0 solid; padding:0px; vertical-align: top; background-color: #F7F7F7;">
               <td style="vertical-align: top; text-align : left; background-color: #F7F7F7; border: 0px #F0F0F0 solid; padding:0px 4px 0px 4px; white-space: nowrap; background-image: url(tbl_bck150.png)" class="hierarchy">
                  <img src="tbl_spacer.png" alt="." style="background-color: inherit" class="hierarchy"/>
                  <img src="tbl_vline.png" alt="." style="background-color: inherit" class="hierarchy"/>
                  <img src="tbl_vjoin_slice.png" alt="." style="background-color: inherit" class="hierarchy"/>
                  <img src="icon_element.gif" alt="." style="background-color: #F7F7F7; background-color: inherit" title="Element" class="hierarchy"/> 
                  <a href="extension-{{[id]}}-definitions.html#Extension.extension:numberOfRepeatPrescriptionsAllowed.url" title="null">url</a>
                  <a name="Extension.extension.url"> </a>
               </td>
               <td style="vertical-align: top; text-align : left; background-color: #F7F7F7; border: 0px #F0F0F0 solid; padding:0px 4px 0px 4px" class="hierarchy"/>
               <td style="vertical-align: top; text-align : left; background-color: #F7F7F7; border: 0px #F0F0F0 solid; padding:0px 4px 0px 4px" class="hierarchy">
                  <span style="opacity: 0.4">1</span>
                  <span style="opacity: 0.5">..</span>
                  <span style="opacity: 0.4">1</span>
               </td>
               <td style="vertical-align: top; text-align : left; background-color: #F7F7F7; border: 0px #F0F0F0 solid; padding:0px 4px 0px 4px" class="hierarchy">
                  <a style="opacity: 0.4" href="http://hl7.org/fhir/STU3/datatypes.html#uri">uri</a>
               </td>
               <td style="vertical-align: top; text-align : left; background-color: #F7F7F7; border: 0px #F0F0F0 solid; padding:0px 4px 0px 4px" class="hierarchy">
                  <span style="color: darkgreen">&quot;numberOfRepeatPrescriptionsAllowed&quot;</span>
               </td>
            </tr> 
            <tr style="border: 0px #F0F0F0 solid; padding:0px; vertical-align: top; background-color: white;">
               <td style="vertical-align: top; text-align : left; background-color: white; border: 0px #F0F0F0 solid; padding:0px 4px 0px 4px; white-space: nowrap; background-image: url(tbl_bck144.png)" class="hierarchy">
                  <img src="tbl_spacer.png" alt="." style="background-color: inherit" class="hierarchy"/>
                  <img src="tbl_vline.png" alt="." style="background-color: inherit" class="hierarchy"/>
                  <img src="tbl_vjoin_end_slice.png" alt="." style="background-color: inherit" class="hierarchy"/>
                  <img src="icon_slice_item.png" alt="." style="background-color: white; background-color: inherit" title="Slice Item" class="hierarchy"/> 
                  <a href="extension-{{[id]}}-definitions.html#Extension.extension:numberOfRepeatPrescriptionsAllowed.valueUnsignedInt:valueUnsignedInt" title="Slice valueUnsignedInt: Number of issues authorised.">valueUnsignedInt:valueUnsignedInt</a>
                  <a name="Extension.extension.valueUnsignedInt"> </a>
               </td>
               <td style="vertical-align: top; text-align : left; background-color: white; border: 0px #F0F0F0 solid; padding:0px 4px 0px 4px" class="hierarchy"/>
               <td style="vertical-align: top; text-align : left; background-color: white; border: 0px #F0F0F0 solid; padding:0px 4px 0px 4px" class="hierarchy">1..1</td>
               <td style="vertical-align: top; text-align : left; background-color: white; border: 0px #F0F0F0 solid; padding:0px 4px 0px 4px" class="hierarchy">
                  <a href="http://hl7.org/fhir/STU3/datatypes.html#unsignedInt">unsignedInt</a>
               </td>
               <td style="vertical-align: top; text-align : left; background-color: white; border: 0px #F0F0F0 solid; padding:0px 4px 0px 4px" class="hierarchy">Number of issues authorised</td>
            </tr> 
            <tr style="border: 0px #F0F0F0 solid; padding:0px; vertical-align: top; background-color: #F7F7F7;">
               <td style="vertical-align: top; text-align : left; background-color: #F7F7F7; border: 0px #F0F0F0 solid; padding:0px 4px 0px 4px; white-space: nowrap; background-image: url(tbl_bck15.png)" class="hierarchy">
                  <img src="tbl_spacer.png" alt="." style="background-color: inherit" class="hierarchy"/>
                  <img src="tbl_vjoin.png" alt="." style="background-color: inherit" class="hierarchy"/>
                  <img src="icon_slice_item.png" alt="." style="background-color: #F7F7F7; background-color: inherit" title="Slice Item" class="hierarchy"/> 
                  <a href="extension-{{[id]}}-definitions.html#Extension.extension:numberOfRepeatPrescriptionsIssued" title="Slice numberOfRepeatPrescriptionsIssued: Number of repeat prescriptions issued.">extension:numberOfRepeatPrescriptionsIssued</a>
                  <a name="Extension.extension"> </a>
               </td>
               <td style="vertical-align: top; text-align : left; background-color: #F7F7F7; border: 0px #F0F0F0 solid; padding:0px 4px 0px 4px" class="hierarchy"/>
               <td style="vertical-align: top; text-align : left; background-color: #F7F7F7; border: 0px #F0F0F0 solid; padding:0px 4px 0px 4px" class="hierarchy">
                  <span style="opacity: 0.4">0</span>..
                  <span style="opacity: 0.4">1</span>
               </td>
               <td style="vertical-align: top; text-align : left; background-color: #F7F7F7; border: 0px #F0F0F0 solid; padding:0px 4px 0px 4px" class="hierarchy">
                  <a style="opacity: 0.4" href="http://hl7.org/fhir/STU3/extensibility.html#Extension">Extension</a>
               </td>
               <td style="vertical-align: top; text-align : left; background-color: #F7F7F7; border: 0px #F0F0F0 solid; padding:0px 4px 0px 4px" class="hierarchy">Number of repeat prescriptions issued</td>
            </tr> 
            <tr style="border: 0px #F0F0F0 solid; padding:0px; vertical-align: top; background-color: white;">
               <td style="vertical-align: top; text-align : left; background-color: white; border: 0px #F0F0F0 solid; padding:0px 4px 0px 4px; white-space: nowrap; background-image: url(tbl_bck150.png)" class="hierarchy">
                  <img src="tbl_spacer.png" alt="." style="background-color: inherit" class="hierarchy"/>
                  <img src="tbl_vline.png" alt="." style="background-color: inherit" class="hierarchy"/>
                  <img src="tbl_vjoin_slice.png" alt="." style="background-color: inherit" class="hierarchy"/>
                  <img src="icon_element.gif" alt="." style="background-color: white; background-color: inherit" title="Element" class="hierarchy"/> 
                  <a href="extension-{{[id]}}-definitions.html#Extension.extension:numberOfRepeatPrescriptionsIssued.url" title="null">url</a>
                  <a name="Extension.extension.url"> </a>
               </td>
               <td style="vertical-align: top; text-align : left; background-color: white; border: 0px #F0F0F0 solid; padding:0px 4px 0px 4px" class="hierarchy"/>
               <td style="vertical-align: top; text-align : left; background-color: white; border: 0px #F0F0F0 solid; padding:0px 4px 0px 4px" class="hierarchy">
                  <span style="opacity: 0.4">1</span>
                  <span style="opacity: 0.5">..</span>
                  <span style="opacity: 0.4">1</span>
               </td>
               <td style="vertical-align: top; text-align : left; background-color: white; border: 0px #F0F0F0 solid; padding:0px 4px 0px 4px" class="hierarchy">
                  <a style="opacity: 0.4" href="http://hl7.org/fhir/STU3/datatypes.html#uri">uri</a>
               </td>
               <td style="vertical-align: top; text-align : left; background-color: white; border: 0px #F0F0F0 solid; padding:0px 4px 0px 4px" class="hierarchy">
                  <span style="color: darkgreen">&quot;numberOfRepeatPrescriptionsIssued&quot;</span>
               </td>
            </tr> 
            <tr style="border: 0px #F0F0F0 solid; padding:0px; vertical-align: top; background-color: #F7F7F7;">
               <td style="vertical-align: top; text-align : left; background-color: #F7F7F7; border: 0px #F0F0F0 solid; padding:0px 4px 0px 4px; white-space: nowrap; background-image: url(tbl_bck144.png)" class="hierarchy">
                  <img src="tbl_spacer.png" alt="." style="background-color: inherit" class="hierarchy"/>
                  <img src="tbl_vline.png" alt="." style="background-color: inherit" class="hierarchy"/>
                  <img src="tbl_vjoin_end_slice.png" alt="." style="background-color: inherit" class="hierarchy"/>
                  <img src="icon_slice_item.png" alt="." style="background-color: #F7F7F7; background-color: inherit" title="Slice Item" class="hierarchy"/> 
                  <a href="extension-{{[id]}}-definitions.html#Extension.extension:numberOfRepeatPrescriptionsIssued.valueUnsignedInt:valueUnsignedInt" title="Slice valueUnsignedInt: Number of issues issued.">valueUnsignedInt:valueUnsignedInt</a>
                  <a name="Extension.extension.valueUnsignedInt"> </a>
               </td>
               <td style="vertical-align: top; text-align : left; background-color: #F7F7F7; border: 0px #F0F0F0 solid; padding:0px 4px 0px 4px" class="hierarchy"/>
               <td style="vertical-align: top; text-align : left; background-color: #F7F7F7; border: 0px #F0F0F0 solid; padding:0px 4px 0px 4px" class="hierarchy">
                  <span style="opacity: 0.4">0</span>
                  <span style="opacity: 0.5">..</span>
                  <span style="opacity: 0.4">1</span>
               </td>
               <td style="vertical-align: top; text-align : left; background-color: #F7F7F7; border: 0px #F0F0F0 solid; padding:0px 4px 0px 4px" class="hierarchy">
                  <a href="http://hl7.org/fhir/STU3/datatypes.html#unsignedInt">unsignedInt</a>
               </td>
               <td style="vertical-align: top; text-align : left; background-color: #F7F7F7; border: 0px #F0F0F0 solid; padding:0px 4px 0px 4px" class="hierarchy">Number of issues issued</td>
            </tr> 
            <tr style="border: 0px #F0F0F0 solid; padding:0px; vertical-align: top; background-color: white;">
               <td style="vertical-align: top; text-align : left; background-color: white; border: 0px #F0F0F0 solid; padding:0px 4px 0px 4px; white-space: nowrap; background-image: url(tbl_bck15.png)" class="hierarchy">
                  <img src="tbl_spacer.png" alt="." style="background-color: inherit" class="hierarchy"/>
                  <img src="tbl_vjoin.png" alt="." style="background-color: inherit" class="hierarchy"/>
                  <img src="icon_slice_item.png" alt="." style="background-color: white; background-color: inherit" title="Slice Item" class="hierarchy"/> 
                  <a href="extension-{{[id]}}-definitions.html#Extension.extension:authorisationExpiryDate" title="Slice authorisationExpiryDate: Repeat prescription review date.">extension:authorisationExpiryDate</a>
                  <a name="Extension.extension"> </a>
               </td>
               <td style="vertical-align: top; text-align : left; background-color: white; border: 0px #F0F0F0 solid; padding:0px 4px 0px 4px" class="hierarchy"/>
               <td style="vertical-align: top; text-align : left; background-color: white; border: 0px #F0F0F0 solid; padding:0px 4px 0px 4px" class="hierarchy">
                  <span style="opacity: 0.4">0</span>..
                  <span style="opacity: 0.4">1</span>
               </td>
               <td style="vertical-align: top; text-align : left; background-color: white; border: 0px #F0F0F0 solid; padding:0px 4px 0px 4px" class="hierarchy">
                  <a style="opacity: 0.4" href="http://hl7.org/fhir/STU3/extensibility.html#Extension">Extension</a>
               </td>
               <td style="vertical-align: top; text-align : left; background-color: white; border: 0px #F0F0F0 solid; padding:0px 4px 0px 4px" class="hierarchy">Repeat prescription review date</td>
            </tr> 
            <tr style="border: 0px #F0F0F0 solid; padding:0px; vertical-align: top; background-color: #F7F7F7;">
               <td style="vertical-align: top; text-align : left; background-color: #F7F7F7; border: 0px #F0F0F0 solid; padding:0px 4px 0px 4px; white-space: nowrap; background-image: url(tbl_bck150.png)" class="hierarchy">
                  <img src="tbl_spacer.png" alt="." style="background-color: inherit" class="hierarchy"/>
                  <img src="tbl_vline.png" alt="." style="background-color: inherit" class="hierarchy"/>
                  <img src="tbl_vjoin_slice.png" alt="." style="background-color: inherit" class="hierarchy"/>
                  <img src="icon_element.gif" alt="." style="background-color: #F7F7F7; background-color: inherit" title="Element" class="hierarchy"/> 
                  <a href="extension-{{[id]}}-definitions.html#Extension.extension:authorisationExpiryDate.url" title="null">url</a>
                  <a name="Extension.extension.url"> </a>
               </td>
               <td style="vertical-align: top; text-align : left; background-color: #F7F7F7; border: 0px #F0F0F0 solid; padding:0px 4px 0px 4px" class="hierarchy"/>
               <td style="vertical-align: top; text-align : left; background-color: #F7F7F7; border: 0px #F0F0F0 solid; padding:0px 4px 0px 4px" class="hierarchy">
                  <span style="opacity: 0.4">1</span>
                  <span style="opacity: 0.5">..</span>
                  <span style="opacity: 0.4">1</span>
               </td>
               <td style="vertical-align: top; text-align : left; background-color: #F7F7F7; border: 0px #F0F0F0 solid; padding:0px 4px 0px 4px" class="hierarchy">
                  <a style="opacity: 0.4" href="http://hl7.org/fhir/STU3/datatypes.html#uri">uri</a>
               </td>
               <td style="vertical-align: top; text-align : left; background-color: #F7F7F7; border: 0px #F0F0F0 solid; padding:0px 4px 0px 4px" class="hierarchy">
                  <span style="color: darkgreen">&quot;authorisationExpiryDate&quot;</span>
               </td>
            </tr> 
            <tr style="border: 0px #F0F0F0 solid; padding:0px; vertical-align: top; background-color: white;">
               <td style="vertical-align: top; text-align : left; background-color: white; border: 0px #F0F0F0 solid; padding:0px 4px 0px 4px; white-space: nowrap; background-image: url(tbl_bck144.png)" class="hierarchy">
                  <img src="tbl_spacer.png" alt="." style="background-color: inherit" class="hierarchy"/>
                  <img src="tbl_vline.png" alt="." style="background-color: inherit" class="hierarchy"/>
                  <img src="tbl_vjoin_end_slice.png" alt="." style="background-color: inherit" class="hierarchy"/>
                  <img src="icon_slice_item.png" alt="." style="background-color: white; background-color: inherit" title="Slice Item" class="hierarchy"/> 
                  <a href="extension-{{[id]}}-definitions.html#Extension.extension:authorisationExpiryDate.valueDateTime:valueDateTime" title="Slice valueDateTime: Repeat review date.">valueDateTime:valueDateTime</a>
                  <a name="Extension.extension.valueDateTime"> </a>
               </td>
               <td style="vertical-align: top; text-align : left; background-color: white; border: 0px #F0F0F0 solid; padding:0px 4px 0px 4px" class="hierarchy"/>
               <td style="vertical-align: top; text-align : left; background-color: white; border: 0px #F0F0F0 solid; padding:0px 4px 0px 4px" class="hierarchy">
                  <span style="opacity: 0.4">0</span>
                  <span style="opacity: 0.5">..</span>
                  <span style="opacity: 0.4">1</span>
               </td>
               <td style="vertical-align: top; text-align : left; background-color: white; border: 0px #F0F0F0 solid; padding:0px 4px 0px 4px" class="hierarchy">
                  <a href="http://hl7.org/fhir/STU3/datatypes.html#dateTime">dateTime</a>
               </td>
               <td style="vertical-align: top; text-align : left; background-color: white; border: 0px #F0F0F0 solid; padding:0px 4px 0px 4px" class="hierarchy">Repeat review date</td>
            </tr> 
            <tr style="border: 0px #F0F0F0 solid; padding:0px; vertical-align: top; background-color: #F7F7F7;">
               <td style="vertical-align: top; text-align : left; background-color: #F7F7F7; border: 0px #F0F0F0 solid; padding:0px 4px 0px 4px; white-space: nowrap; background-image: url(tbl_bck10.png)" class="hierarchy">
                  <img src="tbl_spacer.png" alt="." style="background-color: inherit" class="hierarchy"/>
                  <img src="tbl_vjoin.png" alt="." style="background-color: inherit" class="hierarchy"/>
                  <img src="icon_element.gif" alt="." style="background-color: #F7F7F7; background-color: inherit" title="Element" class="hierarchy"/> 
                  <a href="extension-{{[id]}}-definitions.html#Extension.url" title="null">url</a>
                  <a name="Extension.url"> </a>
               </td>
               <td style="vertical-align: top; text-align : left; background-color: #F7F7F7; border: 0px #F0F0F0 solid; padding:0px 4px 0px 4px" class="hierarchy"/>
               <td style="vertical-align: top; text-align : left; background-color: #F7F7F7; border: 0px #F0F0F0 solid; padding:0px 4px 0px 4px" class="hierarchy">
                  <span style="opacity: 0.4">1</span>
                  <span style="opacity: 0.5">..</span>
                  <span style="opacity: 0.4">1</span>
               </td>
               <td style="vertical-align: top; text-align : left; background-color: #F7F7F7; border: 0px #F0F0F0 solid; padding:0px 4px 0px 4px" class="hierarchy">
                  <a style="opacity: 0.4" href="http://hl7.org/fhir/STU3/datatypes.html#uri">uri</a>
               </td>
               <td style="vertical-align: top; text-align : left; background-color: #F7F7F7; border: 0px #F0F0F0 solid; padding:0px 4px 0px 4px" class="hierarchy">
                  <span style="color: darkgreen">&quot;https://hl7.org.uk/fhir/StructureDefinition/Extension-CareConnect-MedicationRepeatInformation-1&quot;</span>
               </td>
            </tr> 
            <tr style="border: 0px #F0F0F0 solid; padding:0px; vertical-align: top; background-color: white;">
               <td style="vertical-align: top; text-align : left; background-color: white; border: 0px #F0F0F0 solid; padding:0px 4px 0px 4px; white-space: nowrap; background-image: url(tbl_bck00.png)" class="hierarchy">
                  <img src="tbl_spacer.png" alt="." style="background-color: inherit" class="hierarchy"/>
                  <img src="tbl_vjoin_end.png" alt="." style="background-color: inherit" class="hierarchy"/>
                  <img src="icon_element.gif" alt="." style="background-color: white; background-color: inherit" title="Element" class="hierarchy"/> 
                  <span style="text-decoration:line-through" title="null">value[x]</span>
                  <a name="Extension.value_x_"> </a>
               </td>
               <td style="vertical-align: top; text-align : left; background-color: white; border: 0px #F0F0F0 solid; padding:0px 4px 0px 4px" class="hierarchy"/>
               <td style="vertical-align: top; text-align : left; background-color: white; border: 0px #F0F0F0 solid; padding:0px 4px 0px 4px" class="hierarchy">
                  <span style="text-decoration:line-through"/>
                  <span style="text-decoration:line-through">0</span>
                  <span style="text-decoration:line-through">..</span>
                  <span style="text-decoration:line-through">0</span>
               </td>
               <td style="vertical-align: top; text-align : left; background-color: white; border: 0px #F0F0F0 solid; padding:0px 4px 0px 4px" class="hierarchy"/>
               <td style="vertical-align: top; text-align : left; background-color: white; border: 0px #F0F0F0 solid; padding:0px 4px 0px 4px" class="hierarchy"/>
            </tr> 
            <tr>
               <td colspan="5" class="hierarchy">
                  <br/>
                  <a href="http://hl7.org/fhir/STU3/formats.html#table" title="Legend for this format">
                     <img src="http://hl7.org/fhir/STU3/help16.png" alt="doco" style="background-color: inherit"/> Documentation for this format
                  </a>
               </td>
            </tr>
         </table>
      </div></text><url value="https://hl7.org.uk/fhir/StructureDefinition/Extension-CareConnect-MedicationRepeatInformation-1"/><version value="4.0.0"/><name value="Extension-CareConnect-MedicationRepeatInformation-1"/><status value="draft"/><date value="2019-11-22T00:00:00+00:00"/><publisher value="INTEROPen"/><contact><telecom><system value="other"/><value value="https://chat.fhir.org/#narrow/stream/179189-uk"/></telecom></contact><description value="Indicates the specific repeat information of a medication item."/><jurisdiction><coding><system value="http://unstats.un.org/unsd/methods/m49/m49.htm"/><code value="826"/></coding></jurisdiction><purpose value="CURATED BY INTEROPen see: http://www.interopen.org/careconnect-curation-methodology/"/><copyright value="Copyright &#xA9; 2019 HL7 UK  Licensed under the Apache License, Version 2.0 (the &quot;License&quot;); you may not use this file except in compliance with the License. You may obtain a copy of the License at  http://www.apache.org/licenses/LICENSE-2.0  Unless required by applicable law or agreed to in writing, software distributed under the License is distributed on an &quot;AS IS&quot; BASIS, WITHOUT WARRANTIES OR CONDITIONS OF ANY KIND, either express or implied. See the License for the specific language governing permissions and limitations under the License.  HL7&#xAE; FHIR&#xAE; standard Copyright &#xA9; 2011+ HL7  The HL7&#xAE; FHIR&#xAE; standard is used under the FHIR license. You may obtain a copy of the FHIR license at  https://www.hl7.org/fhir/license.html"/><fhirVersion value="4.0.1"/><mapping><identity value="rim"/><uri value="http://hl7.org/v3"/><name value="RIM Mapping"/></mapping><kind value="complex-type"/><abstract value="false"/><context><type value="fhirpath"/><expression value="MedicationRequest"/></context><type value="Extension"/><baseDefinition value="http://hl7.org/fhir/StructureDefinition/Extension"/><derivation value="constraint"/><snapshot><element id="Extension"><path value="Extension"/><short value="Medication repeat information"/><definition value="Medication repeat information."/><min value="0"/><max value="1"/><base><path value="Extension"/><min value="0"/><max value="*"/></base><condition value="ele-1"/><constraint><key value="ele-1"/><severity value="error"/><human value="All FHIR elements must have a @value or children"/><expression value="hasValue() | (children().count() &gt; id.count())"/><xpath value="@value|f:*|h:div"/><source value="Element"/></constraint><constraint><key value="ext-1"/><severity value="error"/><human value="Must have either extensions or value[x], not both"/><expression value="extension.exists() != value.exists()"/><xpath value="exists(f:extension)!=exists(f:*[starts-with(local-name(.), &#39;value&#39;)])"/><source value="http://hl7.org/fhir/StructureDefinition/Extension"/></constraint></element><element id="Extension.id"><path value="Extension.id"/><representation value="xmlAttr"/><short value="xml:id (or equivalent in JSON)"/><definition value="unique id for the element within a resource (for internal references). This may be any string value that does not contain spaces."/><min value="0"/><max value="1"/><base><path value="Element.id"/><min value="0"/><max value="1"/></base><type><code value="string"/></type><mapping><identity value="rim"/><map value="n/a"/></mapping></element><element id="Extension.extension"><path value="Extension.extension"/><slicing><discriminator><type value="value"/><path value="url"/></discriminator><description value="Extensions are always sliced by (at least) url"/><rules value="open"/></slicing><short value="Extension"/><definition value="An Extension"/><min value="0"/><max value="*"/><base><path value="Element.extension"/><min value="0"/><max value="*"/></base><type><code value="Extension"/></type></element><element id="Extension.extension:numberOfRepeatPrescriptionsAllowed"><path value="Extension.extension"/><sliceName value="numberOfRepeatPrescriptionsAllowed"/><short value="Number of repeat prescriptions authorised"/><definition value="Number of repeat prescriptions authorised."/><min value="0"/><max value="1"/><base><path value="Element.extension"/><min value="0"/><max value="*"/></base><type><code value="Extension"/></type></element><element id="Extension.extension:numberOfRepeatPrescriptionsAllowed.id"><path value="Extension.extension.id"/><representation value="xmlAttr"/><short value="xml:id (or equivalent in JSON)"/><definition value="unique id for the element within a resource (for internal references). This may be any string value that does not contain spaces."/><min value="0"/><max value="1"/><base><path value="Element.id"/><min value="0"/><max value="1"/></base><type><code value="string"/></type><mapping><identity value="rim"/><map value="n/a"/></mapping></element><element id="Extension.extension:numberOfRepeatPrescriptionsAllowed.extension"><path value="Extension.extension.extension"/><slicing><discriminator><type value="value"/><path value="url"/></discriminator><description value="Extensions are always sliced by (at least) url"/><rules value="open"/></slicing><short value="Additional Content defined by implementations"/><definition value="May be used to represent additional information that is not part of the basic definition of the element. In order to make the use of extensions safe and manageable, there is a strict set of governance  applied to the definition and use of extensions. Though any implementer is allowed to define an extension, there is a set of requirements that SHALL be met as part of the definition of the extension."/><comment value="There can be no stigma associated with the use of extensions by any application, project, or standard - regardless of the institution or jurisdiction that uses or defines the extensions.  The use of extensions is what allows the FHIR specification to retain a core level of simplicity for everyone."/><alias value="extensions"/><alias value="user content"/><min value="0"/><max value="*"/><base><path value="Element.extension"/><min value="0"/><max value="*"/></base><type><code value="Extension"/></type><mapping><identity value="rim"/><map value="n/a"/></mapping></element><element id="Extension.extension:numberOfRepeatPrescriptionsAllowed.extension.id"><path value="Extension.extension.extension.id"/><representation value="xmlAttr"/><short value="xml:id (or equivalent in JSON)"/><definition value="unique id for the element within a resource (for internal references). This may be any string value that does not contain spaces."/><min value="0"/><max value="1"/><base><path value="Element.id"/><min value="0"/><max value="1"/></base><type><code value="string"/></type><mapping><identity value="rim"/><map value="n/a"/></mapping></element><element id="Extension.extension:numberOfRepeatPrescriptionsAllowed.extension.extension"><path value="Extension.extension.extension.extension"/><slicing><discriminator><type value="value"/><path value="url"/></discriminator><description value="Extensions are always sliced by (at least) url"/><rules value="open"/></slicing><short value="Additional Content defined by implementations"/><definition value="May be used to represent additional information that is not part of the basic definition of the element. In order to make the use of extensions safe and manageable, there is a strict set of governance  applied to the definition and use of extensions. Though any implementer is allowed to define an extension, there is a set of requirements that SHALL be met as part of the definition of the extension."/><comment value="There can be no stigma associated with the use of extensions by any application, project, or standard - regardless of the institution or jurisdiction that uses or defines the extensions.  The use of extensions is what allows the FHIR specification to retain a core level of simplicity for everyone."/><alias value="extensions"/><alias value="user content"/><min value="0"/><max value="*"/><base><path value="Element.extension"/><min value="0"/><max value="*"/></base><type><code value="Extension"/></type><mapping><identity value="rim"/><map value="n/a"/></mapping></element><element id="Extension.extension:numberOfRepeatPrescriptionsAllowed.extension.url"><path value="Extension.extension.extension.url"/><representation value="xmlAttr"/><short value="identifies the meaning of the extension"/><definition value="Source of the definition for the extension code - a logical name or a URL."/><comment value="The definition may point directly to a computable or human-readable definition of the extensibility codes, or it may be a logical URI as declared in some other specification. The definition SHALL be a URI for the Structure Definition defining the extension."/><min value="1"/><max value="1"/><base><path value="Extension.url"/><min value="1"/><max value="1"/></base><type><code value="uri"/></type><mapping><identity value="rim"/><map value="N/A"/></mapping></element><element id="Extension.extension:numberOfRepeatPrescriptionsAllowed.extension.value[x]"><path value="Extension.extension.extension.value[x]"/><short value="Value of extension"/><definition value="Value of extension - may be a resource or one of a constrained set of the data types (see Extensibility in the spec for list)."/><min value="0"/><max value="1"/><base><path value="Extension.value[x]"/><min value="0"/><max value="1"/></base><type><code value="base64Binary"/></type><type><code value="boolean"/></type><type><code value="code"/></type><type><code value="date"/></type><type><code value="dateTime"/></type><type><code value="decimal"/></type><type><code value="id"/></type><type><code value="instant"/></type><type><code value="integer"/></type><type><code value="markdown"/></type><type><code value="oid"/></type><type><code value="positiveInt"/></type><type><code value="string"/></type><type><code value="time"/></type><type><code value="unsignedInt"/></type><type><code value="uri"/></type><type><code value="Address"/></type><type><code value="Age"/></type><type><code value="Annotation"/></type><type><code value="Attachment"/></type><type><code value="CodeableConcept"/></type><type><code value="Coding"/></type><type><code value="ContactPoint"/></type><type><code value="Count"/></type><type><code value="Distance"/></type><type><code value="Duration"/></type><type><code value="HumanName"/></type><type><code value="Identifier"/></type><type><code value="Money"/></type><type><code value="Period"/></type><type><code value="Quantity"/></type><type><code value="Range"/></type><type><code value="Ratio"/></type><type><code value="Reference"/></type><type><code value="SampledData"/></type><type><code value="Signature"/></type><type><code value="Timing"/></type><type><code value="Meta"/></type><mapping><identity value="rim"/><map value="N/A"/></mapping></element><element id="Extension.extension:numberOfRepeatPrescriptionsAllowed.url"><path value="Extension.extension.url"/><representation value="xmlAttr"/><short value="identifies the meaning of the extension"/><definition value="Source of the definition for the extension code - a logical name or a URL."/><comment value="The definition may point directly to a computable or human-readable definition of the extensibility codes, or it may be a logical URI as declared in some other specification. The definition SHALL be a URI for the Structure Definition defining the extension."/><min value="1"/><max value="1"/><base><path value="Extension.url"/><min value="1"/><max value="1"/></base><type><code value="uri"/></type><fixedUri value="numberOfRepeatPrescriptionsAllowed"/><mapping><identity value="rim"/><map value="N/A"/></mapping></element><element id="Extension.extension:numberOfRepeatPrescriptionsAllowed.value[x]"><path value="Extension.extension.value[x]"/><slicing><discriminator><type value="type"/><path value="$this"/></discriminator><ordered value="false"/><rules value="closed"/></slicing><short value="Value of extension"/><definition value="Value of extension - may be a resource or one of a constrained set of the data types (see Extensibility in the spec for list)."/><min value="0"/><max value="1"/><base><path value="Extension.value[x]"/><min value="0"/><max value="1"/></base><type><code value="unsignedInt"/></type><mapping><identity value="rim"/><map value="N/A"/></mapping></element><element id="Extension.extension:numberOfRepeatPrescriptionsAllowed.value[x]:valueUnsignedInt"><path value="Extension.extension.value[x]"/><sliceName value="valueUnsignedInt"/><short value="Number of issues authorised"/><definition value="Number of issues authorised."/><min value="1"/><max value="1"/><base><path value="Extension.value[x]"/><min value="0"/><max value="1"/></base><type><code value="unsignedInt"/></type><mapping><identity value="rim"/><map value="N/A"/></mapping></element><element id="Extension.extension:numberOfRepeatPrescriptionsIssued"><path value="Extension.extension"/><sliceName value="numberOfRepeatPrescriptionsIssued"/><short value="Number of repeat prescriptions issued"/><definition value="Number of repeat prescriptions issued."/><min value="0"/><max value="1"/><base><path value="Element.extension"/><min value="0"/><max value="*"/></base><type><code value="Extension"/></type></element><element id="Extension.extension:numberOfRepeatPrescriptionsIssued.id"><path value="Extension.extension.id"/><representation value="xmlAttr"/><short value="xml:id (or equivalent in JSON)"/><definition value="unique id for the element within a resource (for internal references). This may be any string value that does not contain spaces."/><min value="0"/><max value="1"/><base><path value="Element.id"/><min value="0"/><max value="1"/></base><type><code value="string"/></type><mapping><identity value="rim"/><map value="n/a"/></mapping></element><element id="Extension.extension:numberOfRepeatPrescriptionsIssued.extension"><path value="Extension.extension.extension"/><slicing><discriminator><type value="value"/><path value="url"/></discriminator><description value="Extensions are always sliced by (at least) url"/><rules value="open"/></slicing><short value="Additional Content defined by implementations"/><definition value="May be used to represent additional information that is not part of the basic definition of the element. In order to make the use of extensions safe and manageable, there is a strict set of governance  applied to the definition and use of extensions. Though any implementer is allowed to define an extension, there is a set of requirements that SHALL be met as part of the definition of the extension."/><comment value="There can be no stigma associated with the use of extensions by any application, project, or standard - regardless of the institution or jurisdiction that uses or defines the extensions.  The use of extensions is what allows the FHIR specification to retain a core level of simplicity for everyone."/><alias value="extensions"/><alias value="user content"/><min value="0"/><max value="*"/><base><path value="Element.extension"/><min value="0"/><max value="*"/></base><type><code value="Extension"/></type><mapping><identity value="rim"/><map value="n/a"/></mapping></element><element id="Extension.extension:numberOfRepeatPrescriptionsIssued.extension.id"><path value="Extension.extension.extension.id"/><representation value="xmlAttr"/><short value="xml:id (or equivalent in JSON)"/><definition value="unique id for the element within a resource (for internal references). This may be any string value that does not contain spaces."/><min value="0"/><max value="1"/><base><path value="Element.id"/><min value="0"/><max value="1"/></base><type><code value="string"/></type><mapping><identity value="rim"/><map value="n/a"/></mapping></element><element id="Extension.extension:numberOfRepeatPrescriptionsIssued.extension.extension"><path value="Extension.extension.extension.extension"/><slicing><discriminator><type value="value"/><path value="url"/></discriminator><description value="Extensions are always sliced by (at least) url"/><rules value="open"/></slicing><short value="Additional Content defined by implementations"/><definition value="May be used to represent additional information that is not part of the basic definition of the element. In order to make the use of extensions safe and manageable, there is a strict set of governance  applied to the definition and use of extensions. Though any implementer is allowed to define an extension, there is a set of requirements that SHALL be met as part of the definition of the extension."/><comment value="There can be no stigma associated with the use of extensions by any application, project, or standard - regardless of the institution or jurisdiction that uses or defines the extensions.  The use of extensions is what allows the FHIR specification to retain a core level of simplicity for everyone."/><alias value="extensions"/><alias value="user content"/><min value="0"/><max value="*"/><base><path value="Element.extension"/><min value="0"/><max value="*"/></base><type><code value="Extension"/></type><mapping><identity value="rim"/><map value="n/a"/></mapping></element><element id="Extension.extension:numberOfRepeatPrescriptionsIssued.extension.url"><path value="Extension.extension.extension.url"/><representation value="xmlAttr"/><short value="identifies the meaning of the extension"/><definition value="Source of the definition for the extension code - a logical name or a URL."/><comment value="The definition may point directly to a computable or human-readable definition of the extensibility codes, or it may be a logical URI as declared in some other specification. The definition SHALL be a URI for the Structure Definition defining the extension."/><min value="1"/><max value="1"/><base><path value="Extension.url"/><min value="1"/><max value="1"/></base><type><code value="uri"/></type><mapping><identity value="rim"/><map value="N/A"/></mapping></element><element id="Extension.extension:numberOfRepeatPrescriptionsIssued.extension.value[x]"><path value="Extension.extension.extension.value[x]"/><short value="Value of extension"/><definition value="Value of extension - may be a resource or one of a constrained set of the data types (see Extensibility in the spec for list)."/><min value="0"/><max value="1"/><base><path value="Extension.value[x]"/><min value="0"/><max value="1"/></base><type><code value="base64Binary"/></type><type><code value="boolean"/></type><type><code value="code"/></type><type><code value="date"/></type><type><code value="dateTime"/></type><type><code value="decimal"/></type><type><code value="id"/></type><type><code value="instant"/></type><type><code value="integer"/></type><type><code value="markdown"/></type><type><code value="oid"/></type><type><code value="positiveInt"/></type><type><code value="string"/></type><type><code value="time"/></type><type><code value="unsignedInt"/></type><type><code value="uri"/></type><type><code value="Address"/></type><type><code value="Age"/></type><type><code value="Annotation"/></type><type><code value="Attachment"/></type><type><code value="CodeableConcept"/></type><type><code value="Coding"/></type><type><code value="ContactPoint"/></type><type><code value="Count"/></type><type><code value="Distance"/></type><type><code value="Duration"/></type><type><code value="HumanName"/></type><type><code value="Identifier"/></type><type><code value="Money"/></type><type><code value="Period"/></type><type><code value="Quantity"/></type><type><code value="Range"/></type><type><code value="Ratio"/></type><type><code value="Reference"/></type><type><code value="SampledData"/></type><type><code value="Signature"/></type><type><code value="Timing"/></type><type><code value="Meta"/></type><mapping><identity value="rim"/><map value="N/A"/></mapping></element><element id="Extension.extension:numberOfRepeatPrescriptionsIssued.url"><path value="Extension.extension.url"/><representation value="xmlAttr"/><short value="identifies the meaning of the extension"/><definition value="Source of the definition for the extension code - a logical name or a URL."/><comment value="The definition may point directly to a computable or human-readable definition of the extensibility codes, or it may be a logical URI as declared in some other specification. The definition SHALL be a URI for the Structure Definition defining the extension."/><min value="1"/><max value="1"/><base><path value="Extension.url"/><min value="1"/><max value="1"/></base><type><code value="uri"/></type><fixedUri value="numberOfRepeatPrescriptionsIssued"/><mapping><identity value="rim"/><map value="N/A"/></mapping></element><element id="Extension.extension:numberOfRepeatPrescriptionsIssued.value[x]"><path value="Extension.extension.value[x]"/><slicing><discriminator><type value="type"/><path value="$this"/></discriminator><ordered value="false"/><rules value="closed"/></slicing><short value="Value of extension"/><definition value="Value of extension - may be a resource or one of a constrained set of the data types (see Extensibility in the spec for list)."/><min value="0"/><max value="1"/><base><path value="Extension.value[x]"/><min value="0"/><max value="1"/></base><type><code value="unsignedInt"/></type><mapping><identity value="rim"/><map value="N/A"/></mapping></element><element id="Extension.extension:numberOfRepeatPrescriptionsIssued.value[x]:valueUnsignedInt"><path value="Extension.extension.value[x]"/><sliceName value="valueUnsignedInt"/><short value="Number of issues issued"/><definition value="Number of issues issued."/><min value="0"/><max value="1"/><base><path value="Extension.value[x]"/><min value="0"/><max value="1"/></base><type><code value="unsignedInt"/></type><mapping><identity value="rim"/><map value="N/A"/></mapping></element><element id="Extension.extension:authorisationExpiryDate"><path value="Extension.extension"/><sliceName value="authorisationExpiryDate"/><short value="Repeat prescription review date"/><definition value="Repeat prescription review date."/><min value="0"/><max value="1"/><base><path value="Element.extension"/><min value="0"/><max value="*"/></base><type><code value="Extension"/></type></element><element id="Extension.extension:authorisationExpiryDate.id"><path value="Extension.extension.id"/><representation value="xmlAttr"/><short value="xml:id (or equivalent in JSON)"/><definition value="unique id for the element within a resource (for internal references). This may be any string value that does not contain spaces."/><min value="0"/><max value="1"/><base><path value="Element.id"/><min value="0"/><max value="1"/></base><type><code value="string"/></type><mapping><identity value="rim"/><map value="n/a"/></mapping></element><element id="Extension.extension:authorisationExpiryDate.extension"><path value="Extension.extension.extension"/><slicing><discriminator><type value="value"/><path value="url"/></discriminator><description value="Extensions are always sliced by (at least) url"/><rules value="open"/></slicing><short value="Additional Content defined by implementations"/><definition value="May be used to represent additional information that is not part of the basic definition of the element. In order to make the use of extensions safe and manageable, there is a strict set of governance  applied to the definition and use of extensions. Though any implementer is allowed to define an extension, there is a set of requirements that SHALL be met as part of the definition of the extension."/><comment value="There can be no stigma associated with the use of extensions by any application, project, or standard - regardless of the institution or jurisdiction that uses or defines the extensions.  The use of extensions is what allows the FHIR specification to retain a core level of simplicity for everyone."/><alias value="extensions"/><alias value="user content"/><min value="0"/><max value="*"/><base><path value="Element.extension"/><min value="0"/><max value="*"/></base><type><code value="Extension"/></type><mapping><identity value="rim"/><map value="n/a"/></mapping></element><element id="Extension.extension:authorisationExpiryDate.extension.id"><path value="Extension.extension.extension.id"/><representation value="xmlAttr"/><short value="xml:id (or equivalent in JSON)"/><definition value="unique id for the element within a resource (for internal references). This may be any string value that does not contain spaces."/><min value="0"/><max value="1"/><base><path value="Element.id"/><min value="0"/><max value="1"/></base><type><code value="string"/></type><mapping><identity value="rim"/><map value="n/a"/></mapping></element><element id="Extension.extension:authorisationExpiryDate.extension.extension"><path value="Extension.extension.extension.extension"/><slicing><discriminator><type value="value"/><path value="url"/></discriminator><description value="Extensions are always sliced by (at least) url"/><rules value="open"/></slicing><short value="Additional Content defined by implementations"/><definition value="May be used to represent additional information that is not part of the basic definition of the element. In order to make the use of extensions safe and manageable, there is a strict set of governance  applied to the definition and use of extensions. Though any implementer is allowed to define an extension, there is a set of requirements that SHALL be met as part of the definition of the extension."/><comment value="There can be no stigma associated with the use of extensions by any application, project, or standard - regardless of the institution or jurisdiction that uses or defines the extensions.  The use of extensions is what allows the FHIR specification to retain a core level of simplicity for everyone."/><alias value="extensions"/><alias value="user content"/><min value="0"/><max value="*"/><base><path value="Element.extension"/><min value="0"/><max value="*"/></base><type><code value="Extension"/></type><mapping><identity value="rim"/><map value="n/a"/></mapping></element><element id="Extension.extension:authorisationExpiryDate.extension.url"><path value="Extension.extension.extension.url"/><representation value="xmlAttr"/><short value="identifies the meaning of the extension"/><definition value="Source of the definition for the extension code - a logical name or a URL."/><comment value="The definition may point directly to a computable or human-readable definition of the extensibility codes, or it may be a logical URI as declared in some other specification. The definition SHALL be a URI for the Structure Definition defining the extension."/><min value="1"/><max value="1"/><base><path value="Extension.url"/><min value="1"/><max value="1"/></base><type><code value="uri"/></type><mapping><identity value="rim"/><map value="N/A"/></mapping></element><element id="Extension.extension:authorisationExpiryDate.extension.value[x]"><path value="Extension.extension.extension.value[x]"/><short value="Value of extension"/><definition value="Value of extension - may be a resource or one of a constrained set of the data types (see Extensibility in the spec for list)."/><min value="0"/><max value="1"/><base><path value="Extension.value[x]"/><min value="0"/><max value="1"/></base><type><code value="base64Binary"/></type><type><code value="boolean"/></type><type><code value="code"/></type><type><code value="date"/></type><type><code value="dateTime"/></type><type><code value="decimal"/></type><type><code value="id"/></type><type><code value="instant"/></type><type><code value="integer"/></type><type><code value="markdown"/></type><type><code value="oid"/></type><type><code value="positiveInt"/></type><type><code value="string"/></type><type><code value="time"/></type><type><code value="unsignedInt"/></type><type><code value="uri"/></type><type><code value="Address"/></type><type><code value="Age"/></type><type><code value="Annotation"/></type><type><code value="Attachment"/></type><type><code value="CodeableConcept"/></type><type><code value="Coding"/></type><type><code value="ContactPoint"/></type><type><code value="Count"/></type><type><code value="Distance"/></type><type><code value="Duration"/></type><type><code value="HumanName"/></type><type><code value="Identifier"/></type><type><code value="Money"/></type><type><code value="Period"/></type><type><code value="Quantity"/></type><type><code value="Range"/></type><type><code value="Ratio"/></type><type><code value="Reference"/></type><type><code value="SampledData"/></type><type><code value="Signature"/></type><type><code value="Timing"/></type><type><code value="Meta"/></type><mapping><identity value="rim"/><map value="N/A"/></mapping></element><element id="Extension.extension:authorisationExpiryDate.url"><path value="Extension.extension.url"/><representation value="xmlAttr"/><short value="identifies the meaning of the extension"/><definition value="Source of the definition for the extension code - a logical name or a URL."/><comment value="The definition may point directly to a computable or human-readable definition of the extensibility codes, or it may be a logical URI as declared in some other specification. The definition SHALL be a URI for the Structure Definition defining the extension."/><min value="1"/><max value="1"/><base><path value="Extension.url"/><min value="1"/><max value="1"/></base><type><code value="uri"/></type><fixedUri value="authorisationExpiryDate"/><mapping><identity value="rim"/><map value="N/A"/></mapping></element><element id="Extension.extension:authorisationExpiryDate.value[x]"><path value="Extension.extension.value[x]"/><slicing><discriminator><type value="type"/><path value="$this"/></discriminator><ordered value="false"/><rules value="closed"/></slicing><short value="Value of extension"/><definition value="Value of extension - may be a resource or one of a constrained set of the data types (see Extensibility in the spec for list)."/><min value="0"/><max value="1"/><base><path value="Extension.value[x]"/><min value="0"/><max value="1"/></base><type><code value="dateTime"/></type><mapping><identity value="rim"/><map value="N/A"/></mapping></element><element id="Extension.extension:authorisationExpiryDate.value[x]:valueDateTime"><path value="Extension.extension.value[x]"/><sliceName value="valueDateTime"/><short value="Repeat review date"/><definition value="Repeat review date."/><min value="0"/><max value="1"/><base><path value="Extension.value[x]"/><min value="0"/><max value="1"/></base><type><code value="dateTime"/></type><mapping><identity value="rim"/><map value="N/A"/></mapping></element><element id="Extension.url"><path value="Extension.url"/><representation value="xmlAttr"/><short value="identifies the meaning of the extension"/><definition value="Source of the definition for the extension code - a logical name or a URL."/><comment value="The definition may point directly to a computable or human-readable definition of the extensibility codes, or it may be a logical URI as declared in some other specification. The definition SHALL be a URI for the Structure Definition defining the extension."/><min value="1"/><max value="1"/><base><path value="Extension.url"/><min value="1"/><max value="1"/></base><type><code value="uri"/></type><fixedUri value="https://hl7.org.uk/fhir/StructureDefinition/Extension-CareConnect-MedicationRepeatInformation-1"/><mapping><identity value="rim"/><map value="N/A"/></mapping></element><element id="Extension.value[x]"><path value="Extension.value[x]"/><short value="Value of extension"/><definition value="Value of extension - may be a resource or one of a constrained set of the data types (see Extensibility in the spec for list)."/><min value="0"/><max value="0"/><base><path value="Extension.value[x]"/><min value="0"/><max value="1"/></base><type><code value="base64Binary"/></type><type><code value="boolean"/></type><type><code value="code"/></type><type><code value="date"/></type><type><code value="dateTime"/></type><type><code value="decimal"/></type><type><code value="id"/></type><type><code value="instant"/></type><type><code value="integer"/></type><type><code value="markdown"/></type><type><code value="oid"/></type><type><code value="positiveInt"/></type><type><code value="string"/></type><type><code value="time"/></type><type><code value="unsignedInt"/></type><type><code value="uri"/></type><type><code value="Address"/></type><type><code value="Age"/></type><type><code value="Annotation"/></type><type><code value="Attachment"/></type><type><code value="CodeableConcept"/></type><type><code value="Coding"/></type><type><code value="ContactPoint"/></type><type><code value="Count"/></type><type><code value="Distance"/></type><type><code value="Duration"/></type><type><code value="HumanName"/></type><type><code value="Identifier"/></type><type><code value="Money"/></type><type><code value="Period"/></type><type><code value="Quantity"/></type><type><code value="Range"/></type><type><code value="Ratio"/></type><type><code value="Reference"/></type><type><code value="SampledData"/></type><type><code value="Signature"/></type><type><code value="Timing"/></type><type><code value="Meta"/></type><mapping><identity value="rim"/><map value="N/A"/></mapping></element></snapshot><differential><element id="Extension"><path value="Extension"/><short value="Medication repeat information"/><definition value="Medication repeat information."/><max value="1"/></element><element id="Extension.extension"><path value="Extension.extension"/><slicing><discriminator><type value="value"/><path value="url"/></discriminator><rules value="open"/></slicing></element><element id="Extension.extension:numberOfRepeatPrescriptionsAllowed"><path value="Extension.extension"/><sliceName value="numberOfRepeatPrescriptionsAllowed"/><short value="Number of repeat prescriptions authorised"/><definition value="Number of repeat prescriptions authorised."/><max value="1"/></element><element id="Extension.extension:numberOfRepeatPrescriptionsAllowed.url"><path value="Extension.extension.url"/><fixedUri value="numberOfRepeatPrescriptionsAllowed"/></element><element id="Extension.extension:numberOfRepeatPrescriptionsAllowed.valueUnsignedInt:valueUnsignedInt"><path value="Extension.extension.valueUnsignedInt"/><sliceName value="valueUnsignedInt"/><short value="Number of issues authorised"/><definition value="Number of issues authorised."/><min value="1"/><type><code value="unsignedInt"/></type></element><element id="Extension.extension:numberOfRepeatPrescriptionsIssued"><path value="Extension.extension"/><sliceName value="numberOfRepeatPrescriptionsIssued"/><short value="Number of repeat prescriptions issued"/><definition value="Number of repeat prescriptions issued."/><max value="1"/></element><element id="Extension.extension:numberOfRepeatPrescriptionsIssued.url"><path value="Extension.extension.url"/><fixedUri value="numberOfRepeatPrescriptionsIssued"/></element><element id="Extension.extension:numberOfRepeatPrescriptionsIssued.valueUnsignedInt:valueUnsignedInt"><path value="Extension.extension.valueUnsignedInt"/><sliceName value="valueUnsignedInt"/><short value="Number of issues issued"/><definition value="Number of issues issued."/><type><code value="unsignedInt"/></type></element><element id="Extension.extension:authorisationExpiryDate"><path value="Extension.extension"/><sliceName value="authorisationExpiryDate"/><short value="Repeat prescription review date"/><definition value="Repeat prescription review date."/><max value="1"/></element><element id="Extension.extension:authorisationExpiryDate.url"><path value="Extension.extension.url"/><fixedUri value="authorisationExpiryDate"/></element><element id="Extension.extension:authorisationExpiryDate.valueDateTime:valueDateTime"><path value="Extension.extension.valueDateTime"/><sliceName value="valueDateTime"/><short value="Repeat review date"/><definition value="Repeat review date."/><type><code value="dateTime"/></type></element><element id="Extension.url"><path value="Extension.url"/><fixedUri value="https://hl7.org.uk/fhir/StructureDefinition/Extension-CareConnect-MedicationRepeatInformation-1"/></element><element id="Extension.value[x]"><path value="Extension.value[x]"/><max value="0"/></element></differential></StructureDefinition>