<?xml version="1.0" encoding="UTF-8"?><ValueSet xmlns="http://hl7.org/fhir"><id value="CareConnect-InspiredOxygen-1"/><text><status value="generated"/><div xmlns="http://www.w3.org/1999/xhtml"> 
         <h2>Care Connect Inspired Oxygen</h2> 
         <div> 
            <p>A code from the SNOMED Clinical Terminology UK coding system which describes whether a patient requires oxygen or is breathing room air.</p> 
         </div> 
         <p> 
            <b>Copyright Statement:</b> This value set includes content from SNOMED CT, which is copyright &#xA9; 2002+ International Health Terminology Standards Development Organisation (IHTSDO), and distributed by agreement between IHTSDO and HL7. Implementer use of SNOMED CT is not covered by this agreement. 
         </p> 
         <p>This value set includes codes from the following code systems:</p> 
         <ul> 
            <li>Include codes from 
               <a href="http://www.snomed.org/"> 
                  <code>http://snomed.info/sct</code> 
               </a> where constraint  =  (722742002 |Breathing room air| OR 371825009 |Patient on oxygen|) 
            </li> 
         </ul> 
      </div></text><url value="https://hl7.org.uk/fhir/ValueSet/CareConnect-InspiredOxygen-1"/><version value="4.0.0"/><name value="Care Connect Inspired Oxygen"/><status value="draft"/><date value="2018-10-19T01:00:00+01:00"/><publisher value="INTEROPen"/><contact><telecom><system value="other"/><value value="https://chat.fhir.org/#narrow/stream/179189-uk"/></telecom></contact><description value="A code from the SNOMED Clinical Terminology UK coding system which describes whether a patient requires oxygen or is breathing room air."/><jurisdiction><coding><system value="http://unstats.un.org/unsd/methods/m49/m49.htm"/><code value="826"/></coding></jurisdiction><copyright value="This value set includes content from SNOMED CT, which is copyright &#xA9; 2002+ International Health Terminology Standards Development Organisation (IHTSDO), and distributed by agreement between IHTSDO and HL7. Implementer use of SNOMED CT is not covered by this agreement."/><compose><include><system value="http://snomed.info/sct"/><filter><property value="constraint"/><op value="="/><value value="(722742002 |Breathing room air| OR 371825009 |Patient on oxygen|)"/></filter></include></compose><expansion><identifier value="65bf69d2-48de-4c8b-8a94-a08224466f51"/><timestamp value="2019-12-11T16:50:39+00:00"/><total value="2"/><parameter><name value="version"/><valueUri value="http://snomed.info/sct?version=http%3A%2F%2Fsnomed.info%2Fsct%2F999000031000000106%2Fversion%2F20190807"/></parameter><parameter><name value="count"/><valueInteger value="2147483647"/></parameter><parameter><name value="offset"/><valueInteger value="0"/></parameter><contains><system value="http://snomed.info/sct"/><code value="371825009"/><display value="Patient on oxygen"/></contains><contains><system value="http://snomed.info/sct"/><code value="722742002"/><display value="Breathing room air"/></contains></expansion></ValueSet>