<?xml version="1.0" encoding="UTF-8"?><ValueSet xmlns="http://hl7.org/fhir"><id value="CareConnect-ImmunizationExplanationReason-1"/><text><status value="generated"/><div xmlns="http://www.w3.org/1999/xhtml">
         <h2>Care Connect Immunization Explanation Reason</h2>
         <div>
            <p>A code to record the reason why a vaccine was administered.</p> 
         </div>
         <p>
            <b>Copyright Statement:</b> Copyright &#xA9; 2016 HL7 UK
         </p>
         <p>This value set includes codes from the following code systems:</p>
         <ul>
            <li>Include all codes defined in 
               <a href="CareConnect-ImmunizationExplanationReason-1.html">
                  <code>https://hl7.org.uk/fhir/CodeSystem/CareConnect-ImmunizationExplanationReason-1</code>
               </a>
            </li>
         </ul>
      </div></text><url value="https://hl7.org.uk/fhir/ValueSet/CareConnect-ImmunizationExplanationReason-1"/><version value="4.0.0"/><name value="Care Connect Immunization Explanation Reason"/><status value="draft"/><date value="2018-05-03T01:00:00+01:00"/><publisher value="INTEROPen"/><contact><telecom><system value="other"/><value value="https://chat.fhir.org/#narrow/stream/179189-uk"/></telecom></contact><description value="A code to record the reason why a vaccine was administered."/><jurisdiction><coding><system value="http://unstats.un.org/unsd/methods/m49/m49.htm"/><code value="826"/></coding></jurisdiction><copyright value="Copyright &#xA9; 2016 HL7 UK"/><compose><include><system value="https://hl7.org.uk/fhir/CodeSystem/CareConnect-ImmunizationExplanationReason-1"/></include></compose></ValueSet>