<?xml version="1.0" encoding="UTF-8"?><ValueSet xmlns="http://hl7.org/fhir"><id value="CareConnect-NHSNumberVerificationStatus-1"/><text><status value="generated"/><div xmlns="http://www.w3.org/1999/xhtml">
         <h2>Care Connect NHS Number Verification Status</h2>
         <div>
            <p>A ValueSet that identifies the trace status of the NHS number.  The CodeSystem is comprised of codes from the NHS Data Model and Dictionary: NHS Number Status Indicator Code.</p> 
         </div>
         <p>
            <b>Copyright Statement:</b> Copyright &#xA9; 2016 HL7 UK
         </p>
         <p>This value set includes codes from the following code systems:</p>
         <ul>
            <li>Include all codes defined in 
               <a href="CareConnect-NHSNumberVerificationStatus-1.html">
                  <code>https://hl7.org.uk/fhir/CodeSystem/CareConnect-NHSNumberVerificationStatus-1</code>
               </a>
            </li>
         </ul>
      </div></text><extension url="http://hl7.org/fhir/StructureDefinition/valueset-sourceReference"><valueUri value="http://www.datadictionary.nhs.uk/data_dictionary/data_field_notes/n/nhs/nhs_number_status_indicator_code_de.asp?shownav=1"/></extension><url value="https://hl7.org.uk/fhir/ValueSet/CareConnect-NHSNumberVerificationStatus-1"/><identifier><system value="urn:ietf:rfc:3986"/><value value="urn:oid:2.16.840.1.113883.2.1.3.2.4.17.70"/></identifier><version value="4.0.0"/><name value="Care Connect NHS Number Verification Status"/><status value="draft"/><date value="2018-11-02T00:00:00+00:00"/><publisher value="INTEROPen"/><contact><telecom><system value="other"/><value value="https://chat.fhir.org/#narrow/stream/179189-uk"/></telecom></contact><description value="A ValueSet that identifies the trace status of the NHS number.  The CodeSystem is comprised of codes from the NHS Data Model and Dictionary: NHS Number Status Indicator Code."/><jurisdiction><coding><system value="http://unstats.un.org/unsd/methods/m49/m49.htm"/><code value="826"/></coding></jurisdiction><copyright value="Copyright &#xA9; 2016 HL7 UK"/><compose><include><system value="https://hl7.org.uk/fhir/CodeSystem/CareConnect-NHSNumberVerificationStatus-1"/></include></compose></ValueSet>