<?xml version="1.0" encoding="UTF-8"?><ValueSet xmlns="http://hl7.org/fhir"><id value="CareConnect-SourceOfReferral-1"/><text><status value="generated"/><div xmlns="http://www.w3.org/1999/xhtml">
         <h2>Care Connect Source of Referral</h2>
         <div>
            <p>A code from the SNOMED Clinical Terminology UK coding system that describes the source of the referral.</p> 
         </div>
         <p>
            <b>Copyright Statement:</b> This value set includes content from SNOMED CT, which is copyright &#xA9; 2002+ International Health Terminology Standards Development Organisation (IHTSDO), and distributed by agreement between IHTSDO and HL7. Implementer use of SNOMED CT is not covered by this agreement.
         </p>
         <p>This value set includes codes from the following code systems:</p>
         <ul>
            <li>Include codes from 
               <a href="http://www.snomed.org/">
                  <code>http://snomed.info/sct</code>
               </a> where concept  = &lt; 309013001 |Referred by person (finding)
            </li>
            <li>Include codes from 
               <a href="http://www.snomed.org/">
                  <code>http://snomed.info/sct</code>
               </a> where concept  = &lt; 306098008 |Self-referral (procedure)
            </li>
         </ul>
      </div></text><url value="https://hl7.org.uk/fhir/ValueSet/CareConnect-SourceOfReferral-1"/><version value="4.0.0"/><name value="Care Connect Source of Referral"/><status value="draft"/><date value="2019-07-16T18:43:00+01:00"/><publisher value="INTEROPen"/><contact><telecom><system value="other"/><value value="https://chat.fhir.org/#narrow/stream/179189-uk"/></telecom></contact><description value="A code from the SNOMED Clinical Terminology UK coding system that describes the source of the referral."/><jurisdiction><coding><system value="http://unstats.un.org/unsd/methods/m49/m49.htm"/><code value="826"/></coding></jurisdiction><copyright value="This value set includes content from SNOMED CT, which is copyright &#xA9; 2002+ International Health Terminology Standards Development Organisation (IHTSDO), and distributed by agreement between IHTSDO and HL7. Implementer use of SNOMED CT is not covered by this agreement."/><compose><include><system value="http://snomed.info/sct"/><filter><property value="concept"/><op value="="/><value value="&lt; 309013001 |Referred by person (finding)"/></filter></include><include><system value="http://snomed.info/sct"/><filter><property value="concept"/><op value="="/><value value="&lt; 306098008 |Self-referral (procedure)"/></filter></include></compose></ValueSet>