<?xml version="1.0" encoding="UTF-8"?><ValueSet xmlns="http://hl7.org/fhir"><id value="CareConnect-AllergyManifestation-1"/><text><status value="generated"/><div xmlns="http://www.w3.org/1999/xhtml"> 
         <h2>Care Connect Allergy Manifestation</h2> 
         <div> 
            <p>A code from the SNOMED Clinical Terminology UK hierarchy with concept id &#39;404684003&#39; to record an allergy manifestation or a value from the HL7 FHIR nullFlavors code system.</p> 
         </div> 
         <p> 
            <b>Copyright Statement:</b> This value set includes content from SNOMED CT, which is copyright &#xA9; 2002+ International Health Terminology Standards Development Organisation (IHTSDO), and distributed by agreement between IHTSDO and HL7. Implementer use of SNOMED CT is not covered by this agreement. 
         </p> 
         <p>This value set includes codes from the following code systems:</p> 
         <ul> 
            <li>Include codes from 
               <a href="http://www.snomed.org/"> 
                  <code>http://snomed.info/sct</code> 
               </a> where concept  in  404684003 (Clinical finding (finding)) 
            </li> 
            <li>Include codes from 
               <a href="http://hl7.org/fhir/STU3/v3/NullFlavor/cs.html"> 
                  <code>http://hl7.org/fhir/v3/NullFlavor</code> 
               </a> where concept  = 
               <a href="http://hl7.org/fhir/STU3/v3/NullFlavor/cs.html#v3-NullFlavor-UNC">UNC</a>, concept  = 
               <a href="http://hl7.org/fhir/STU3/v3/NullFlavor/cs.html#v3-NullFlavor-ASKU">ASKU</a> and concept  = 
               <a href="http://hl7.org/fhir/STU3/v3/NullFlavor/cs.html#v3-NullFlavor-NI">NI</a> 
            </li> 
         </ul> 
      </div></text><url value="https://hl7.org.uk/fhir/ValueSet/CareConnect-AllergyManifestation-1"/><version value="4.0.0"/><name value="Care Connect Allergy Manifestation"/><status value="draft"/><date value="2018-11-14T00:00:00+00:00"/><publisher value="INTEROPen"/><contact><telecom><system value="other"/><value value="https://chat.fhir.org/#narrow/stream/179189-uk"/></telecom></contact><description value="A code from the SNOMED Clinical Terminology UK hierarchy with concept id &#39;404684003&#39; to record an allergy manifestation or a value from the HL7 FHIR nullFlavors code system."/><jurisdiction><coding><system value="http://unstats.un.org/unsd/methods/m49/m49.htm"/><code value="826"/></coding></jurisdiction><copyright value="This value set includes content from SNOMED CT, which is copyright &#xA9; 2002+ International Health Terminology Standards Development Organisation (IHTSDO), and distributed by agreement between IHTSDO and HL7. Implementer use of SNOMED CT is not covered by this agreement."/><compose><include><system value="http://snomed.info/sct"/><filter><property value="concept"/><op value="in"/><value value="404684003"/></filter></include><include><system value="http://hl7.org/fhir/v3/NullFlavor"/><filter><property value="concept"/><op value="="/><value value="UNC"/></filter><filter><property value="concept"/><op value="="/><value value="ASKU"/></filter><filter><property value="concept"/><op value="="/><value value="NI"/></filter></include></compose><expansion><identifier value="bde1fd5f-6122-4940-b1c9-ab78603bdf94"/><timestamp value="2019-12-11T16:50:33+00:00"/><total value="0"/><parameter><name value="version"/><valueUri value="http://hl7.org/fhir/v3/NullFlavor?version=2016-11-11"/></parameter><parameter><name value="version"/><valueUri value="http://snomed.info/sct?version=http%3A%2F%2Fsnomed.info%2Fsct%2F999000031000000106%2Fversion%2F20190807"/></parameter><parameter><name value="count"/><valueInteger value="2147483647"/></parameter><parameter><name value="offset"/><valueInteger value="0"/></parameter></expansion></ValueSet>