<?xml version="1.0" encoding="UTF-8"?><ValueSet xmlns="http://hl7.org/fhir"><id value="CareConnect-ReactionEventSeverity-1"/><text><status value="generated"/><div xmlns="http://www.w3.org/1999/xhtml">
         <h2>AllergyIntoleranceSeverity</h2>
         <div>
            <p>Clinical assessment of the severity of a reaction event as a whole, potentially considering multiple different manifestations.</p> 
         </div>
         <p>
            <b>Copyright Statement:</b> Copyright &#xA9; HL7.org 2011+
         </p>
         <p>This value set includes codes from the following code systems:</p>
         <ul>
            <li>Include these codes as defined in 
               <a href="http://hl7.org/fhir/STU3/codesystem-reaction-event-severity.html">
                  <code>http://hl7.org/fhir/reaction-event-severity</code>
               </a>
               <table class="none">
                  <tr>
                     <td style="white-space:nowrap">
                        <b>Code</b>
                     </td>
                     <td>
                        <b>Display</b>
                     </td>
                  </tr>
                  <tr>
                     <td>
                        <a href="http://hl7.org/fhir/STU3/codesystem-reaction-event-severity.html#reaction-event-severity-mild">mild</a>
                     </td>
                     <td>Mild</td>
                     <td>Causes mild physiological effects.</td>
                  </tr>
                  <tr>
                     <td>
                        <a href="http://hl7.org/fhir/STU3/codesystem-reaction-event-severity.html#reaction-event-severity-moderate">moderate</a>
                     </td>
                     <td>Moderate</td>
                     <td>Causes moderate physiological effects.</td>
                  </tr>
                  <tr>
                     <td>
                        <a href="http://hl7.org/fhir/STU3/codesystem-reaction-event-severity.html#reaction-event-severity-severe">severe</a>
                     </td>
                     <td>Severe</td>
                     <td>Causes severe physiological effects.</td>
                  </tr>
               </table>
            </li>
         </ul>
      </div></text><extension url="http://hl7.org/fhir/StructureDefinition/valueset-map"><valueCanonical value="https://hl7.org.uk/fhir/ConceptMap/CareConnect-AllergySeverity-1"/></extension><extension url="http://hl7.org/fhir/StructureDefinition/valueset-sourceReference"><valueUri value="http://hl7.org/fhir/ValueSet/reaction-event-severity"/></extension><extension url="http://hl7.org/fhir/StructureDefinition/structuredefinition-wg"><valueCode value="pc"/></extension><extension url="http://hl7.org/fhir/StructureDefinition/structuredefinition-fmm"><valueInteger value="3"/></extension><extension url="http://hl7.org/fhir/StructureDefinition/structuredefinition-ballot-status"><valueString value="Informative"/></extension><url value="https://hl7.org.uk/fhir/ValueSet/CareConnect-ReactionEventSeverity-1"/><identifier><system value="urn:ietf:rfc:3986"/><value value="urn:oid:2.16.840.1.113883.4.642.3.125"/></identifier><version value="4.0.0"/><name value="AllergyIntoleranceSeverity"/><status value="draft"/><date value="2017-04-18T22:44:47+01:00"/><publisher value="INTEROPen"/><contact><telecom><system value="other"/><value value="https://chat.fhir.org/#narrow/stream/179189-uk"/></telecom></contact><description value="Clinical assessment of the severity of a reaction event as a whole, potentially considering multiple different manifestations."/><jurisdiction><coding><system value="http://unstats.un.org/unsd/methods/m49/m49.htm"/><code value="826"/></coding></jurisdiction><copyright value="Copyright &#xA9; HL7.org 2011+"/><compose><include><system value="http://hl7.org/fhir/reaction-event-severity"/><concept><code value="mild"/><display value="Mild"/></concept><concept><code value="moderate"/><display value="Moderate"/></concept><concept><code value="severe"/><display value="Severe"/></concept></include></compose></ValueSet>