<?xml version="1.0" encoding="UTF-8"?><ValueSet xmlns="http://hl7.org/fhir"><id value="CareConnect-ConditionCode-1"/><text><status value="generated"/><div xmlns="http://www.w3.org/1999/xhtml">
         <h2>Care Connect Condition Code</h2>
         <div>
            <p>A code from the SNOMED Clinical Terminology UK with the expression (&lt; 404684003 |Clinical finding| OR &lt; 413350009 |Finding with explicit context| OR &lt; 272379006 |Event|).</p> 
         </div>
         <p>
            <b>Copyright Statement:</b> This value set includes content from SNOMED CT, which is copyright &#xA9; 2002+ International Health Terminology Standards Development Organisation (IHTSDO), and distributed by agreement between IHTSDO and HL7. Implementer use of SNOMED CT is not covered by this agreement.
         </p>
         <p>This value set includes codes from the following code systems:</p>
         <ul>
            <li>Include codes from 
               <a href="http://www.snomed.org/">
                  <code>http://snomed.info/sct</code>
               </a> where constraint  =  (&lt; 404684003 |Clinical finding| OR &lt; 413350009 |Finding with explicit context| OR &lt; 272379006 |Event|)
            </li>
         </ul>
      </div></text><url value="https://hl7.org.uk/fhir/ValueSet/CareConnect-ConditionCode-1"/><version value="4.0.0"/><name value="Care Connect Condition Code"/><status value="draft"/><date value="2018-11-01T00:00:00+00:00"/><publisher value="INTEROPen"/><contact><telecom><system value="other"/><value value="https://chat.fhir.org/#narrow/stream/179189-uk"/></telecom></contact><description value="A code from the SNOMED Clinical Terminology UK with the expression (&lt; 404684003 |Clinical finding| OR &lt; 413350009 |Finding with explicit context| OR &lt; 272379006 |Event|)."/><jurisdiction><coding><system value="http://unstats.un.org/unsd/methods/m49/m49.htm"/><code value="826"/></coding></jurisdiction><copyright value="This value set includes content from SNOMED CT, which is copyright &#xA9; 2002+ International Health Terminology Standards Development Organisation (IHTSDO), and distributed by agreement between IHTSDO and HL7. Implementer use of SNOMED CT is not covered by this agreement."/><compose><include><system value="http://snomed.info/sct"/><filter><property value="constraint"/><op value="="/><value value="(&lt; 404684003 |Clinical finding| OR &lt; 413350009 |Finding with explicit context| OR &lt; 272379006 |Event|)"/></filter></include></compose></ValueSet>