<?xml version="1.0" encoding="UTF-8"?><ValueSet xmlns="http://hl7.org/fhir"><id value="CareConnect-ManufacturedMaterialSnCT-1"/><text><status value="generated"/><div xmlns="http://www.w3.org/1999/xhtml">
         <h2>Care Connect Manufactured Material SnCT</h2>
         <div>
            <p>A code from the SNOMED Clinical Terminology UK coding system that describes a manufactured material (e.g. a pharmaceutical product or personal medical device). These will form part of the NHS dm+d. Any code from the SNOMED CT UK &#39;Manufactured Material&#39; subset with subset original id 1391000000139; the corresponding SNOMED CT UK Refset fully specified name is &#39;Manufactured material simple reference set (foundation metadata concept)&#39; with Refset Id 999000031000001105.</p> 
         </div>
         <p>
            <b>Copyright Statement:</b> This value set includes content from SNOMED CT, which is copyright &#xA9; 2002+ International Health Terminology Standards Development Organisation (IHTSDO), and distributed by agreement between IHTSDO and HL7. Implementer use of SNOMED CT is not covered by this agreement.
         </p>
         <p>This value set includes codes from the following code systems:</p>
         <ul>
            <li>Include codes from 
               <a href="http://www.snomed.org/">
                  <code>http://snomed.info/sct</code>
               </a> where concept  in  999000031000001105
            </li>
         </ul>
      </div></text><url value="https://hl7.org.uk/fhir/ValueSet/CareConnect-ManufacturedMaterialSnCT-1"/><identifier><system value="urn:ietf:rfc:3986"/><value value="urn:oid:2.16.840.1.113883.2.1.3.2.4.15.11.36"/></identifier><version value="4.0.0"/><name value="Care Connect Manufactured Material SnCT"/><status value="draft"/><date value="2017-08-01T01:00:00+01:00"/><publisher value="INTEROPen"/><contact><telecom><system value="other"/><value value="https://chat.fhir.org/#narrow/stream/179189-uk"/></telecom></contact><description value="A code from the SNOMED Clinical Terminology UK coding system that describes a manufactured material (e.g. a pharmaceutical product or personal medical device). These will form part of the NHS dm+d. Any code from the SNOMED CT UK &#39;Manufactured Material&#39; subset with subset original id 1391000000139; the corresponding SNOMED CT UK Refset fully specified name is &#39;Manufactured material simple reference set (foundation metadata concept)&#39; with Refset Id 999000031000001105."/><jurisdiction><coding><system value="http://unstats.un.org/unsd/methods/m49/m49.htm"/><code value="826"/></coding></jurisdiction><copyright value="This value set includes content from SNOMED CT, which is copyright &#xA9; 2002+ International Health Terminology Standards Development Organisation (IHTSDO), and distributed by agreement between IHTSDO and HL7. Implementer use of SNOMED CT is not covered by this agreement."/><compose><include><system value="http://snomed.info/sct"/><filter><property value="concept"/><op value="in"/><value value="999000031000001105"/></filter></include></compose></ValueSet>