<?xml version="1.0" encoding="UTF-8"?><ValueSet xmlns="http://hl7.org/fhir"><id value="CareConnect-AllergyCode-1"/><text><status value="generated"/><div xmlns="http://www.w3.org/1999/xhtml">
         <h2>Care Connect Allergy Code</h2>
         <div>
            <p>A code from the SNOMED Clinical Terminology UK with the expression (&lt;105590001 |Substance OR &lt;&lt;373873005 |Pharmaceutical / biologic product| OR &lt;&lt;716186003 |No known allergy| OR 196461000000101 |Transfer-degraded drug allergy| OR 196471000000108 |Transfer-degraded non-drug allergy), or a code from the v3 Code System NullFlavor specifying why a valid value is not present.</p> 
         </div>
         <p>
            <b>Copyright Statement:</b> This value set includes content from SNOMED CT, which is copyright &#xA9; 2002+ International Health Terminology Standards Development Organisation (IHTSDO), and distributed by agreement between IHTSDO and HL7. Implementer use of SNOMED CT is not covered by this agreement.
         </p>
         <p>This value set includes codes from the following code systems:</p>
         <ul>
            <li>Include codes from 
               <a href="http://www.snomed.org/">
                  <code>http://snomed.info/sct</code>
               </a> where constraint  =  (&lt;&lt;105590001 |Substance| OR &lt;&lt;373873005 |Pharmaceutical / biologic product| OR &lt;&lt;716186003 |No known allergy| OR 196461000000101 |Transfer-degraded drug allergy| OR 196471000000108 |Transfer-degraded non-drug allergy|)
            </li>
            <li>Include codes from 
               <a href="http://hl7.org/fhir/STU3/v3/NullFlavor/cs.html">
                  <code>http://hl7.org/fhir/v3/NullFlavor</code>
               </a> where concept  = 
               <a href="http://hl7.org/fhir/STU3/v3/NullFlavor/cs.html#v3-NullFlavor-NI">NI</a>
            </li>
         </ul>
      </div></text><url value="https://hl7.org.uk/fhir/ValueSet/CareConnect-AllergyCode-1"/><version value="4.0.0"/><name value="Care Connect Allergy Code"/><status value="draft"/><date value="2018-11-14T00:00:00+00:00"/><publisher value="INTEROPen"/><contact><telecom><system value="other"/><value value="https://chat.fhir.org/#narrow/stream/179189-uk"/></telecom></contact><description value="A code from the SNOMED Clinical Terminology UK with the expression (&lt;105590001 |Substance OR &lt;&lt;373873005 |Pharmaceutical / biologic product| OR &lt;&lt;716186003 |No known allergy| OR 196461000000101 |Transfer-degraded drug allergy| OR 196471000000108 |Transfer-degraded non-drug allergy), or a code from the v3 Code System NullFlavor specifying why a valid value is not present."/><jurisdiction><coding><system value="http://unstats.un.org/unsd/methods/m49/m49.htm"/><code value="826"/></coding></jurisdiction><copyright value="This value set includes content from SNOMED CT, which is copyright &#xA9; 2002+ International Health Terminology Standards Development Organisation (IHTSDO), and distributed by agreement between IHTSDO and HL7. Implementer use of SNOMED CT is not covered by this agreement."/><compose><include><system value="http://snomed.info/sct"/><filter><property value="constraint"/><op value="="/><value value="(&lt;&lt;105590001 |Substance| OR &lt;&lt;373873005 |Pharmaceutical / biologic product| OR &lt;&lt;716186003 |No known allergy| OR 196461000000101 |Transfer-degraded drug allergy| OR 196471000000108 |Transfer-degraded non-drug allergy|)"/></filter></include><include><system value="http://hl7.org/fhir/v3/NullFlavor"/><filter><property value="concept"/><op value="="/><value value="NI"/></filter></include></compose></ValueSet>