{
  "resourceType": "CodeSystem",
  "id": "CareConnect-OutcomeOfAttendance-1",
  "text": {
    "status": "generated",
    "div": "<div xmlns=\"http://www.w3.org/1999/xhtml\">\n         <h2>NHS Data Model and Dictionary Outcome of Attendance</h2>\n         <div>\n            <p>This records the outcome of an Out-Patient Attendance Consultant.</p> \n         </div>\n         <p>\n            <b>Copyright Statement:</b> Copyright © 2016 HL7 UK\n         </p>\n         <p>This code system https://hl7.org.uk/fhir/CodeSystem/CareConnect-OutcomeOfAttendance-1 defines the following codes:</p>\n         <table class=\"codes\">\n            <tr>\n               <td style=\"white-space:nowrap\">\n                  <b>Code</b>\n               </td>\n               <td>\n                  <b>Display</b>\n               </td>\n               <td>\n                  <b>Definition</b>\n               </td>\n            </tr>\n            <tr>\n               <td style=\"white-space:nowrap\">1\n                  <a name=\"CareConnect-OutcomeOfAttendance-1-1\"> </a>\n               </td>\n               <td>Discharged from Consultant's care (last attendance)</td>\n               <td/>\n            </tr>\n            <tr>\n               <td style=\"white-space:nowrap\">2\n                  <a name=\"CareConnect-OutcomeOfAttendance-1-2\"> </a>\n               </td>\n               <td>Another Appointment given</td>\n               <td/>\n            </tr>\n            <tr>\n               <td style=\"white-space:nowrap\">3\n                  <a name=\"CareConnect-OutcomeOfAttendance-1-3\"> </a>\n               </td>\n               <td>Appointment to be made at a later date</td>\n               <td/>\n            </tr>\n         </table>\n      </div>"
  },
  "extension": [
    {
      "url": "http://hl7.org/fhir/StructureDefinition/codesystem-sourceReference",
      "valueUri": "http://www.datadictionary.nhs.uk/data_dictionary/attributes/o/out/outcome_of_attendance_de.asp?shownav=1"
    }
  ],
  "url": "https://hl7.org.uk/fhir/CodeSystem/CareConnect-OutcomeOfAttendance-1",
  "version": "4.0.0",
  "name": "NHS Data Model and Dictionary Outcome of Attendance",
  "status": "draft",
  "date": "2018-11-14T00:00:00+00:00",
  "publisher": "INTEROPen",
  "contact": [
    {
      "telecom": [
        {
          "system": "other",
          "value": "https://chat.fhir.org/#narrow/stream/179189-uk"
        }
      ]
    }
  ],
  "description": "This records the outcome of an Out-Patient Attendance Consultant.",
  "jurisdiction": [
    {
      "coding": [
        {
          "system": "http://unstats.un.org/unsd/methods/m49/m49.htm",
          "code": "826"
        }
      ]
    }
  ],
  "copyright": "Copyright © 2016 HL7 UK",
  "content": "complete",
  "concept": [
    {
      "code": "1",
      "display": "Discharged from Consultant's care (last attendance)"
    },
    {
      "code": "2",
      "display": "Another Appointment given"
    },
    {
      "code": "3",
      "display": "Appointment to be made at a later date"
    }
  ]
}