{
  "resourceType": "CodeSystem",
  "id": "CareConnect-EthnicCategory-1",
  "text": {
    "status": "generated",
    "div": "<div xmlns=\"http://www.w3.org/1999/xhtml\">\n         <h2>Care Connect Ethnic Category</h2>\n         <div>\n            <p>A CodeSystem to identify the ethnicity of a Person, as specified by the Person. This vocabulary describes a persons ethnic category, it is an extension of the Ethnic Category Code described in the NHS Data Model and Dictionary.</p> \n         </div>\n         <p>This code system https://hl7.org.uk/fhir/CodeSystem/CareConnect-EthnicCategory-1 defines the following codes:</p>\n         <table class=\"codes\">\n            <tr>\n               <td style=\"white-space:nowrap\">\n                  <b>Code</b>\n               </td>\n               <td>\n                  <b>Display</b>\n               </td>\n               <td>\n                  <b>Definition</b>\n               </td>\n            </tr>\n            <tr>\n               <td style=\"white-space:nowrap\">A\n                  <a name=\"CareConnect-EthnicCategory-1-A\"> </a>\n               </td>\n               <td>British, Mixed British</td>\n               <td/>\n            </tr>\n            <tr>\n               <td style=\"white-space:nowrap\">B\n                  <a name=\"CareConnect-EthnicCategory-1-B\"> </a>\n               </td>\n               <td>Irish</td>\n               <td/>\n            </tr>\n            <tr>\n               <td style=\"white-space:nowrap\">C\n                  <a name=\"CareConnect-EthnicCategory-1-C\"> </a>\n               </td>\n               <td>Any other White background</td>\n               <td/>\n            </tr>\n            <tr>\n               <td style=\"white-space:nowrap\">C2\n                  <a name=\"CareConnect-EthnicCategory-1-C2\"> </a>\n               </td>\n               <td>Northern Irish</td>\n               <td/>\n            </tr>\n            <tr>\n               <td style=\"white-space:nowrap\">C3\n                  <a name=\"CareConnect-EthnicCategory-1-C3\"> </a>\n               </td>\n               <td>Other white, white unspecified</td>\n               <td/>\n            </tr>\n            <tr>\n               <td style=\"white-space:nowrap\">CA\n                  <a name=\"CareConnect-EthnicCategory-1-CA\"> </a>\n               </td>\n               <td>English</td>\n               <td/>\n            </tr>\n            <tr>\n               <td style=\"white-space:nowrap\">CB\n                  <a name=\"CareConnect-EthnicCategory-1-CB\"> </a>\n               </td>\n               <td>Scottish</td>\n               <td/>\n            </tr>\n            <tr>\n               <td style=\"white-space:nowrap\">CC\n                  <a name=\"CareConnect-EthnicCategory-1-CC\"> </a>\n               </td>\n               <td>Welsh</td>\n               <td/>\n            </tr>\n            <tr>\n               <td style=\"white-space:nowrap\">CD\n                  <a name=\"CareConnect-EthnicCategory-1-CD\"> </a>\n               </td>\n               <td>Cornish</td>\n               <td/>\n            </tr>\n            <tr>\n               <td style=\"white-space:nowrap\">CE\n                  <a name=\"CareConnect-EthnicCategory-1-CE\"> </a>\n               </td>\n               <td>Cypriot (part not stated)</td>\n               <td/>\n            </tr>\n            <tr>\n               <td style=\"white-space:nowrap\">CF\n                  <a name=\"CareConnect-EthnicCategory-1-CF\"> </a>\n               </td>\n               <td>Greek</td>\n               <td/>\n            </tr>\n            <tr>\n               <td style=\"white-space:nowrap\">CG\n                  <a name=\"CareConnect-EthnicCategory-1-CG\"> </a>\n               </td>\n               <td>Greek Cypriot</td>\n               <td/>\n            </tr>\n            <tr>\n               <td style=\"white-space:nowrap\">CH\n                  <a name=\"CareConnect-EthnicCategory-1-CH\"> </a>\n               </td>\n               <td>Turkish</td>\n               <td/>\n            </tr>\n            <tr>\n               <td style=\"white-space:nowrap\">CJ\n                  <a name=\"CareConnect-EthnicCategory-1-CJ\"> </a>\n               </td>\n               <td>Turkish Cypriot</td>\n               <td/>\n            </tr>\n            <tr>\n               <td style=\"white-space:nowrap\">CK\n                  <a name=\"CareConnect-EthnicCategory-1-CK\"> </a>\n               </td>\n               <td>Italian</td>\n               <td/>\n            </tr>\n            <tr>\n               <td style=\"white-space:nowrap\">CL\n                  <a name=\"CareConnect-EthnicCategory-1-CL\"> </a>\n               </td>\n               <td>Irish Traveller</td>\n               <td/>\n            </tr>\n            <tr>\n               <td style=\"white-space:nowrap\">CM\n                  <a name=\"CareConnect-EthnicCategory-1-CM\"> </a>\n               </td>\n               <td>Traveller</td>\n               <td/>\n            </tr>\n            <tr>\n               <td style=\"white-space:nowrap\">CN\n                  <a name=\"CareConnect-EthnicCategory-1-CN\"> </a>\n               </td>\n               <td>Gypsy/Romany</td>\n               <td/>\n            </tr>\n            <tr>\n               <td style=\"white-space:nowrap\">CP\n                  <a name=\"CareConnect-EthnicCategory-1-CP\"> </a>\n               </td>\n               <td>Polish</td>\n               <td/>\n            </tr>\n            <tr>\n               <td style=\"white-space:nowrap\">CQ\n                  <a name=\"CareConnect-EthnicCategory-1-CQ\"> </a>\n               </td>\n               <td>All republics which made up the former USSR</td>\n               <td/>\n            </tr>\n            <tr>\n               <td style=\"white-space:nowrap\">CR\n                  <a name=\"CareConnect-EthnicCategory-1-CR\"> </a>\n               </td>\n               <td>Kosovan</td>\n               <td/>\n            </tr>\n            <tr>\n               <td style=\"white-space:nowrap\">CS\n                  <a name=\"CareConnect-EthnicCategory-1-CS\"> </a>\n               </td>\n               <td>Albanian</td>\n               <td/>\n            </tr>\n            <tr>\n               <td style=\"white-space:nowrap\">CT\n                  <a name=\"CareConnect-EthnicCategory-1-CT\"> </a>\n               </td>\n               <td>Bosnian</td>\n               <td/>\n            </tr>\n            <tr>\n               <td style=\"white-space:nowrap\">CU\n                  <a name=\"CareConnect-EthnicCategory-1-CU\"> </a>\n               </td>\n               <td>Croatian</td>\n               <td/>\n            </tr>\n            <tr>\n               <td style=\"white-space:nowrap\">CV\n                  <a name=\"CareConnect-EthnicCategory-1-CV\"> </a>\n               </td>\n               <td>Serbian</td>\n               <td/>\n            </tr>\n            <tr>\n               <td style=\"white-space:nowrap\">CW\n                  <a name=\"CareConnect-EthnicCategory-1-CW\"> </a>\n               </td>\n               <td>Other republics which made up the former Yugoslavia</td>\n               <td/>\n            </tr>\n            <tr>\n               <td style=\"white-space:nowrap\">CX\n                  <a name=\"CareConnect-EthnicCategory-1-CX\"> </a>\n               </td>\n               <td>Mixed white</td>\n               <td/>\n            </tr>\n            <tr>\n               <td style=\"white-space:nowrap\">CY\n                  <a name=\"CareConnect-EthnicCategory-1-CY\"> </a>\n               </td>\n               <td>Other white European, European unspecified, European mixed</td>\n               <td/>\n            </tr>\n            <tr>\n               <td style=\"white-space:nowrap\">D\n                  <a name=\"CareConnect-EthnicCategory-1-D\"> </a>\n               </td>\n               <td>White and Black Caribbean</td>\n               <td/>\n            </tr>\n            <tr>\n               <td style=\"white-space:nowrap\">E\n                  <a name=\"CareConnect-EthnicCategory-1-E\"> </a>\n               </td>\n               <td>White and Black African</td>\n               <td/>\n            </tr>\n            <tr>\n               <td style=\"white-space:nowrap\">F\n                  <a name=\"CareConnect-EthnicCategory-1-F\"> </a>\n               </td>\n               <td>White and Asian</td>\n               <td/>\n            </tr>\n            <tr>\n               <td style=\"white-space:nowrap\">G\n                  <a name=\"CareConnect-EthnicCategory-1-G\"> </a>\n               </td>\n               <td>Any other mixed background</td>\n               <td/>\n            </tr>\n            <tr>\n               <td style=\"white-space:nowrap\">GA\n                  <a name=\"CareConnect-EthnicCategory-1-GA\"> </a>\n               </td>\n               <td>Black and Asian</td>\n               <td/>\n            </tr>\n            <tr>\n               <td style=\"white-space:nowrap\">GB\n                  <a name=\"CareConnect-EthnicCategory-1-GB\"> </a>\n               </td>\n               <td>Black and Chinese</td>\n               <td/>\n            </tr>\n            <tr>\n               <td style=\"white-space:nowrap\">GC\n                  <a name=\"CareConnect-EthnicCategory-1-GC\"> </a>\n               </td>\n               <td>Black and White</td>\n               <td/>\n            </tr>\n            <tr>\n               <td style=\"white-space:nowrap\">GD\n                  <a name=\"CareConnect-EthnicCategory-1-GD\"> </a>\n               </td>\n               <td>Chinese and White</td>\n               <td/>\n            </tr>\n            <tr>\n               <td style=\"white-space:nowrap\">GE\n                  <a name=\"CareConnect-EthnicCategory-1-GE\"> </a>\n               </td>\n               <td>Asian and Chinese</td>\n               <td/>\n            </tr>\n            <tr>\n               <td style=\"white-space:nowrap\">GF\n                  <a name=\"CareConnect-EthnicCategory-1-GF\"> </a>\n               </td>\n               <td>Other Mixed, Mixed Unspecified</td>\n               <td/>\n            </tr>\n            <tr>\n               <td style=\"white-space:nowrap\">H\n                  <a name=\"CareConnect-EthnicCategory-1-H\"> </a>\n               </td>\n               <td>Indian or British Indian</td>\n               <td/>\n            </tr>\n            <tr>\n               <td style=\"white-space:nowrap\">J\n                  <a name=\"CareConnect-EthnicCategory-1-J\"> </a>\n               </td>\n               <td>Pakistani or British Pakistani</td>\n               <td/>\n            </tr>\n            <tr>\n               <td style=\"white-space:nowrap\">K\n                  <a name=\"CareConnect-EthnicCategory-1-K\"> </a>\n               </td>\n               <td>Bangladeshi or British Bangladeshi</td>\n               <td/>\n            </tr>\n            <tr>\n               <td style=\"white-space:nowrap\">L\n                  <a name=\"CareConnect-EthnicCategory-1-L\"> </a>\n               </td>\n               <td>Any other Asian background</td>\n               <td/>\n            </tr>\n            <tr>\n               <td style=\"white-space:nowrap\">LA\n                  <a name=\"CareConnect-EthnicCategory-1-LA\"> </a>\n               </td>\n               <td>Mixed Asian</td>\n               <td/>\n            </tr>\n            <tr>\n               <td style=\"white-space:nowrap\">LB\n                  <a name=\"CareConnect-EthnicCategory-1-LB\"> </a>\n               </td>\n               <td>Punjabi</td>\n               <td/>\n            </tr>\n            <tr>\n               <td style=\"white-space:nowrap\">LC\n                  <a name=\"CareConnect-EthnicCategory-1-LC\"> </a>\n               </td>\n               <td>Kashmiri</td>\n               <td/>\n            </tr>\n            <tr>\n               <td style=\"white-space:nowrap\">LD\n                  <a name=\"CareConnect-EthnicCategory-1-LD\"> </a>\n               </td>\n               <td>East African Asian</td>\n               <td/>\n            </tr>\n            <tr>\n               <td style=\"white-space:nowrap\">LE\n                  <a name=\"CareConnect-EthnicCategory-1-LE\"> </a>\n               </td>\n               <td>Sri Lanka</td>\n               <td/>\n            </tr>\n            <tr>\n               <td style=\"white-space:nowrap\">LF\n                  <a name=\"CareConnect-EthnicCategory-1-LF\"> </a>\n               </td>\n               <td>Tamil</td>\n               <td/>\n            </tr>\n            <tr>\n               <td style=\"white-space:nowrap\">LG\n                  <a name=\"CareConnect-EthnicCategory-1-LG\"> </a>\n               </td>\n               <td>Sinhalese</td>\n               <td/>\n            </tr>\n            <tr>\n               <td style=\"white-space:nowrap\">LH\n                  <a name=\"CareConnect-EthnicCategory-1-LH\"> </a>\n               </td>\n               <td>British Asian</td>\n               <td/>\n            </tr>\n            <tr>\n               <td style=\"white-space:nowrap\">LJ\n                  <a name=\"CareConnect-EthnicCategory-1-LJ\"> </a>\n               </td>\n               <td>Caribbean Asian</td>\n               <td/>\n            </tr>\n            <tr>\n               <td style=\"white-space:nowrap\">LK\n                  <a name=\"CareConnect-EthnicCategory-1-LK\"> </a>\n               </td>\n               <td>Other Asian, Asian unspecified</td>\n               <td/>\n            </tr>\n            <tr>\n               <td style=\"white-space:nowrap\">M\n                  <a name=\"CareConnect-EthnicCategory-1-M\"> </a>\n               </td>\n               <td>Caribbean</td>\n               <td/>\n            </tr>\n            <tr>\n               <td style=\"white-space:nowrap\">N\n                  <a name=\"CareConnect-EthnicCategory-1-N\"> </a>\n               </td>\n               <td>African</td>\n               <td/>\n            </tr>\n            <tr>\n               <td style=\"white-space:nowrap\">P\n                  <a name=\"CareConnect-EthnicCategory-1-P\"> </a>\n               </td>\n               <td>Any other Black background</td>\n               <td/>\n            </tr>\n            <tr>\n               <td style=\"white-space:nowrap\">PA\n                  <a name=\"CareConnect-EthnicCategory-1-PA\"> </a>\n               </td>\n               <td>Somali</td>\n               <td/>\n            </tr>\n            <tr>\n               <td style=\"white-space:nowrap\">PB\n                  <a name=\"CareConnect-EthnicCategory-1-PB\"> </a>\n               </td>\n               <td>Mixed Black</td>\n               <td/>\n            </tr>\n            <tr>\n               <td style=\"white-space:nowrap\">PC\n                  <a name=\"CareConnect-EthnicCategory-1-PC\"> </a>\n               </td>\n               <td>Nigerian</td>\n               <td/>\n            </tr>\n            <tr>\n               <td style=\"white-space:nowrap\">PD\n                  <a name=\"CareConnect-EthnicCategory-1-PD\"> </a>\n               </td>\n               <td>Black British</td>\n               <td/>\n            </tr>\n            <tr>\n               <td style=\"white-space:nowrap\">PE\n                  <a name=\"CareConnect-EthnicCategory-1-PE\"> </a>\n               </td>\n               <td>Other Black, Black unspecified</td>\n               <td/>\n            </tr>\n            <tr>\n               <td style=\"white-space:nowrap\">R\n                  <a name=\"CareConnect-EthnicCategory-1-R\"> </a>\n               </td>\n               <td>Chinese</td>\n               <td/>\n            </tr>\n            <tr>\n               <td style=\"white-space:nowrap\">S\n                  <a name=\"CareConnect-EthnicCategory-1-S\"> </a>\n               </td>\n               <td>Any other ethnic group</td>\n               <td/>\n            </tr>\n            <tr>\n               <td style=\"white-space:nowrap\">SA\n                  <a name=\"CareConnect-EthnicCategory-1-SA\"> </a>\n               </td>\n               <td>Vietnamese</td>\n               <td/>\n            </tr>\n            <tr>\n               <td style=\"white-space:nowrap\">SB\n                  <a name=\"CareConnect-EthnicCategory-1-SB\"> </a>\n               </td>\n               <td>Japanese</td>\n               <td/>\n            </tr>\n            <tr>\n               <td style=\"white-space:nowrap\">SC\n                  <a name=\"CareConnect-EthnicCategory-1-SC\"> </a>\n               </td>\n               <td>Filipino</td>\n               <td/>\n            </tr>\n            <tr>\n               <td style=\"white-space:nowrap\">SD\n                  <a name=\"CareConnect-EthnicCategory-1-SD\"> </a>\n               </td>\n               <td>Malaysian</td>\n               <td/>\n            </tr>\n            <tr>\n               <td style=\"white-space:nowrap\">SE\n                  <a name=\"CareConnect-EthnicCategory-1-SE\"> </a>\n               </td>\n               <td>Any Other Group</td>\n               <td/>\n            </tr>\n            <tr>\n               <td style=\"white-space:nowrap\">Z\n                  <a name=\"CareConnect-EthnicCategory-1-Z\"> </a>\n               </td>\n               <td>Not stated</td>\n               <td/>\n            </tr>\n         </table>\n      </div>"
  },
  "extension": [
    {
      "url": "http://hl7.org/fhir/StructureDefinition/codesystem-sourceReference",
      "valueUri": "http://www.datadictionary.nhs.uk/data_dictionary/data_field_notes/p/pds/pds_ethnic_category_code_de.asp?shownav=0"
    }
  ],
  "url": "https://hl7.org.uk/fhir/CodeSystem/CareConnect-EthnicCategory-1",
  "version": "4.0.0",
  "name": "Care Connect Ethnic Category",
  "status": "draft",
  "date": "2018-11-02T00:00:00+00:00",
  "publisher": "INTEROPen",
  "contact": [
    {
      "telecom": [
        {
          "system": "other",
          "value": "https://chat.fhir.org/#narrow/stream/179189-uk"
        }
      ]
    }
  ],
  "description": "A CodeSystem to identify the ethnicity of a Person, as specified by the Person. This vocabulary describes a persons ethnic category, it is an extension of the Ethnic Category Code described in the NHS Data Model and Dictionary.",
  "jurisdiction": [
    {
      "coding": [
        {
          "system": "http://unstats.un.org/unsd/methods/m49/m49.htm",
          "code": "826"
        }
      ]
    }
  ],
  "caseSensitive": true,
  "content": "complete",
  "concept": [
    {
      "code": "A",
      "display": "British, Mixed British"
    },
    {
      "code": "B",
      "display": "Irish"
    },
    {
      "code": "C",
      "display": "Any other White background"
    },
    {
      "code": "C2",
      "display": "Northern Irish"
    },
    {
      "code": "C3",
      "display": "Other white, white unspecified"
    },
    {
      "code": "CA",
      "display": "English"
    },
    {
      "code": "CB",
      "display": "Scottish"
    },
    {
      "code": "CC",
      "display": "Welsh"
    },
    {
      "code": "CD",
      "display": "Cornish"
    },
    {
      "code": "CE",
      "display": "Cypriot (part not stated)"
    },
    {
      "code": "CF",
      "display": "Greek"
    },
    {
      "code": "CG",
      "display": "Greek Cypriot"
    },
    {
      "code": "CH",
      "display": "Turkish"
    },
    {
      "code": "CJ",
      "display": "Turkish Cypriot"
    },
    {
      "code": "CK",
      "display": "Italian"
    },
    {
      "code": "CL",
      "display": "Irish Traveller"
    },
    {
      "code": "CM",
      "display": "Traveller"
    },
    {
      "code": "CN",
      "display": "Gypsy/Romany"
    },
    {
      "code": "CP",
      "display": "Polish"
    },
    {
      "code": "CQ",
      "display": "All republics which made up the former USSR"
    },
    {
      "code": "CR",
      "display": "Kosovan"
    },
    {
      "code": "CS",
      "display": "Albanian"
    },
    {
      "code": "CT",
      "display": "Bosnian"
    },
    {
      "code": "CU",
      "display": "Croatian"
    },
    {
      "code": "CV",
      "display": "Serbian"
    },
    {
      "code": "CW",
      "display": "Other republics which made up the former Yugoslavia"
    },
    {
      "code": "CX",
      "display": "Mixed white"
    },
    {
      "code": "CY",
      "display": "Other white European, European unspecified, European mixed"
    },
    {
      "code": "D",
      "display": "White and Black Caribbean"
    },
    {
      "code": "E",
      "display": "White and Black African"
    },
    {
      "code": "F",
      "display": "White and Asian"
    },
    {
      "code": "G",
      "display": "Any other mixed background"
    },
    {
      "code": "GA",
      "display": "Black and Asian"
    },
    {
      "code": "GB",
      "display": "Black and Chinese"
    },
    {
      "code": "GC",
      "display": "Black and White"
    },
    {
      "code": "GD",
      "display": "Chinese and White"
    },
    {
      "code": "GE",
      "display": "Asian and Chinese"
    },
    {
      "code": "GF",
      "display": "Other Mixed, Mixed Unspecified"
    },
    {
      "code": "H",
      "display": "Indian or British Indian"
    },
    {
      "code": "J",
      "display": "Pakistani or British Pakistani"
    },
    {
      "code": "K",
      "display": "Bangladeshi or British Bangladeshi"
    },
    {
      "code": "L",
      "display": "Any other Asian background"
    },
    {
      "code": "LA",
      "display": "Mixed Asian"
    },
    {
      "code": "LB",
      "display": "Punjabi"
    },
    {
      "code": "LC",
      "display": "Kashmiri"
    },
    {
      "code": "LD",
      "display": "East African Asian"
    },
    {
      "code": "LE",
      "display": "Sri Lanka"
    },
    {
      "code": "LF",
      "display": "Tamil"
    },
    {
      "code": "LG",
      "display": "Sinhalese"
    },
    {
      "code": "LH",
      "display": "British Asian"
    },
    {
      "code": "LJ",
      "display": "Caribbean Asian"
    },
    {
      "code": "LK",
      "display": "Other Asian, Asian unspecified"
    },
    {
      "code": "M",
      "display": "Caribbean"
    },
    {
      "code": "N",
      "display": "African"
    },
    {
      "code": "P",
      "display": "Any other Black background"
    },
    {
      "code": "PA",
      "display": "Somali"
    },
    {
      "code": "PB",
      "display": "Mixed Black"
    },
    {
      "code": "PC",
      "display": "Nigerian"
    },
    {
      "code": "PD",
      "display": "Black British"
    },
    {
      "code": "PE",
      "display": "Other Black, Black unspecified"
    },
    {
      "code": "R",
      "display": "Chinese"
    },
    {
      "code": "S",
      "display": "Any other ethnic group"
    },
    {
      "code": "SA",
      "display": "Vietnamese"
    },
    {
      "code": "SB",
      "display": "Japanese"
    },
    {
      "code": "SC",
      "display": "Filipino"
    },
    {
      "code": "SD",
      "display": "Malaysian"
    },
    {
      "code": "SE",
      "display": "Any Other Group"
    },
    {
      "code": "Z",
      "display": "Not stated"
    }
  ]
}