{
  "resourceType": "CodeSystem",
  "id": "CareConnect-PrescribedElsewhere-1",
  "text": {
    "status": "generated",
    "div": "<div xmlns=\"http://www.w3.org/1999/xhtml\">\n         <h2>Care Connect Prescribed Elsewhere</h2>\n         <div>\n            <p>A CodeSystem to identify the type of organisation/setting responsible for authorising and issuing medication outside of a GP system.</p> \n         </div>\n         <p>\n            <b>Copyright Statement:</b> Copyright © 2016 HL7 UK\n         </p>\n         <p>This code system https://hl7.org.uk/fhir/CodeSystem/CareConnect-PrescribedElsewhere-1 defines the following codes:</p>\n         <table class=\"codes\">\n            <tr>\n               <td style=\"white-space:nowrap\">\n                  <b>Code</b>\n               </td>\n               <td>\n                  <b>Display</b>\n               </td>\n               <td>\n                  <b>Definition</b>\n               </td>\n            </tr>\n            <tr>\n               <td style=\"white-space:nowrap\">out-of-hours\n                  <a name=\"CareConnect-PrescribedElsewhere-1-out-of-hours\"> </a>\n               </td>\n               <td>Out of Hours</td>\n               <td/>\n            </tr>\n            <tr>\n               <td style=\"white-space:nowrap\">hospital\n                  <a name=\"CareConnect-PrescribedElsewhere-1-hospital\"> </a>\n               </td>\n               <td>Hospital</td>\n               <td/>\n            </tr>\n            <tr>\n               <td style=\"white-space:nowrap\">dental\n                  <a name=\"CareConnect-PrescribedElsewhere-1-dental\"> </a>\n               </td>\n               <td>Dental</td>\n               <td/>\n            </tr>\n            <tr>\n               <td style=\"white-space:nowrap\">other-organisation\n                  <a name=\"CareConnect-PrescribedElsewhere-1-other-organisation\"> </a>\n               </td>\n               <td>Other Organisation</td>\n               <td/>\n            </tr>\n            <tr>\n               <td style=\"white-space:nowrap\">hand-written\n                  <a name=\"CareConnect-PrescribedElsewhere-1-hand-written\"> </a>\n               </td>\n               <td>Hand Written</td>\n               <td/>\n            </tr>\n            <tr>\n               <td style=\"white-space:nowrap\">self-prescribed\n                  <a name=\"CareConnect-PrescribedElsewhere-1-self-prescribed\"> </a>\n               </td>\n               <td>Self Prescribed</td>\n               <td/>\n            </tr>\n            <tr>\n               <td style=\"white-space:nowrap\">private\n                  <a name=\"CareConnect-PrescribedElsewhere-1-private\"> </a>\n               </td>\n               <td>Private</td>\n               <td/>\n            </tr>\n         </table>\n      </div>"
  },
  "url": "https://hl7.org.uk/fhir/CodeSystem/CareConnect-PrescribedElsewhere-1",
  "version": "4.0.0",
  "name": "Care Connect Prescribed Elsewhere",
  "status": "draft",
  "date": "2018-05-14T01:00:00+01:00",
  "publisher": "INTEROPen",
  "contact": [
    {
      "telecom": [
        {
          "system": "other",
          "value": "https://chat.fhir.org/#narrow/stream/179189-uk"
        }
      ]
    }
  ],
  "description": "A CodeSystem to identify the type of organisation/setting responsible for authorising and issuing medication outside of a GP system.",
  "jurisdiction": [
    {
      "coding": [
        {
          "system": "http://unstats.un.org/unsd/methods/m49/m49.htm",
          "code": "826"
        }
      ]
    }
  ],
  "copyright": "Copyright © 2016 HL7 UK",
  "caseSensitive": true,
  "content": "complete",
  "concept": [
    {
      "code": "out-of-hours",
      "display": "Out of Hours"
    },
    {
      "code": "hospital",
      "display": "Hospital"
    },
    {
      "code": "dental",
      "display": "Dental"
    },
    {
      "code": "other-organisation",
      "display": "Other Organisation"
    },
    {
      "code": "hand-written",
      "display": "Hand Written"
    },
    {
      "code": "self-prescribed",
      "display": "Self Prescribed"
    },
    {
      "code": "private",
      "display": "Private"
    }
  ]
}