{
  "resourceType": "CodeSystem",
  "id": "CareConnect-DischargeMethod-1",
  "text": {
    "status": "generated",
    "div": "<div xmlns=\"http://www.w3.org/1999/xhtml\">\n         <h2>NHS Data Model and Dictionary Discharge Method</h2>\n         <div>\n            <p>The method of discharge from a Hospital Provider Spell.</p> \n         </div>\n         <p>\n            <b>Copyright Statement:</b> Copyright © 2016 HL7 UK\n         </p>\n         <p>This code system https://hl7.org.uk/fhir/CodeSystem/CareConnect-DischargeMethod-1 defines the following codes:</p>\n         <table class=\"codes\">\n            <tr>\n               <td style=\"white-space:nowrap\">\n                  <b>Code</b>\n               </td>\n               <td>\n                  <b>Display</b>\n               </td>\n               <td>\n                  <b>Definition</b>\n               </td>\n            </tr>\n            <tr>\n               <td style=\"white-space:nowrap\">1\n                  <a name=\"CareConnect-DischargeMethod-1-1\"> </a>\n               </td>\n               <td>Patient discharged on clinical advice or with clinical consent</td>\n               <td/>\n            </tr>\n            <tr>\n               <td style=\"white-space:nowrap\">2\n                  <a name=\"CareConnect-DischargeMethod-1-2\"> </a>\n               </td>\n               <td>Patient discharged him/herself or was discharged by a relative or advocate</td>\n               <td/>\n            </tr>\n            <tr>\n               <td style=\"white-space:nowrap\">3\n                  <a name=\"CareConnect-DischargeMethod-1-3\"> </a>\n               </td>\n               <td>Patient discharged by mental health review tribunal, Home Secretary or Court</td>\n               <td/>\n            </tr>\n            <tr>\n               <td style=\"white-space:nowrap\">4\n                  <a name=\"CareConnect-DischargeMethod-1-4\"> </a>\n               </td>\n               <td>Patient died</td>\n               <td/>\n            </tr>\n            <tr>\n               <td style=\"white-space:nowrap\">5\n                  <a name=\"CareConnect-DischargeMethod-1-5\"> </a>\n               </td>\n               <td>Stillbirth</td>\n               <td/>\n            </tr>\n            <tr>\n               <td style=\"white-space:nowrap\">6\n                  <a name=\"CareConnect-DischargeMethod-1-6\"> </a>\n               </td>\n               <td>Patient discharged him/herself</td>\n               <td>National Codes 6 and 7 have been introduced for the Mental Health Services Data Set only to add further granularity to National Code 2. However, National Code 2 is still valid for the Mental Health Services Data Set where extra detail cannot be collected. National Codes 6 and 7 are NOT valid in any other data set including Commissioning Data Set version 6-2.</td>\n            </tr>\n            <tr>\n               <td style=\"white-space:nowrap\">7\n                  <a name=\"CareConnect-DischargeMethod-1-7\"> </a>\n               </td>\n               <td>Patient discharged by a relative or advocate</td>\n               <td>National Codes 6 and 7 have been introduced for the Mental Health Services Data Set only to add further granularity to National Code 2. However, National Code 2 is still valid for the Mental Health Services Data Set where extra detail cannot be collected. National Codes 6 and 7 are NOT valid in any other data set including Commissioning Data Set version 6-2.</td>\n            </tr>\n         </table>\n      </div>"
  },
  "extension": [
    {
      "url": "http://hl7.org/fhir/StructureDefinition/codesystem-sourceReference",
      "valueUri": "http://www.datadictionary.nhs.uk/data_dictionary/attributes/d/disc/discharge_method_de.asp?shownav=1"
    }
  ],
  "url": "https://hl7.org.uk/fhir/CodeSystem/CareConnect-DischargeMethod-1",
  "version": "4.0.0",
  "name": "NHS Data Model and Dictionary Discharge Method",
  "status": "draft",
  "date": "2018-11-14T00:00:00+00:00",
  "publisher": "INTEROPen",
  "contact": [
    {
      "telecom": [
        {
          "system": "other",
          "value": "https://chat.fhir.org/#narrow/stream/179189-uk"
        }
      ]
    }
  ],
  "description": "The method of discharge from a Hospital Provider Spell.",
  "jurisdiction": [
    {
      "coding": [
        {
          "system": "http://unstats.un.org/unsd/methods/m49/m49.htm",
          "code": "826"
        }
      ]
    }
  ],
  "copyright": "Copyright © 2016 HL7 UK",
  "content": "complete",
  "concept": [
    {
      "code": "1",
      "display": "Patient discharged on clinical advice or with clinical consent"
    },
    {
      "code": "2",
      "display": "Patient discharged him/herself or was discharged by a relative or advocate"
    },
    {
      "code": "3",
      "display": "Patient discharged by mental health review tribunal, Home Secretary or Court"
    },
    {
      "code": "4",
      "display": "Patient died"
    },
    {
      "code": "5",
      "display": "Stillbirth"
    },
    {
      "code": "6",
      "display": "Patient discharged him/herself",
      "definition": "National Codes 6 and 7 have been introduced for the Mental Health Services Data Set only to add further granularity to National Code 2. However, National Code 2 is still valid for the Mental Health Services Data Set where extra detail cannot be collected. National Codes 6 and 7 are NOT valid in any other data set including Commissioning Data Set version 6-2."
    },
    {
      "code": "7",
      "display": "Patient discharged by a relative or advocate",
      "definition": "National Codes 6 and 7 have been introduced for the Mental Health Services Data Set only to add further granularity to National Code 2. However, National Code 2 is still valid for the Mental Health Services Data Set where extra detail cannot be collected. National Codes 6 and 7 are NOT valid in any other data set including Commissioning Data Set version 6-2."
    }
  ]
}