{
  "resourceType": "CodeSystem",
  "id": "CareConnect-MedicationFlag-1",
  "text": {
    "status": "generated",
    "div": "<div xmlns=\"http://www.w3.org/1999/xhtml\">\n         <h2>Care Connect Medication Flag</h2>\n         <div>\n            <p>A CodeSystem to identify detail codes for flagged medication issues.</p> \n         </div>\n         <p>\n            <b>Copyright Statement:</b> Copyright © 2016 HL7 UK\n         </p>\n         <p>This code system https://hl7.org.uk/fhir/CodeSystem/CareConnect-MedicationFlag-1 defines the following codes:</p>\n         <table class=\"codes\">\n            <tr>\n               <td style=\"white-space:nowrap\">\n                  <b>Code</b>\n               </td>\n               <td>\n                  <b>Display</b>\n               </td>\n               <td>\n                  <b>Definition</b>\n               </td>\n            </tr>\n            <tr>\n               <td style=\"white-space:nowrap\">do-not-discontinue\n                  <a name=\"CareConnect-MedicationFlag-1-do-not-discontinue\"> </a>\n               </td>\n               <td>Do Not discontinue Medication</td>\n               <td/>\n            </tr>\n            <tr>\n               <td style=\"white-space:nowrap\">continue-indefinitely\n                  <a name=\"CareConnect-MedicationFlag-1-continue-indefinitely\"> </a>\n               </td>\n               <td>Continue Indefinitely</td>\n               <td/>\n            </tr>\n         </table>\n      </div>"
  },
  "url": "https://hl7.org.uk/fhir/CodeSystem/CareConnect-MedicationFlag-1",
  "version": "4.0.0",
  "name": "Care Connect Medication Flag",
  "status": "draft",
  "date": "2017-08-01T01:00:00+01:00",
  "publisher": "INTEROPen",
  "contact": [
    {
      "telecom": [
        {
          "system": "other",
          "value": "https://chat.fhir.org/#narrow/stream/179189-uk"
        }
      ]
    }
  ],
  "description": "A CodeSystem to identify detail codes for flagged medication issues.",
  "jurisdiction": [
    {
      "coding": [
        {
          "system": "http://unstats.un.org/unsd/methods/m49/m49.htm",
          "code": "826"
        }
      ]
    }
  ],
  "copyright": "Copyright © 2016 HL7 UK",
  "caseSensitive": true,
  "content": "complete",
  "concept": [
    {
      "code": "do-not-discontinue",
      "display": "Do Not discontinue Medication"
    },
    {
      "code": "continue-indefinitely",
      "display": "Continue Indefinitely"
    }
  ]
}