{
  "resourceType": "CodeSystem",
  "id": "CareConnect-LanguageAbilityMode-1",
  "text": {
    "status": "generated",
    "div": "<div xmlns=\"http://www.w3.org/1999/xhtml\">\n         <h2>Care Connect Language Ability Mode</h2>\n         <div>\n            <p>A CodeSystem that identifies the mode the patient can communicate in, representing the method of expression of the language.</p> \n         </div>\n         <p>\n            <b>Copyright Statement:</b> Copyright © 2016 HL7 UK\n         </p>\n         <p>This code system https://hl7.org.uk/fhir/CodeSystem/CareConnect-LanguageAbilityMode-1 defines the following codes:</p>\n         <table class=\"codes\">\n            <tr>\n               <td style=\"white-space:nowrap\">\n                  <b>Code</b>\n               </td>\n               <td>\n                  <b>Display</b>\n               </td>\n               <td>\n                  <b>Definition</b>\n               </td>\n            </tr>\n            <tr>\n               <td style=\"white-space:nowrap\">ESGN\n                  <a name=\"CareConnect-LanguageAbilityMode-1-ESGN\"> </a>\n               </td>\n               <td>Expressed signed</td>\n               <td/>\n            </tr>\n            <tr>\n               <td style=\"white-space:nowrap\">ESP\n                  <a name=\"CareConnect-LanguageAbilityMode-1-ESP\"> </a>\n               </td>\n               <td>Expressed spoken</td>\n               <td/>\n            </tr>\n            <tr>\n               <td style=\"white-space:nowrap\">EWR\n                  <a name=\"CareConnect-LanguageAbilityMode-1-EWR\"> </a>\n               </td>\n               <td>Expressed written</td>\n               <td/>\n            </tr>\n            <tr>\n               <td style=\"white-space:nowrap\">RSGN\n                  <a name=\"CareConnect-LanguageAbilityMode-1-RSGN\"> </a>\n               </td>\n               <td>Received signed</td>\n               <td/>\n            </tr>\n            <tr>\n               <td style=\"white-space:nowrap\">RSP\n                  <a name=\"CareConnect-LanguageAbilityMode-1-RSP\"> </a>\n               </td>\n               <td>Received spoken</td>\n               <td/>\n            </tr>\n            <tr>\n               <td style=\"white-space:nowrap\">RWR\n                  <a name=\"CareConnect-LanguageAbilityMode-1-RWR\"> </a>\n               </td>\n               <td>Received written</td>\n               <td/>\n            </tr>\n         </table>\n      </div>"
  },
  "url": "https://hl7.org.uk/fhir/CodeSystem/CareConnect-LanguageAbilityMode-1",
  "version": "4.0.0",
  "name": "Care Connect Language Ability Mode",
  "status": "draft",
  "date": "2018-11-01T00:00:00+00:00",
  "publisher": "INTEROPen",
  "contact": [
    {
      "telecom": [
        {
          "system": "other",
          "value": "https://chat.fhir.org/#narrow/stream/179189-uk"
        }
      ]
    }
  ],
  "description": "A CodeSystem that identifies the mode the patient can communicate in, representing the method of expression of the language.",
  "jurisdiction": [
    {
      "coding": [
        {
          "system": "http://unstats.un.org/unsd/methods/m49/m49.htm",
          "code": "826"
        }
      ]
    }
  ],
  "copyright": "Copyright © 2016 HL7 UK",
  "caseSensitive": true,
  "content": "complete",
  "concept": [
    {
      "code": "ESGN",
      "display": "Expressed signed"
    },
    {
      "code": "ESP",
      "display": "Expressed spoken"
    },
    {
      "code": "EWR",
      "display": "Expressed written"
    },
    {
      "code": "RSGN",
      "display": "Received signed"
    },
    {
      "code": "RSP",
      "display": "Received spoken"
    },
    {
      "code": "RWR",
      "display": "Received written"
    }
  ]
}