{
  "resourceType": "CodeSystem",
  "id": "CareConnect-PrescriptionType-1",
  "text": {
    "status": "generated",
    "div": "<div xmlns=\"http://www.w3.org/1999/xhtml\">\n         <h2>Care Connect Prescription Type</h2>\n         <div>\n            <p>A CodeSystem to identify the type of prescription</p> \n         </div>\n         <p>\n            <b>Copyright Statement:</b> Copyright © 2016 HL7 UK\n         </p>\n         <p>This code system https://hl7.org.uk/fhir/CodeSystem/CareConnect-PrescriptionType-1 defines the following codes:</p>\n         <table class=\"codes\">\n            <tr>\n               <td style=\"white-space:nowrap\">\n                  <b>Code</b>\n               </td>\n               <td>\n                  <b>Display</b>\n               </td>\n               <td>\n                  <b>Definition</b>\n               </td>\n            </tr>\n            <tr>\n               <td style=\"white-space:nowrap\">acute\n                  <a name=\"CareConnect-PrescriptionType-1-acute\"> </a>\n               </td>\n               <td>Acute</td>\n               <td/>\n            </tr>\n            <tr>\n               <td style=\"white-space:nowrap\">repeat\n                  <a name=\"CareConnect-PrescriptionType-1-repeat\"> </a>\n               </td>\n               <td>Repeat</td>\n               <td/>\n            </tr>\n            <tr>\n               <td style=\"white-space:nowrap\">repeat-dispensing\n                  <a name=\"CareConnect-PrescriptionType-1-repeat-dispensing\"> </a>\n               </td>\n               <td>Repeat dispensing</td>\n               <td/>\n            </tr>\n            <tr>\n               <td style=\"white-space:nowrap\">delayed-prescribing\n                  <a name=\"CareConnect-PrescriptionType-1-delayed-prescribing\"> </a>\n               </td>\n               <td>Delayed prescribing</td>\n               <td/>\n            </tr>\n         </table>\n      </div>"
  },
  "url": "https://hl7.org.uk/fhir/CodeSystem/CareConnect-PrescriptionType-1",
  "version": "4.0.0",
  "name": "Care Connect Prescription Type",
  "status": "draft",
  "date": "2018-11-01T00:00:00+00:00",
  "publisher": "INTEROPen",
  "contact": [
    {
      "telecom": [
        {
          "system": "other",
          "value": "https://chat.fhir.org/#narrow/stream/179189-uk"
        }
      ]
    }
  ],
  "description": "A CodeSystem to identify the type of prescription",
  "jurisdiction": [
    {
      "coding": [
        {
          "system": "http://unstats.un.org/unsd/methods/m49/m49.htm",
          "code": "826"
        }
      ]
    }
  ],
  "copyright": "Copyright © 2016 HL7 UK",
  "caseSensitive": true,
  "content": "complete",
  "concept": [
    {
      "code": "acute",
      "display": "Acute"
    },
    {
      "code": "repeat",
      "display": "Repeat"
    },
    {
      "code": "repeat-dispensing",
      "display": "Repeat dispensing"
    },
    {
      "code": "delayed-prescribing",
      "display": "Delayed prescribing"
    }
  ]
}