{
  "resourceType": "CodeSystem",
  "id": "CareConnect-MedicationSupplyType-1",
  "text": {
    "status": "generated",
    "div": "<div xmlns=\"http://www.w3.org/1999/xhtml\">\n         <h2>Care Connect Medication Supply Type</h2>\n         <div>\n            <p>A CodeSystem to identify the type of medication supply.</p> \n         </div>\n         <p>\n            <b>Copyright Statement:</b> Copyright © 2016 HL7 UK\n         </p>\n         <p>This code system https://hl7.org.uk/fhir/CodeSystem/CareConnect-MedicationSupplyType-1 defines the following codes:</p>\n         <table class=\"codes\">\n            <tr>\n               <td style=\"white-space:nowrap\">\n                  <b>Code</b>\n               </td>\n               <td>\n                  <b>Display</b>\n               </td>\n               <td>\n                  <b>Definition</b>\n               </td>\n            </tr>\n            <tr>\n               <td style=\"white-space:nowrap\">over-the-counter\n                  <a name=\"CareConnect-MedicationSupplyType-1-over-the-counter\"> </a>\n               </td>\n               <td>Over the counter</td>\n               <td/>\n            </tr>\n            <tr>\n               <td style=\"white-space:nowrap\">emergency-supply\n                  <a name=\"CareConnect-MedicationSupplyType-1-emergency-supply\"> </a>\n               </td>\n               <td>Emergency supply</td>\n               <td/>\n            </tr>\n            <tr>\n               <td style=\"white-space:nowrap\">patient-group-direction\n                  <a name=\"CareConnect-MedicationSupplyType-1-patient-group-direction\"> </a>\n               </td>\n               <td>Patient group direction</td>\n               <td/>\n            </tr>\n            <tr>\n               <td style=\"white-space:nowrap\">minor-ailments-scheme\n                  <a name=\"CareConnect-MedicationSupplyType-1-minor-ailments-scheme\"> </a>\n               </td>\n               <td>Minor ailments scheme</td>\n               <td/>\n            </tr>\n            <tr>\n               <td style=\"white-space:nowrap\">prescription-dispensing\n                  <a name=\"CareConnect-MedicationSupplyType-1-prescription-dispensing\"> </a>\n               </td>\n               <td>Prescription dispensing</td>\n               <td/>\n            </tr>\n            <tr>\n               <td style=\"white-space:nowrap\">private-prescription-dispensing\n                  <a name=\"CareConnect-MedicationSupplyType-1-private-prescription-dispensing\"> </a>\n               </td>\n               <td>Private prescription dispensing</td>\n               <td/>\n            </tr>\n            <tr>\n               <td style=\"white-space:nowrap\">self-declared\n                  <a name=\"CareConnect-MedicationSupplyType-1-self-declared\"> </a>\n               </td>\n               <td>Self declared</td>\n               <td/>\n            </tr>\n         </table>\n      </div>"
  },
  "url": "https://hl7.org.uk/fhir/CodeSystem/CareConnect-MedicationSupplyType-1",
  "version": "4.0.0",
  "name": "Care Connect Medication Supply Type",
  "status": "draft",
  "date": "2018-07-11T01:00:00+01:00",
  "publisher": "INTEROPen",
  "contact": [
    {
      "telecom": [
        {
          "system": "other",
          "value": "https://chat.fhir.org/#narrow/stream/179189-uk"
        }
      ]
    }
  ],
  "description": "A CodeSystem to identify the type of medication supply.",
  "jurisdiction": [
    {
      "coding": [
        {
          "system": "http://unstats.un.org/unsd/methods/m49/m49.htm",
          "code": "826"
        }
      ]
    }
  ],
  "copyright": "Copyright © 2016 HL7 UK",
  "caseSensitive": true,
  "content": "complete",
  "concept": [
    {
      "code": "over-the-counter",
      "display": "Over the counter"
    },
    {
      "code": "emergency-supply",
      "display": "Emergency supply"
    },
    {
      "code": "patient-group-direction",
      "display": "Patient group direction"
    },
    {
      "code": "minor-ailments-scheme",
      "display": "Minor ailments scheme"
    },
    {
      "code": "prescription-dispensing",
      "display": "Prescription dispensing"
    },
    {
      "code": "private-prescription-dispensing",
      "display": "Private prescription dispensing"
    },
    {
      "code": "self-declared",
      "display": "Self declared"
    }
  ]
}