{
  "resourceType": "CodeSystem",
  "id": "CareConnect-NHSNumberVerificationStatus-1",
  "text": {
    "status": "generated",
    "div": "<div xmlns=\"http://www.w3.org/1999/xhtml\">\n         <h2>Care Connect NHS Number Verification Status</h2>\n         <div>\n            <p>A CodeSystem that identifies the trace status of the NHS number. This CodeSystem is comprised of codes from the NHS Data Model and Dictionary: NHS Number Status Indicator Code.</p> \n         </div>\n         <p>\n            <b>Copyright Statement:</b> Copyright © 2016 HL7 UK\n         </p>\n         <p>This code system https://hl7.org.uk/fhir/CodeSystem/CareConnect-NHSNumberVerificationStatus-1 defines the following codes:</p>\n         <table class=\"codes\">\n            <tr>\n               <td style=\"white-space:nowrap\">\n                  <b>Code</b>\n               </td>\n               <td>\n                  <b>Display</b>\n               </td>\n               <td>\n                  <b>Definition</b>\n               </td>\n            </tr>\n            <tr>\n               <td style=\"white-space:nowrap\">01\n                  <a name=\"CareConnect-NHSNumberVerificationStatus-1-01\"> </a>\n               </td>\n               <td>Number present and verified</td>\n               <td/>\n            </tr>\n            <tr>\n               <td style=\"white-space:nowrap\">02\n                  <a name=\"CareConnect-NHSNumberVerificationStatus-1-02\"> </a>\n               </td>\n               <td>Number present but not traced</td>\n               <td/>\n            </tr>\n            <tr>\n               <td style=\"white-space:nowrap\">03\n                  <a name=\"CareConnect-NHSNumberVerificationStatus-1-03\"> </a>\n               </td>\n               <td>Trace required</td>\n               <td/>\n            </tr>\n            <tr>\n               <td style=\"white-space:nowrap\">04\n                  <a name=\"CareConnect-NHSNumberVerificationStatus-1-04\"> </a>\n               </td>\n               <td>Trace attempted - No match or multiple match found</td>\n               <td/>\n            </tr>\n            <tr>\n               <td style=\"white-space:nowrap\">05\n                  <a name=\"CareConnect-NHSNumberVerificationStatus-1-05\"> </a>\n               </td>\n               <td>Trace needs to be resolved - (NHS number or patient detail conflict)</td>\n               <td/>\n            </tr>\n            <tr>\n               <td style=\"white-space:nowrap\">06\n                  <a name=\"CareConnect-NHSNumberVerificationStatus-1-06\"> </a>\n               </td>\n               <td>Trace in progress</td>\n               <td/>\n            </tr>\n            <tr>\n               <td style=\"white-space:nowrap\">07\n                  <a name=\"CareConnect-NHSNumberVerificationStatus-1-07\"> </a>\n               </td>\n               <td>Number not present and trace not required</td>\n               <td/>\n            </tr>\n            <tr>\n               <td style=\"white-space:nowrap\">08\n                  <a name=\"CareConnect-NHSNumberVerificationStatus-1-08\"> </a>\n               </td>\n               <td>Trace postponed (baby under six weeks old)</td>\n               <td/>\n            </tr>\n         </table>\n      </div>"
  },
  "extension": [
    {
      "url": "http://hl7.org/fhir/StructureDefinition/codesystem-sourceReference",
      "valueUri": "http://www.datadictionary.nhs.uk/data_dictionary/data_field_notes/n/nhs/nhs_number_status_indicator_code_de.asp?shownav=1"
    }
  ],
  "url": "https://hl7.org.uk/fhir/CodeSystem/CareConnect-NHSNumberVerificationStatus-1",
  "version": "4.0.0",
  "name": "Care Connect NHS Number Verification Status",
  "status": "draft",
  "date": "2018-11-02T00:00:00+00:00",
  "publisher": "INTEROPen",
  "contact": [
    {
      "telecom": [
        {
          "system": "other",
          "value": "https://chat.fhir.org/#narrow/stream/179189-uk"
        }
      ]
    }
  ],
  "description": "A CodeSystem that identifies the trace status of the NHS number. This CodeSystem is comprised of codes from the NHS Data Model and Dictionary: NHS Number Status Indicator Code.",
  "jurisdiction": [
    {
      "coding": [
        {
          "system": "http://unstats.un.org/unsd/methods/m49/m49.htm",
          "code": "826"
        }
      ]
    }
  ],
  "copyright": "Copyright © 2016 HL7 UK",
  "caseSensitive": true,
  "content": "complete",
  "concept": [
    {
      "code": "01",
      "display": "Number present and verified"
    },
    {
      "code": "02",
      "display": "Number present but not traced"
    },
    {
      "code": "03",
      "display": "Trace required"
    },
    {
      "code": "04",
      "display": "Trace attempted - No match or multiple match found"
    },
    {
      "code": "05",
      "display": "Trace needs to be resolved - (NHS number or patient detail conflict)"
    },
    {
      "code": "06",
      "display": "Trace in progress"
    },
    {
      "code": "07",
      "display": "Number not present and trace not required"
    },
    {
      "code": "08",
      "display": "Trace postponed (baby under six weeks old)"
    }
  ]
}