{
  "resourceType": "CodeSystem",
  "id": "CareConnect-ConditionEpisodicity-1",
  "text": {
    "status": "generated",
    "div": "<div xmlns=\"http://www.w3.org/1999/xhtml\">\n         <h2>Care Connect Condition Episodicity</h2>\n         <div>\n            <p>A CodeSystem to identify the episodicity of a condition.</p> \n         </div>\n         <p>\n            <b>Copyright Statement:</b> Copyright © 2016 HL7 UK\n         </p>\n         <p>This code system https://hl7.org.uk/fhir/CodeSystem/CareConnect-ConditionEpisodicity-1 defines the following codes:</p>\n         <table class=\"codes\">\n            <tr>\n               <td style=\"white-space:nowrap\">\n                  <b>Code</b>\n               </td>\n               <td>\n                  <b>Display</b>\n               </td>\n               <td>\n                  <b>Definition</b>\n               </td>\n            </tr>\n            <tr>\n               <td style=\"white-space:nowrap\">first\n                  <a name=\"CareConnect-ConditionEpisodicity-1-first\"> </a>\n               </td>\n               <td>First</td>\n               <td>The first episode of a condition.</td>\n            </tr>\n            <tr>\n               <td style=\"white-space:nowrap\">new\n                  <a name=\"CareConnect-ConditionEpisodicity-1-new\"> </a>\n               </td>\n               <td>New</td>\n               <td>A new episode of a previously recorded condition.</td>\n            </tr>\n            <tr>\n               <td style=\"white-space:nowrap\">review\n                  <a name=\"CareConnect-ConditionEpisodicity-1-review\"> </a>\n               </td>\n               <td>Review</td>\n               <td>A review of an existing condition episode.</td>\n            </tr>\n            <tr>\n               <td style=\"white-space:nowrap\">end\n                  <a name=\"CareConnect-ConditionEpisodicity-1-end\"> </a>\n               </td>\n               <td>End</td>\n               <td>Marks the end of an existing condition episode.</td>\n            </tr>\n         </table>\n      </div>"
  },
  "url": "https://hl7.org.uk/fhir/CodeSystem/CareConnect-ConditionEpisodicity-1",
  "version": "4.0.0",
  "name": "Care Connect Condition Episodicity",
  "status": "draft",
  "date": "2018-11-14T00:00:00+00:00",
  "publisher": "INTEROPen",
  "contact": [
    {
      "telecom": [
        {
          "system": "other",
          "value": "https://chat.fhir.org/#narrow/stream/179189-uk"
        }
      ]
    }
  ],
  "description": "A CodeSystem to identify the episodicity of a condition.",
  "jurisdiction": [
    {
      "coding": [
        {
          "system": "http://unstats.un.org/unsd/methods/m49/m49.htm",
          "code": "826"
        }
      ]
    }
  ],
  "copyright": "Copyright © 2016 HL7 UK",
  "caseSensitive": true,
  "content": "complete",
  "concept": [
    {
      "code": "first",
      "display": "First",
      "definition": "The first episode of a condition."
    },
    {
      "code": "new",
      "display": "New",
      "definition": "A new episode of a previously recorded condition."
    },
    {
      "code": "review",
      "display": "Review",
      "definition": "A review of an existing condition episode."
    },
    {
      "code": "end",
      "display": "End",
      "definition": "Marks the end of an existing condition episode."
    }
  ]
}