{
  "resourceType": "CodeSystem",
  "id": "CareConnect-ConditionCategory-1",
  "text": {
    "status": "generated",
    "div": "<div xmlns=\"http://www.w3.org/1999/xhtml\">\n         <h2>Care Connect Condition Category</h2>\n         <div>\n            <p>A CodeSystem to identify the category of a condition.</p> \n         </div>\n         <p>\n            <b>Copyright Statement:</b> Copyright © 2016 HL7 UK\n         </p>\n         <p>This code system https://hl7.org.uk/fhir/CodeSystem/CareConnect-ConditionCategory-1 defines the following codes:</p>\n         <table class=\"codes\">\n            <tr>\n               <td style=\"white-space:nowrap\">\n                  <b>Code</b>\n               </td>\n               <td>\n                  <b>Display</b>\n               </td>\n               <td>\n                  <b>Definition</b>\n               </td>\n            </tr>\n            <tr>\n               <td style=\"white-space:nowrap\">problem-list-item\n                  <a name=\"CareConnect-ConditionCategory-1-problem-list-item\"> </a>\n               </td>\n               <td>Problem List Item</td>\n               <td>An item on a problem list which can be managed over time and can be expressed by a practitioner (e.g. physician, nurse), patient, or related person.</td>\n            </tr>\n            <tr>\n               <td style=\"white-space:nowrap\">encounter-diagnosis\n                  <a name=\"CareConnect-ConditionCategory-1-encounter-diagnosis\"> </a>\n               </td>\n               <td>Encounter Diagnosis</td>\n               <td>A point in time diagnosis (e.g. from a physician or nurse) in context of an encounter.</td>\n            </tr>\n            <tr>\n               <td style=\"white-space:nowrap\">presenting-complaint\n                  <a name=\"CareConnect-ConditionCategory-1-presenting-complaint\"> </a>\n               </td>\n               <td>Presenting Complaint</td>\n               <td/>\n            </tr>\n            <tr>\n               <td style=\"white-space:nowrap\">co-morbidity\n                  <a name=\"CareConnect-ConditionCategory-1-co-morbidity\"> </a>\n               </td>\n               <td>Co-morbidity</td>\n               <td/>\n            </tr>\n            <tr>\n               <td style=\"white-space:nowrap\">issue\n                  <a name=\"CareConnect-ConditionCategory-1-issue\"> </a>\n               </td>\n               <td>Issue</td>\n               <td/>\n            </tr>\n         </table>\n      </div>"
  },
  "url": "https://hl7.org.uk/fhir/CodeSystem/CareConnect-ConditionCategory-1",
  "version": "4.0.0",
  "name": "Care Connect Condition Category",
  "status": "draft",
  "date": "2018-11-14T00:00:00+00:00",
  "publisher": "INTEROPen",
  "contact": [
    {
      "telecom": [
        {
          "system": "other",
          "value": "https://chat.fhir.org/#narrow/stream/179189-uk"
        }
      ]
    }
  ],
  "description": "A CodeSystem to identify the category of a condition.",
  "jurisdiction": [
    {
      "coding": [
        {
          "system": "http://unstats.un.org/unsd/methods/m49/m49.htm",
          "code": "826"
        }
      ]
    }
  ],
  "copyright": "Copyright © 2016 HL7 UK",
  "caseSensitive": true,
  "content": "complete",
  "concept": [
    {
      "code": "problem-list-item",
      "display": "Problem List Item",
      "definition": "An item on a problem list which can be managed over time and can be expressed by a practitioner (e.g. physician, nurse), patient, or related person."
    },
    {
      "code": "encounter-diagnosis",
      "display": "Encounter Diagnosis",
      "definition": "A point in time diagnosis (e.g. from a physician or nurse) in context of an encounter."
    },
    {
      "code": "presenting-complaint",
      "display": "Presenting Complaint"
    },
    {
      "code": "co-morbidity",
      "display": "Co-morbidity"
    },
    {
      "code": "issue",
      "display": "Issue"
    }
  ]
}