{
  "resourceType": "CodeSystem",
  "id": "CareConnect-NHSDataDictionary-PersonMaritalStatus-1",
  "text": {
    "status": "generated",
    "div": "<div xmlns=\"http://www.w3.org/1999/xhtml\">\n         <h2>NHS Data Model and Dictionary Person Marital Status Code</h2>\n         <div>\n            <p>An indicator to identify the legal marital status of a Person.</p> \n         </div>\n         <p>\n            <b>Copyright Statement:</b> Copyright © 2016 HL7 UK\n         </p>\n         <p>This code system https://hl7.org.uk/fhir/CodeSystem/CareConnect-NHSDataDictionary-PersonMaritalStatus-1 defines the following codes:</p>\n         <table class=\"codes\">\n            <tr>\n               <td style=\"white-space:nowrap\">\n                  <b>Code</b>\n               </td>\n               <td>\n                  <b>Display</b>\n               </td>\n               <td>\n                  <b>Definition</b>\n               </td>\n            </tr>\n            <tr>\n               <td style=\"white-space:nowrap\">S\n                  <a name=\"CareConnect-NHSDataDictionary-PersonMaritalStatus-1-S\"> </a>\n               </td>\n               <td>Single</td>\n               <td/>\n            </tr>\n            <tr>\n               <td style=\"white-space:nowrap\">M\n                  <a name=\"CareConnect-NHSDataDictionary-PersonMaritalStatus-1-M\"> </a>\n               </td>\n               <td>Married/Civil Partner</td>\n               <td/>\n            </tr>\n            <tr>\n               <td style=\"white-space:nowrap\">D\n                  <a name=\"CareConnect-NHSDataDictionary-PersonMaritalStatus-1-D\"> </a>\n               </td>\n               <td>Divorced/Person whose Civil Partnership has been dissolved</td>\n               <td/>\n            </tr>\n            <tr>\n               <td style=\"white-space:nowrap\">W\n                  <a name=\"CareConnect-NHSDataDictionary-PersonMaritalStatus-1-W\"> </a>\n               </td>\n               <td>Widowed/Surviving Civil Partner</td>\n               <td/>\n            </tr>\n            <tr>\n               <td style=\"white-space:nowrap\">P\n                  <a name=\"CareConnect-NHSDataDictionary-PersonMaritalStatus-1-P\"> </a>\n               </td>\n               <td>Separated</td>\n               <td/>\n            </tr>\n            <tr>\n               <td style=\"white-space:nowrap\">N\n                  <a name=\"CareConnect-NHSDataDictionary-PersonMaritalStatus-1-N\"> </a>\n               </td>\n               <td>Not disclosed</td>\n               <td/>\n            </tr>\n         </table>\n      </div>"
  },
  "extension": [
    {
      "url": "http://hl7.org/fhir/StructureDefinition/codesystem-sourceReference",
      "valueUri": "http://www.datadictionary.nhs.uk/data_dictionary/attributes/p/person/person_marital_status_code_de.asp?shownav=1"
    }
  ],
  "url": "https://hl7.org.uk/fhir/CodeSystem/CareConnect-NHSDataDictionary-PersonMaritalStatus-1",
  "version": "4.0.0",
  "name": "NHS Data Model and Dictionary Person Marital Status Code",
  "status": "active",
  "date": "2016-08-03T00:00:00+01:00",
  "publisher": "INTEROPen",
  "contact": [
    {
      "telecom": [
        {
          "system": "other",
          "value": "https://chat.fhir.org/#narrow/stream/179189-uk"
        }
      ]
    }
  ],
  "description": "An indicator to identify the legal marital status of a Person.",
  "jurisdiction": [
    {
      "coding": [
        {
          "system": "http://unstats.un.org/unsd/methods/m49/m49.htm",
          "code": "826"
        }
      ]
    }
  ],
  "copyright": "Copyright © 2016 HL7 UK",
  "caseSensitive": true,
  "content": "complete",
  "concept": [
    {
      "code": "S",
      "display": "Single"
    },
    {
      "code": "M",
      "display": "Married/Civil Partner"
    },
    {
      "code": "D",
      "display": "Divorced/Person whose Civil Partnership has been dissolved"
    },
    {
      "code": "W",
      "display": "Widowed/Surviving Civil Partner"
    },
    {
      "code": "P",
      "display": "Separated"
    },
    {
      "code": "N",
      "display": "Not disclosed"
    }
  ]
}