{
  "resourceType": "CodeSystem",
  "id": "CareConnect-ImmunizationExplanationReason-1",
  "text": {
    "status": "generated",
    "div": "<div xmlns=\"http://www.w3.org/1999/xhtml\">\n         <h2>Care Connect Immunization Explanation Reason</h2>\n         <div>\n            <p>A CodeSystem that identifies a code to record the reason why a vaccine was administered.</p> \n         </div>\n         <p>\n            <b>Copyright Statement:</b> Copyright © 2016 HL7 UK\n         </p>\n         <p>This code system https://hl7.org.uk/fhir/CodeSystem/CareConnect-ImmunizationExplanationReason-1 defines the following codes:</p>\n         <table class=\"codes\">\n            <tr>\n               <td style=\"white-space:nowrap\">\n                  <b>Code</b>\n               </td>\n               <td>\n                  <b>Display</b>\n               </td>\n               <td>\n                  <b>Definition</b>\n               </td>\n            </tr>\n            <tr>\n               <td style=\"white-space:nowrap\">1\n                  <a name=\"CareConnect-ImmunizationExplanationReason-1-1\"> </a>\n               </td>\n               <td>Routine mass immunisation</td>\n               <td/>\n            </tr>\n            <tr>\n               <td style=\"white-space:nowrap\">2\n                  <a name=\"CareConnect-ImmunizationExplanationReason-1-2\"> </a>\n               </td>\n               <td>Travel to endemic area</td>\n               <td/>\n            </tr>\n            <tr>\n               <td style=\"white-space:nowrap\">3\n                  <a name=\"CareConnect-ImmunizationExplanationReason-1-3\"> </a>\n               </td>\n               <td>Planned travel to high risk area</td>\n               <td/>\n            </tr>\n            <tr>\n               <td style=\"white-space:nowrap\">4\n                  <a name=\"CareConnect-ImmunizationExplanationReason-1-4\"> </a>\n               </td>\n               <td>Recent travel to high risk area</td>\n               <td/>\n            </tr>\n            <tr>\n               <td style=\"white-space:nowrap\">5\n                  <a name=\"CareConnect-ImmunizationExplanationReason-1-5\"> </a>\n               </td>\n               <td>Subpopulation at special or unusual risk</td>\n               <td/>\n            </tr>\n            <tr>\n               <td style=\"white-space:nowrap\">6\n                  <a name=\"CareConnect-ImmunizationExplanationReason-1-6\"> </a>\n               </td>\n               <td>High risk due to occupation</td>\n               <td/>\n            </tr>\n            <tr>\n               <td style=\"white-space:nowrap\">7\n                  <a name=\"CareConnect-ImmunizationExplanationReason-1-7\"> </a>\n               </td>\n               <td>High risk due to lifestyle</td>\n               <td/>\n            </tr>\n            <tr>\n               <td style=\"white-space:nowrap\">8\n                  <a name=\"CareConnect-ImmunizationExplanationReason-1-8\"> </a>\n               </td>\n               <td>High risk due to existing medical condition</td>\n               <td/>\n            </tr>\n            <tr>\n               <td style=\"white-space:nowrap\">9\n                  <a name=\"CareConnect-ImmunizationExplanationReason-1-9\"> </a>\n               </td>\n               <td>Control of known sporadic outbreak</td>\n               <td/>\n            </tr>\n            <tr>\n               <td style=\"white-space:nowrap\">10\n                  <a name=\"CareConnect-ImmunizationExplanationReason-1-10\"> </a>\n               </td>\n               <td>Patient request</td>\n               <td/>\n            </tr>\n            <tr>\n               <td style=\"white-space:nowrap\">11\n                  <a name=\"CareConnect-ImmunizationExplanationReason-1-11\"> </a>\n               </td>\n               <td>Post-exposure prophyaxis</td>\n               <td/>\n            </tr>\n            <tr>\n               <td style=\"white-space:nowrap\">12\n                  <a name=\"CareConnect-ImmunizationExplanationReason-1-12\"> </a>\n               </td>\n               <td>Other</td>\n               <td/>\n            </tr>\n         </table>\n      </div>"
  },
  "url": "https://hl7.org.uk/fhir/CodeSystem/CareConnect-ImmunizationExplanationReason-1",
  "version": "4.0.0",
  "name": "Care Connect Immunization Explanation Reason",
  "status": "draft",
  "date": "2018-05-03T01:00:00+01:00",
  "publisher": "INTEROPen",
  "contact": [
    {
      "telecom": [
        {
          "system": "other",
          "value": "https://chat.fhir.org/#narrow/stream/179189-uk"
        }
      ]
    }
  ],
  "description": "A CodeSystem that identifies a code to record the reason why a vaccine was administered.",
  "jurisdiction": [
    {
      "coding": [
        {
          "system": "http://unstats.un.org/unsd/methods/m49/m49.htm",
          "code": "826"
        }
      ]
    }
  ],
  "copyright": "Copyright © 2016 HL7 UK",
  "content": "complete",
  "concept": [
    {
      "code": "1",
      "display": "Routine mass immunisation"
    },
    {
      "code": "2",
      "display": "Travel to endemic area"
    },
    {
      "code": "3",
      "display": "Planned travel to high risk area"
    },
    {
      "code": "4",
      "display": "Recent travel to high risk area"
    },
    {
      "code": "5",
      "display": "Subpopulation at special or unusual risk"
    },
    {
      "code": "6",
      "display": "High risk due to occupation"
    },
    {
      "code": "7",
      "display": "High risk due to lifestyle"
    },
    {
      "code": "8",
      "display": "High risk due to existing medical condition"
    },
    {
      "code": "9",
      "display": "Control of known sporadic outbreak"
    },
    {
      "code": "10",
      "display": "Patient request"
    },
    {
      "code": "11",
      "display": "Post-exposure prophyaxis"
    },
    {
      "code": "12",
      "display": "Other"
    }
  ]
}