{
  "resourceType": "ConceptMap",
  "id": "CareConnect-PersonNameType-1",
  "text": {
    "status": "generated",
    "div": "<div xmlns=\"http://www.w3.org/1999/xhtml\">\n         <h2>Concept Map - Care Connect Person Name Type (https://hl7.org.uk/fhir/ConceptMap/CareConnect-PersonNameType-1)</h2>\n         <p>Mapping from \n            <a href=\"valueset-CareConnect-NameUse-1.html\">https://hl7.org.uk/fhir/ValueSet/CareConnect-NameUse-1</a> to \n            <a href=\"valueset-CareConnect-PDS-PersonNameType-1.html\">https://hl7.org.uk/fhir/ValueSet/CareConnect-PDS-PersonNameType-1</a>\n         </p>\n         <p>DRAFT. Published on 2 Nov 2018, 00:00:00 by INTEROpen (). Copyright © 2016 HL7 UK</p>\n         <div>\n            <p>A Concept Map from ValueSet Name Use to PDS Person Name Type to aid interpretation.</p> \n         </div>\n         <br/>\n         <table class=\"grid\">\n            <tr>\n               <td>\n                  <b>Source Code</b>\n               </td>\n               <td>\n                  <b>Relationship</b>\n               </td>\n               <td>\n                  <b>Destination Code</b>\n               </td>\n            </tr>\n            <tr>\n               <td>official</td>\n               <td>equivalent</td>\n               <td>L (Usual (current) name)</td>\n            </tr>\n            <tr>\n               <td>nickname</td>\n               <td>equivalent</td>\n               <td>A (Alias name)</td>\n            </tr>\n            <tr>\n               <td>usual</td>\n               <td>equivalent</td>\n               <td>PREFERRED (Preferred name)</td>\n            </tr>\n            <tr>\n               <td>old</td>\n               <td>equivalent</td>\n               <td>PREVIOUS (Other previous name)</td>\n            </tr>\n            <tr>\n               <td>old</td>\n               <td>equivalent</td>\n               <td>PREVIOUS-BACHELOR (Bachelor name)</td>\n            </tr>\n            <tr>\n               <td>old</td>\n               <td>equivalent</td>\n               <td>PREVIOUS-BIRTH (Birth name)</td>\n            </tr>\n            <tr>\n               <td>old</td>\n               <td>equivalent</td>\n               <td>PREVIOUS-MAIDEN (Maiden name)</td>\n            </tr>\n         </table>\n      </div>"
  },
  "url": "https://hl7.org.uk/fhir/ConceptMap/CareConnect-PersonNameType-1",
  "version": "4.0.0",
  "name": "Concept Map - Care Connect Person Name Type",
  "status": "draft",
  "date": "2018-11-02T00:00:00+00:00",
  "publisher": "INTEROPen",
  "contact": [
    {
      "telecom": [
        {
          "system": "other",
          "value": "https://chat.fhir.org/#narrow/stream/179189-uk"
        }
      ]
    }
  ],
  "description": "A Concept Map from ValueSet Name Use to PDS Person Name Type to aid interpretation.",
  "jurisdiction": [
    {
      "coding": [
        {
          "system": "http://unstats.un.org/unsd/methods/m49/m49.htm",
          "code": "826"
        }
      ]
    }
  ],
  "copyright": "Copyright © 2016 HL7 UK",
  "sourceUri": "https://hl7.org.uk/fhir/ValueSet/CareConnect-NameUse-1",
  "targetUri": "https://hl7.org.uk/fhir/ValueSet/CareConnect-PDS-PersonNameType-1",
  "group": [
    {
      "source": "http://hl7.org/fhir/name-use",
      "target": "https://hl7.org.uk/fhir/CodeSystem/CareConnect-PDS-PersonNameType-1",
      "element": [
        {
          "code": "official",
          "display": "Official",
          "target": [
            {
              "code": "L",
              "display": "Usual (current) name",
              "equivalence": "equivalent"
            }
          ]
        },
        {
          "code": "nickname",
          "display": "Nickname",
          "target": [
            {
              "code": "A",
              "display": "Alias name",
              "equivalence": "equivalent"
            }
          ]
        },
        {
          "code": "usual",
          "display": "Usual",
          "target": [
            {
              "code": "PREFERRED",
              "display": "Preferred name",
              "equivalence": "equivalent"
            }
          ]
        },
        {
          "code": "old",
          "display": "Old",
          "target": [
            {
              "code": "PREVIOUS",
              "display": "Other previous name",
              "equivalence": "equivalent"
            }
          ]
        },
        {
          "code": "old",
          "display": "Old",
          "target": [
            {
              "code": "PREVIOUS-BACHELOR",
              "display": "Bachelor name",
              "equivalence": "equivalent"
            }
          ]
        },
        {
          "code": "old",
          "display": "Old",
          "target": [
            {
              "code": "PREVIOUS-BIRTH",
              "display": "Birth name",
              "equivalence": "equivalent"
            }
          ]
        },
        {
          "code": "old",
          "display": "Old",
          "target": [
            {
              "code": "PREVIOUS-MAIDEN",
              "display": "Maiden name",
              "equivalence": "equivalent"
            }
          ]
        }
      ]
    }
  ]
}