{
  "resourceType": "ConceptMap",
  "id": "CareConnect-MaritalStatus-1",
  "text": {
    "status": "generated",
    "div": "<div xmlns=\"http://www.w3.org/1999/xhtml\">\n         <h2>Concept Map - Care Connect Marital Status (https://hl7.org.uk/fhir/ConceptMap/CareConnect-MaritalStatus-1)</h2>\n         <p>Mapping from \n            <a href=\"valueset-CareConnect-MaritalStatus-1.html\">https://hl7.org.uk/fhir/ValueSet/CareConnect-MaritalStatus-1</a> to \n            <a href=\"valueset-CareConnect-NHSDataDictionary-PersonMaritalStatus-1.html\">https://hl7.org.uk/fhir/ValueSet/CareConnect-NHSDataDictionary-PersonMaritalStatus-1</a>\n         </p>\n         <p>ACTIVE. Published on 1 Aug 2017, 01:00:00 by INTEROpen (). Copyright © 2016 HL7 UK</p>\n         <div>\n            <p>A Concept Map from ValueSet Marital Status to NHS Data Dictionary Person Marital Status to aid interpretation.</p> \n         </div>\n         <br/>\n         <table class=\"grid\">\n            <tr>\n               <td>\n                  <b>Source Code</b>\n               </td>\n               <td>\n                  <b>Relationship</b>\n               </td>\n               <td>\n                  <b>Destination Code</b>\n               </td>\n            </tr>\n            <tr>\n               <td>U (unmarried)</td>\n               <td>equivalent</td>\n               <td>S (Single)</td>\n            </tr>\n            <tr>\n               <td>D (Divorced)</td>\n               <td>equivalent</td>\n               <td>D (Divorced/Person whose Civil Partnership has been dissolved)</td>\n            </tr>\n            <tr>\n               <td>L (Legally Separated)</td>\n               <td>equivalent</td>\n               <td>P (Separated)</td>\n            </tr>\n            <tr>\n               <td>M (Married)</td>\n               <td>equivalent</td>\n               <td>M (Married/Civil Partner)</td>\n            </tr>\n            <tr>\n               <td>S (Never Married)</td>\n               <td>equivalent</td>\n               <td>S (Single)</td>\n            </tr>\n            <tr>\n               <td>W (Widowed)</td>\n               <td>equivalent</td>\n               <td>W (Widowed/Surviving Civil Partner)</td>\n            </tr>\n         </table>\n         <table class=\"grid\">\n            <tr>\n               <td>\n                  <b>Source Code</b>\n               </td>\n               <td>\n                  <b>Relationship</b>\n               </td>\n               <td>\n                  <b>Destination Code</b>\n               </td>\n            </tr>\n            <tr>\n               <td>UNK (unknown)</td>\n               <td>equivalent</td>\n               <td>N (Not disclosed)</td>\n            </tr>\n         </table>\n      </div>"
  },
  "url": "https://hl7.org.uk/fhir/ConceptMap/CareConnect-MaritalStatus-1",
  "version": "4.0.0",
  "name": "Concept Map - Care Connect Marital Status",
  "status": "active",
  "date": "2017-08-01T01:00:00+01:00",
  "publisher": "INTEROPen",
  "contact": [
    {
      "telecom": [
        {
          "system": "other",
          "value": "https://chat.fhir.org/#narrow/stream/179189-uk"
        }
      ]
    }
  ],
  "description": "A Concept Map from ValueSet Marital Status to NHS Data Dictionary Person Marital Status to aid interpretation.",
  "jurisdiction": [
    {
      "coding": [
        {
          "system": "http://unstats.un.org/unsd/methods/m49/m49.htm",
          "code": "826"
        }
      ]
    }
  ],
  "copyright": "Copyright © 2016 HL7 UK",
  "sourceUri": "https://hl7.org.uk/fhir/ValueSet/CareConnect-MaritalStatus-1",
  "targetUri": "https://hl7.org.uk/fhir/ValueSet/CareConnect-NHSDataDictionary-PersonMaritalStatus-1",
  "group": [
    {
      "source": "http://hl7.org/fhir/v3/MaritalStatus",
      "target": "https://hl7.org.uk/fhir/CodeSystem/CareConnect-NHSDataDictionary-PersonMaritalStatus-1",
      "element": [
        {
          "code": "U",
          "display": "unmarried",
          "target": [
            {
              "code": "S",
              "display": "Single",
              "equivalence": "equivalent"
            }
          ]
        },
        {
          "code": "D",
          "display": "Divorced",
          "target": [
            {
              "code": "D",
              "display": "Divorced/Person whose Civil Partnership has been dissolved",
              "equivalence": "equivalent"
            }
          ]
        },
        {
          "code": "L",
          "display": "Legally Separated",
          "target": [
            {
              "code": "P",
              "display": "Separated",
              "equivalence": "equivalent"
            }
          ]
        },
        {
          "code": "M",
          "display": "Married",
          "target": [
            {
              "code": "M",
              "display": "Married/Civil Partner",
              "equivalence": "equivalent"
            }
          ]
        },
        {
          "code": "S",
          "display": "Never Married",
          "target": [
            {
              "code": "S",
              "display": "Single",
              "equivalence": "equivalent"
            }
          ]
        },
        {
          "code": "W",
          "display": "Widowed",
          "target": [
            {
              "code": "W",
              "display": "Widowed/Surviving Civil Partner",
              "equivalence": "equivalent"
            }
          ]
        }
      ]
    },
    {
      "source": "http://hl7.org/fhir/v3/NullFlavor",
      "target": "https://hl7.org.uk/fhir/CodeSystem/CareConnect-NHSDataDictionary-PersonMaritalStatus-1",
      "element": [
        {
          "code": "UNK",
          "display": "unknown",
          "target": [
            {
              "code": "N",
              "display": "Not disclosed",
              "equivalence": "equivalent"
            }
          ]
        }
      ]
    }
  ]
}