{
  "resourceType": "ConceptMap",
  "id": "ConditionEpisodicity-1",
  "text": {
    "status": "generated",
    "div": "<div xmlns=\"http://www.w3.org/1999/xhtml\">\n         <h2>Concept Map - Condition Episodicity (https://hl7.org.uk/fhir/ConceptMap/ConditionEpisodicity-1)</h2>\n         <p>Mapping from \n            <a href=\"valueset-CareConnect-ConditionEpisodicity-1.html\">https://hl7.org.uk/fhir/ValueSet/CareConnect-ConditionEpisodicity-1</a> to \n            <a href=\"valueset-CareConnect-ConditionEpisodeSnCT-1.html\">https://hl7.org.uk/fhir/ValueSet/CareConnect-ConditionEpisodeSnCT-1</a>\n         </p>\n         <p>DRAFT. Published on 14 Nov 2018, 00:00:00 by INTEROpen (). Copyright © 2016 HL7 UK</p>\n         <div>\n            <p>A Concept Map from ValueSet Condition Episodicity Severity to equivalent Snomed CT codes</p> \n         </div>\n         <br/>\n         <table class=\"grid\">\n            <tr>\n               <td>\n                  <b>Source Code</b>\n               </td>\n               <td>\n                  <b>Relationship</b>\n               </td>\n               <td>\n                  <b>Destination Code</b>\n               </td>\n            </tr>\n            <tr>\n               <td>first</td>\n               <td>equivalent</td>\n               <td>255217005 (First episode)</td>\n            </tr>\n            <tr>\n               <td>new</td>\n               <td>equivalent</td>\n               <td>288527008 (New episode)</td>\n            </tr>\n            <tr>\n               <td>review</td>\n               <td>equivalent</td>\n               <td>303350001 (Ongoing episode)</td>\n            </tr>\n            <tr>\n               <td>end</td>\n               <td>equivalent</td>\n               <td>272131007 (Old episode)</td>\n            </tr>\n         </table>\n      </div>"
  },
  "url": "https://hl7.org.uk/fhir/ConceptMap/ConditionEpisodicity-1",
  "version": "4.0.0",
  "name": "Concept Map - Condition Episodicity",
  "status": "draft",
  "date": "2018-11-14T00:00:00+00:00",
  "publisher": "INTEROPen",
  "contact": [
    {
      "telecom": [
        {
          "system": "other",
          "value": "https://chat.fhir.org/#narrow/stream/179189-uk"
        }
      ]
    }
  ],
  "description": "A Concept Map from ValueSet Condition Episodicity Severity to equivalent Snomed CT codes",
  "jurisdiction": [
    {
      "coding": [
        {
          "system": "http://unstats.un.org/unsd/methods/m49/m49.htm",
          "code": "826"
        }
      ]
    }
  ],
  "copyright": "Copyright © 2016 HL7 UK",
  "sourceUri": "https://hl7.org.uk/fhir/ValueSet/CareConnect-ConditionEpisodicity-1",
  "targetUri": "https://hl7.org.uk/fhir/ValueSet/CareConnect-ConditionEpisodeSnCT-1",
  "group": [
    {
      "source": "https://hl7.org.uk/fhir/CodeSystem/CareConnect-ConditionEpisodicity-1",
      "target": "http://snomed.info/sct",
      "element": [
        {
          "code": "first",
          "display": "First",
          "target": [
            {
              "code": "255217005",
              "display": "First episode",
              "equivalence": "equivalent"
            }
          ]
        },
        {
          "code": "new",
          "display": "New",
          "target": [
            {
              "code": "288527008",
              "display": "New episode",
              "equivalence": "equivalent"
            }
          ]
        },
        {
          "code": "review",
          "display": "Review",
          "target": [
            {
              "code": "303350001",
              "display": "Ongoing episode",
              "equivalence": "equivalent"
            }
          ]
        },
        {
          "code": "end",
          "display": "End",
          "target": [
            {
              "code": "272131007",
              "display": "Old episode",
              "equivalence": "equivalent"
            }
          ]
        }
      ]
    }
  ]
}