{
  "resourceType": "ConceptMap",
  "id": "CareConnect-AllergyVerificationStatus-1",
  "text": {
    "status": "generated",
    "div": "<div xmlns=\"http://www.w3.org/1999/xhtml\">\n         <h2>Concept Map - Allergy Verification Status (https://hl7.org.uk/fhir/ConceptMap/CareConnect-AllergyVerificationStatus-1)</h2>\n         <p>Mapping from \n            <a href=\"valueset-CareConnect-AllergyVerificationStatus-1.html\">https://hl7.org.uk/fhir/ValueSet/CareConnect-AllergyVerificationStatus-1</a> to \n            <a href=\"valueset-CareConnect-AllergyCertainty-1.html\">https://hl7.org.uk/fhir/ValueSet/CareConnect-AllergyCertainty-1</a>\n         </p>\n         <p>DRAFT. Published on 14 Nov 2018, 00:00:00 by INTEROpen (). Copyright © 2016 HL7 UK</p>\n         <div>\n            <p>A Concept Map from ValueSet Allergy Verification Status to Allergy Certainity to aid interpretation.</p> \n         </div>\n         <br/>\n         <table class=\"grid\">\n            <tr>\n               <td>\n                  <b>Source Code</b>\n               </td>\n               <td>\n                  <b>Relationship</b>\n               </td>\n               <td>\n                  <b>Destination Code</b>\n               </td>\n            </tr>\n            <tr>\n               <td>unconfirmed</td>\n               <td>equivalent</td>\n               <td>385434005 (Improbable diagnosis (contextual qualifier) (qualifier value))</td>\n            </tr>\n            <tr>\n               <td>unconfirmed</td>\n               <td>equivalent</td>\n               <td>2931005 (Probable diagnosis)</td>\n            </tr>\n            <tr>\n               <td>confirmed</td>\n               <td>equivalent</td>\n               <td>255545003 (Definite)</td>\n            </tr>\n            <tr>\n               <td>confirmed</td>\n               <td>equivalent</td>\n               <td>410605003 (Confirmed present (qualifier value))</td>\n            </tr>\n         </table>\n      </div>"
  },
  "url": "https://hl7.org.uk/fhir/ConceptMap/CareConnect-AllergyVerificationStatus-1",
  "version": "4.0.0",
  "name": "Concept Map - Allergy Verification Status",
  "status": "draft",
  "date": "2018-11-14T00:00:00+00:00",
  "publisher": "INTEROPen",
  "contact": [
    {
      "telecom": [
        {
          "system": "other",
          "value": "https://chat.fhir.org/#narrow/stream/179189-uk"
        }
      ]
    }
  ],
  "description": "A Concept Map from ValueSet Allergy Verification Status to Allergy Certainity to aid interpretation.",
  "jurisdiction": [
    {
      "coding": [
        {
          "system": "http://unstats.un.org/unsd/methods/m49/m49.htm",
          "code": "826"
        }
      ]
    }
  ],
  "copyright": "Copyright © 2016 HL7 UK",
  "sourceUri": "https://hl7.org.uk/fhir/ValueSet/CareConnect-AllergyVerificationStatus-1",
  "targetUri": "https://hl7.org.uk/fhir/ValueSet/CareConnect-AllergyCertainty-1",
  "group": [
    {
      "source": "http://hl7.org/fhir/allergy-verification-status",
      "target": "http://snomed.info/sct",
      "element": [
        {
          "code": "unconfirmed",
          "display": "Unconfirmed",
          "target": [
            {
              "code": "385434005",
              "display": "Improbable diagnosis",
              "equivalence": "equivalent"
            }
          ]
        },
        {
          "code": "unconfirmed",
          "display": "Unconfirmed",
          "target": [
            {
              "code": "2931005",
              "display": "Probable diagnosis",
              "equivalence": "equivalent"
            }
          ]
        },
        {
          "code": "confirmed",
          "display": "Confirmed",
          "target": [
            {
              "code": "255545003",
              "display": "Definite",
              "equivalence": "equivalent"
            }
          ]
        },
        {
          "code": "confirmed",
          "display": "Confirmed",
          "target": [
            {
              "code": "410605003",
              "display": "Confirmed present",
              "equivalence": "equivalent"
            }
          ]
        }
      ]
    }
  ]
}