{
  "resourceType": "NamingSystem",
  "id": "ods-organization-code",
  "text": {
    "status": "generated",
    "div": "<div xmlns=\"http://www.w3.org/1999/xhtml\"><p><b>Generated Narrative with Details</b></p><p><b>id</b>: ods-organization-code</p><p><b>name</b>: ODS Organisation Code</p><p><b>status</b>: draft</p><p><b>kind</b>: identifier</p><p><b>date</b>: 1 May 2019, 00:00:00</p><p><b>publisher</b>: INTEROPen</p><p><b>contact</b>: </p><p><b>responsible</b>: NHS Digital</p><p><b>description</b>: The identifier system for an Organisation registered with the Organisation Data Service (ODS).</p><p><b>jurisdiction</b>: United Kingdom of Great Britain and Northern Ireland (GBR) <span style=\"background: LightGoldenRodYellow\">(Details : {http://unstats.un.org/unsd/methods/m49/m49.htm code '826' = 'United Kingdom of Great Britain and Northern Ireland (GBR))</span></p><p><b>usage</b>: To be used to identify an Organisation registered with the Organisation Data Service (ODS).</p><blockquote><p><b>uniqueId</b></p><p><b>type</b>: uri</p><p><b>value</b>: https://fhir.nhs.uk/Id/ods-organization-code</p><p><b>preferred</b>: true</p></blockquote><blockquote><p><b>uniqueId</b></p><p><b>type</b>: oid</p><p><b>value</b>: 2.16.840.1.113883.2.1.4.3</p><p><b>preferred</b>: false</p></blockquote></div>"
  },
  "name": "ODS Organisation Code",
  "status": "draft",
  "kind": "identifier",
  "date": "2019-05-01T00:00:00+01:00",
  "publisher": "INTEROPen",
  "contact": [
    {
      "telecom": [
        {
          "system": "other",
          "value": "https://chat.fhir.org/#narrow/stream/179189-uk"
        }
      ]
    }
  ],
  "responsible": "NHS Digital",
  "description": "The identifier system for an Organisation registered with the Organisation Data Service (ODS).",
  "jurisdiction": [
    {
      "coding": [
        {
          "system": "http://unstats.un.org/unsd/methods/m49/m49.htm",
          "code": "826"
        }
      ]
    }
  ],
  "usage": "To be used to identify an Organisation registered with the Organisation Data Service (ODS).",
  "uniqueId": [
    {
      "type": "uri",
      "value": "https://fhir.nhs.uk/Id/ods-organization-code",
      "preferred": true
    },
    {
      "type": "oid",
      "value": "2.16.840.1.113883.2.1.4.3",
      "preferred": false
    }
  ]
}