{
  "resourceType": "ValueSet",
  "id": "CareConnect-EthnicCategory-1",
  "text": {
    "status": "generated",
    "div": "<div xmlns=\"http://www.w3.org/1999/xhtml\">\n         <h2>Care Connect Ethnic Category</h2>\n         <div>\n            <p>A ValueSet to identify the ethnicity of a Person, as specified by the Person. This vocabulary describes a persons ethnic category, it is an extension of the Ethnic Category Code described in the NHS Data Model and Dictionary.</p> \n         </div>\n         <p>\n            <b>Copyright Statement:</b> Copyright © 2016 HL7 UK\n         </p>\n         <p>This value set includes codes from the following code systems:</p>\n         <ul>\n            <li>Include all codes defined in \n               <a href=\"CareConnect-EthnicCategory-1.html\">\n                  <code>https://hl7.org.uk/fhir/CodeSystem/CareConnect-EthnicCategory-1</code>\n               </a>\n            </li>\n         </ul>\n      </div>"
  },
  "extension": [
    {
      "url": "http://hl7.org/fhir/StructureDefinition/valueset-sourceReference",
      "valueUri": "http://www.datadictionary.nhs.uk/data_dictionary/data_field_notes/p/pds/pds_ethnic_category_code_de.asp?shownav=0"
    }
  ],
  "url": "https://hl7.org.uk/fhir/ValueSet/CareConnect-EthnicCategory-1",
  "identifier": [
    {
      "system": "urn:ietf:rfc:3986",
      "value": "urn:oid:2.16.840.1.113883.2.1.3.2.4.16.6"
    }
  ],
  "version": "4.0.0",
  "name": "Care Connect Ethnic Category",
  "status": "draft",
  "date": "2018-11-02T00:00:00+00:00",
  "publisher": "INTEROPen",
  "contact": [
    {
      "telecom": [
        {
          "system": "other",
          "value": "https://chat.fhir.org/#narrow/stream/179189-uk"
        }
      ]
    }
  ],
  "description": "A ValueSet to identify the ethnicity of a Person, as specified by the Person. This vocabulary describes a persons ethnic category, it is an extension of the Ethnic Category Code described in the NHS Data Model and Dictionary.",
  "jurisdiction": [
    {
      "coding": [
        {
          "system": "http://unstats.un.org/unsd/methods/m49/m49.htm",
          "code": "826"
        }
      ]
    }
  ],
  "copyright": "Copyright © 2016 HL7 UK",
  "compose": {
    "include": [
      {
        "system": "https://hl7.org.uk/fhir/CodeSystem/CareConnect-EthnicCategory-1"
      }
    ]
  }
}