{
  "resourceType": "ValueSet",
  "id": "CareConnect-AdmissionMethod-1",
  "text": {
    "status": "generated",
    "div": "<div xmlns=\"http://www.w3.org/1999/xhtml\">\n         <h2>NHS Data Model and Dictionary Admission Method</h2>\n         <div>\n            <p>The method of admission to a Hospital Provider Spell.</p> \n         </div>\n         <p>\n            <b>Copyright Statement:</b> Copyright © 2016 HL7 UK\n         </p>\n         <p>This value set includes codes from the following code systems:</p>\n         <ul>\n            <li>Include all codes defined in \n               <a href=\"CareConnect-AdmissionMethod-1.html\">\n                  <code>https://hl7.org.uk/fhir/CodeSystem/CareConnect-AdmissionMethod-1</code>\n               </a>\n            </li>\n         </ul>\n      </div>"
  },
  "extension": [
    {
      "url": "http://hl7.org/fhir/StructureDefinition/valueset-sourceReference",
      "valueUri": "http://www.datadictionary.nhs.uk/data_dictionary/attributes/a/add/admission_method_de.asp?shownav=1"
    }
  ],
  "url": "https://hl7.org.uk/fhir/ValueSet/CareConnect-AdmissionMethod-1",
  "version": "4.0.0",
  "name": "NHS Data Model and Dictionary Admission Method",
  "status": "draft",
  "date": "2018-11-14T00:00:00+00:00",
  "publisher": "INTEROPen",
  "contact": [
    {
      "telecom": [
        {
          "system": "other",
          "value": "https://chat.fhir.org/#narrow/stream/179189-uk"
        }
      ]
    }
  ],
  "description": "The method of admission to a Hospital Provider Spell.",
  "jurisdiction": [
    {
      "coding": [
        {
          "system": "http://unstats.un.org/unsd/methods/m49/m49.htm",
          "code": "826"
        }
      ]
    }
  ],
  "copyright": "Copyright © 2016 HL7 UK",
  "compose": {
    "include": [
      {
        "system": "https://hl7.org.uk/fhir/CodeSystem/CareConnect-AdmissionMethod-1"
      }
    ]
  }
}