{
  "resourceType": "ValueSet",
  "id": "CareConnect-ImmunizationExplanationReason-2",
  "text": {
    "status": "generated",
    "div": "<div xmlns=\"http://www.w3.org/1999/xhtml\"> \n         <h2>Care Connect Immunization Explanation Reason</h2> \n         <div> \n            <p>A code from the SNOMED Clinical Terminology UK coding system that represents the clinical indication or reason for administering the vaccine.</p> \n         </div> \n         <p> \n            <b>Copyright Statement:</b> This value set includes content from SNOMED CT, which is copyright © 2002+ International Health Terminology Standards Development Organisation (IHTSDO), and distributed by agreement between IHTSDO and HL7. Implementer use of SNOMED CT is not covered by this agreement. \n         </p> \n         <p>This value set includes codes from the following code systems:</p> \n         <ul> \n            <li>Include these codes as defined in \n               <a href=\"http://www.snomed.org/\"> \n                  <code>http://snomed.info/sct</code> \n               </a> \n               <table class=\"none\"> \n                  <tr> \n                     <td style=\"white-space:nowrap\"> \n                        <b>Code</b> \n                     </td> \n                     <td> \n                        <b>Display</b> \n                     </td> \n                  </tr> \n                  <tr> \n                     <td> \n                        <a href=\"http://browser.ihtsdotools.org/?perspective=full&amp;conceptId1=171279008\">171279008</a> \n                     </td> \n                     <td>Immunization due</td> \n                     <td/> \n                  </tr> \n                  <tr> \n                     <td> \n                        <a href=\"http://browser.ihtsdotools.org/?perspective=full&amp;conceptId1=414448007\">414448007</a> \n                     </td> \n                     <td>Identified as high risk for travel</td> \n                     <td/> \n                  </tr> \n                  <tr> \n                     <td> \n                        <a href=\"http://browser.ihtsdotools.org/?perspective=full&amp;conceptId1=161096004\">161096004</a> \n                     </td> \n                     <td>Going to travel abroad</td> \n                     <td/> \n                  </tr> \n                  <tr> \n                     <td> \n                        <a href=\"http://browser.ihtsdotools.org/?perspective=full&amp;conceptId1=506931000000109\">506931000000109</a> \n                     </td> \n                     <td>Recent travel to disease affected area</td> \n                     <td/> \n                  </tr> \n                  <tr> \n                     <td> \n                        <a href=\"http://browser.ihtsdotools.org/?perspective=full&amp;conceptId1=78648007\">78648007</a> \n                     </td> \n                     <td>At risk for infection</td> \n                     <td/> \n                  </tr> \n                  <tr> \n                     <td> \n                        <a href=\"http://browser.ihtsdotools.org/?perspective=full&amp;conceptId1=14679004\">14679004</a> \n                     </td> \n                     <td>Occupation</td> \n                     <td/> \n                  </tr> \n                  <tr> \n                     <td> \n                        <a href=\"http://browser.ihtsdotools.org/?perspective=full&amp;conceptId1=134436002\">134436002</a> \n                     </td> \n                     <td>Lifestyle</td> \n                     <td/> \n                  </tr> \n                  <tr> \n                     <td> \n                        <a href=\"http://browser.ihtsdotools.org/?perspective=full&amp;conceptId1=398192003\">398192003</a> \n                     </td> \n                     <td>Co-morbid conditions</td> \n                     <td/> \n                  </tr> \n                  <tr> \n                     <td> \n                        <a href=\"http://browser.ihtsdotools.org/?perspective=full&amp;conceptId1=443684005\">443684005</a> \n                     </td> \n                     <td>Disease outbreak</td> \n                     <td/> \n                  </tr> \n                  <tr> \n                     <td> \n                        <a href=\"http://browser.ihtsdotools.org/?perspective=full&amp;conceptId1=183995001\">183995001</a> \n                     </td> \n                     <td>Patient requested procedure</td> \n                     <td/> \n                  </tr> \n                  <tr> \n                     <td> \n                        <a href=\"http://browser.ihtsdotools.org/?perspective=full&amp;conceptId1=444107005\">444107005</a> \n                     </td> \n                     <td>Exposure to communicable disease</td> \n                     <td/> \n                  </tr> \n                  <tr> \n                     <td> \n                        <a href=\"http://browser.ihtsdotools.org/?perspective=full&amp;conceptId1=723620004\">723620004</a> \n                     </td> \n                     <td>Requires vaccination</td> \n                     <td/> \n                  </tr> \n               </table> \n            </li> \n         </ul> \n      </div>"
  },
  "url": "https://hl7.org.uk/fhir/ValueSet/CareConnect-ImmunizationExplanationReason-2",
  "version": "4.0.0",
  "name": "Care Connect Immunization Explanation Reason",
  "status": "draft",
  "date": "2018-11-01T00:00:00+00:00",
  "publisher": "INTEROPen",
  "contact": [
    {
      "telecom": [
        {
          "system": "other",
          "value": "https://chat.fhir.org/#narrow/stream/179189-uk"
        }
      ]
    }
  ],
  "description": "A code from the SNOMED Clinical Terminology UK coding system that represents the clinical indication or reason for administering the vaccine.",
  "jurisdiction": [
    {
      "coding": [
        {
          "system": "http://unstats.un.org/unsd/methods/m49/m49.htm",
          "code": "826"
        }
      ]
    }
  ],
  "copyright": "This value set includes content from SNOMED CT, which is copyright © 2002+ International Health Terminology Standards Development Organisation (IHTSDO), and distributed by agreement between IHTSDO and HL7. Implementer use of SNOMED CT is not covered by this agreement.",
  "compose": {
    "include": [
      {
        "system": "http://snomed.info/sct",
        "concept": [
          {
            "code": "171279008",
            "display": "Immunization due"
          },
          {
            "code": "414448007",
            "display": "Identified as high risk for travel"
          },
          {
            "code": "161096004",
            "display": "Going to travel abroad"
          },
          {
            "code": "506931000000109",
            "display": "Recent travel to disease affected area"
          },
          {
            "code": "78648007",
            "display": "At risk for infection"
          },
          {
            "code": "14679004",
            "display": "Occupation"
          },
          {
            "code": "134436002",
            "display": "Lifestyle"
          },
          {
            "code": "398192003",
            "display": "Co-morbid conditions"
          },
          {
            "code": "443684005",
            "display": "Disease outbreak"
          },
          {
            "code": "183995001",
            "display": "Patient requested procedure"
          },
          {
            "code": "444107005",
            "display": "Exposure to communicable disease"
          },
          {
            "code": "723620004",
            "display": "Requires vaccination"
          }
        ]
      }
    ]
  },
  "expansion": {
    "identifier": "38e49a3e-f4dc-4069-a636-dded5f58d76a",
    "timestamp": "2019-12-11T16:50:39+00:00",
    "total": 11,
    "parameter": [
      {
        "name": "version",
        "valueUri": "http://snomed.info/sct?version=http%3A%2F%2Fsnomed.info%2Fsct%2F999000031000000106%2Fversion%2F20190807"
      },
      {
        "name": "count",
        "valueInteger": 2147483647
      },
      {
        "name": "offset",
        "valueInteger": 0
      }
    ],
    "contains": [
      {
        "system": "http://snomed.info/sct",
        "code": "398192003",
        "display": "Co-morbid conditions"
      },
      {
        "system": "http://snomed.info/sct",
        "code": "414448007",
        "display": "Identified as high risk for travel"
      },
      {
        "system": "http://snomed.info/sct",
        "code": "183995001",
        "display": "Patient requested procedure"
      },
      {
        "system": "http://snomed.info/sct",
        "code": "134436002",
        "display": "Lifestyle"
      },
      {
        "system": "http://snomed.info/sct",
        "code": "443684005",
        "display": "Disease outbreak"
      },
      {
        "system": "http://snomed.info/sct",
        "code": "171279008",
        "display": "Immunization due"
      },
      {
        "system": "http://snomed.info/sct",
        "code": "161096004",
        "display": "Going to travel abroad"
      },
      {
        "system": "http://snomed.info/sct",
        "code": "78648007",
        "display": "At risk for infection"
      },
      {
        "system": "http://snomed.info/sct",
        "code": "723620004",
        "display": "Requires vaccination"
      },
      {
        "system": "http://snomed.info/sct",
        "code": "444107005",
        "display": "Exposure to communicable disease"
      },
      {
        "system": "http://snomed.info/sct",
        "code": "14679004",
        "display": "Occupation"
      }
    ]
  }
}