{
  "resourceType": "ValueSet",
  "id": "CareConnect-HumanLanguage-1",
  "text": {
    "status": "generated",
    "div": "<div xmlns=\"http://www.w3.org/1999/xhtml\">\n         <h2>Care Connect Human Language</h2>\n         <div>\n            <p>A ValueSet that identifies the language used by a person.</p> \n         </div>\n         <p>\n            <b>Copyright Statement:</b> Copyright © 2016 HL7 UK\n         </p>\n         <p>This value set includes codes from the following code systems:</p>\n         <ul>\n            <li>Include all codes defined in \n               <a href=\"CareConnect-HumanLanguage-1.html\">\n                  <code>https://hl7.org.uk/fhir/CodeSystem/CareConnect-HumanLanguage-1</code>\n               </a>\n            </li>\n         </ul>\n      </div>"
  },
  "url": "https://hl7.org.uk/fhir/ValueSet/CareConnect-HumanLanguage-1",
  "identifier": [
    {
      "system": "urn:ietf:rfc:3986",
      "value": "urn:oid:2.16.840.1.113883.2.1.3.2.4.17.70"
    }
  ],
  "version": "4.0.0",
  "name": "Care Connect Human Language",
  "status": "draft",
  "date": "2018-11-01T00:00:00+00:00",
  "publisher": "INTEROPen",
  "contact": [
    {
      "telecom": [
        {
          "system": "other",
          "value": "https://chat.fhir.org/#narrow/stream/179189-uk"
        }
      ]
    }
  ],
  "description": "A ValueSet that identifies the language used by a person.",
  "jurisdiction": [
    {
      "coding": [
        {
          "system": "http://unstats.un.org/unsd/methods/m49/m49.htm",
          "code": "826"
        }
      ]
    }
  ],
  "copyright": "Copyright © 2016 HL7 UK",
  "compose": {
    "include": [
      {
        "system": "https://hl7.org.uk/fhir/CodeSystem/CareConnect-HumanLanguage-1"
      }
    ]
  }
}