{
  "resourceType": "ValueSet",
  "id": "CareConnect-AllergyVerificationStatus-1",
  "text": {
    "status": "generated",
    "div": "<div xmlns=\"http://www.w3.org/1999/xhtml\">\n         <h2>AllergyIntoleranceVerificationStatus</h2>\n         <div>\n            <p>Assertion about certainty associated with a propensity, or potential risk, of a reaction to the identified substance.</p> \n         </div>\n         <p>\n            <b>Copyright Statement:</b> Copyright © HL7.org 2011+\n         </p>\n         <p>This value set includes codes from the following code systems:</p>\n         <ul>\n            <li>Include these codes as defined in \n               <a href=\"http://hl7.org/fhir/STU3/codesystem-allergy-verification-status.html\">\n                  <code>http://hl7.org/fhir/allergy-verification-status</code>\n               </a>\n               <table class=\"none\">\n                  <tr>\n                     <td style=\"white-space:nowrap\">\n                        <b>Code</b>\n                     </td>\n                     <td>\n                        <b>Display</b>\n                     </td>\n                  </tr>\n                  <tr>\n                     <td>\n                        <a href=\"http://hl7.org/fhir/STU3/codesystem-allergy-verification-status.html#allergy-verification-status-unconfirmed\">unconfirmed</a>\n                     </td>\n                     <td>Unconfirmed</td>\n                     <td>A low level of certainty about the propensity for a reaction to the identified substance.</td>\n                  </tr>\n                  <tr>\n                     <td>\n                        <a href=\"http://hl7.org/fhir/STU3/codesystem-allergy-verification-status.html#allergy-verification-status-confirmed\">confirmed</a>\n                     </td>\n                     <td>Confirmed</td>\n                     <td>A high level of certainty about the propensity for a reaction to the identified substance, which may include clinical evidence by testing or rechallenge.</td>\n                  </tr>\n               </table>\n            </li>\n         </ul>\n      </div>"
  },
  "extension": [
    {
      "url": "http://hl7.org/fhir/StructureDefinition/valueset-map",
      "valueCanonical": "https://hl7.org.uk/fhir/ConceptMap/CareConnect-AllergyVerificationStatus-1"
    },
    {
      "url": "http://hl7.org/fhir/StructureDefinition/valueset-sourceReference",
      "valueUri": "http://hl7.org/fhir/ValueSet/allergy-verification-status"
    },
    {
      "url": "http://hl7.org/fhir/StructureDefinition/structuredefinition-wg",
      "valueCode": "pc"
    },
    {
      "url": "http://hl7.org/fhir/StructureDefinition/structuredefinition-fmm",
      "valueInteger": 3
    },
    {
      "url": "http://hl7.org/fhir/StructureDefinition/structuredefinition-ballot-status",
      "valueString": "Informative"
    }
  ],
  "url": "https://hl7.org.uk/fhir/ValueSet/CareConnect-AllergyVerificationStatus-1",
  "identifier": [
    {
      "system": "urn:ietf:rfc:3986",
      "value": "urn:oid:2.16.840.1.113883.4.642.3.115"
    }
  ],
  "version": "4.0.0",
  "name": "AllergyIntoleranceVerificationStatus",
  "status": "active",
  "date": "2017-04-18T22:44:47+01:00",
  "publisher": "INTEROPen",
  "contact": [
    {
      "telecom": [
        {
          "system": "other",
          "value": "https://chat.fhir.org/#narrow/stream/179189-uk"
        }
      ]
    }
  ],
  "description": "Assertion about certainty associated with a propensity, or potential risk, of a reaction to the identified substance.",
  "jurisdiction": [
    {
      "coding": [
        {
          "system": "http://unstats.un.org/unsd/methods/m49/m49.htm",
          "code": "826"
        }
      ]
    }
  ],
  "copyright": "Copyright © HL7.org 2011+",
  "compose": {
    "include": [
      {
        "system": "http://hl7.org/fhir/allergy-verification-status",
        "concept": [
          {
            "code": "unconfirmed",
            "display": "Unconfirmed"
          },
          {
            "code": "confirmed",
            "display": "Confirmed"
          }
        ]
      }
    ]
  }
}