{
  "resourceType": "ValueSet",
  "id": "CareConnect-AllergyManifestation-1",
  "text": {
    "status": "generated",
    "div": "<div xmlns=\"http://www.w3.org/1999/xhtml\"> \n         <h2>Care Connect Allergy Manifestation</h2> \n         <div> \n            <p>A code from the SNOMED Clinical Terminology UK hierarchy with concept id '404684003' to record an allergy manifestation or a value from the HL7 FHIR nullFlavors code system.</p> \n         </div> \n         <p> \n            <b>Copyright Statement:</b> This value set includes content from SNOMED CT, which is copyright © 2002+ International Health Terminology Standards Development Organisation (IHTSDO), and distributed by agreement between IHTSDO and HL7. Implementer use of SNOMED CT is not covered by this agreement. \n         </p> \n         <p>This value set includes codes from the following code systems:</p> \n         <ul> \n            <li>Include codes from \n               <a href=\"http://www.snomed.org/\"> \n                  <code>http://snomed.info/sct</code> \n               </a> where concept  in  404684003 (Clinical finding (finding)) \n            </li> \n            <li>Include codes from \n               <a href=\"http://hl7.org/fhir/STU3/v3/NullFlavor/cs.html\"> \n                  <code>http://hl7.org/fhir/v3/NullFlavor</code> \n               </a> where concept  = \n               <a href=\"http://hl7.org/fhir/STU3/v3/NullFlavor/cs.html#v3-NullFlavor-UNC\">UNC</a>, concept  = \n               <a href=\"http://hl7.org/fhir/STU3/v3/NullFlavor/cs.html#v3-NullFlavor-ASKU\">ASKU</a> and concept  = \n               <a href=\"http://hl7.org/fhir/STU3/v3/NullFlavor/cs.html#v3-NullFlavor-NI\">NI</a> \n            </li> \n         </ul> \n      </div>"
  },
  "url": "https://hl7.org.uk/fhir/ValueSet/CareConnect-AllergyManifestation-1",
  "version": "4.0.0",
  "name": "Care Connect Allergy Manifestation",
  "status": "draft",
  "date": "2018-11-14T00:00:00+00:00",
  "publisher": "INTEROPen",
  "contact": [
    {
      "telecom": [
        {
          "system": "other",
          "value": "https://chat.fhir.org/#narrow/stream/179189-uk"
        }
      ]
    }
  ],
  "description": "A code from the SNOMED Clinical Terminology UK hierarchy with concept id '404684003' to record an allergy manifestation or a value from the HL7 FHIR nullFlavors code system.",
  "jurisdiction": [
    {
      "coding": [
        {
          "system": "http://unstats.un.org/unsd/methods/m49/m49.htm",
          "code": "826"
        }
      ]
    }
  ],
  "copyright": "This value set includes content from SNOMED CT, which is copyright © 2002+ International Health Terminology Standards Development Organisation (IHTSDO), and distributed by agreement between IHTSDO and HL7. Implementer use of SNOMED CT is not covered by this agreement.",
  "compose": {
    "include": [
      {
        "system": "http://snomed.info/sct",
        "filter": [
          {
            "property": "concept",
            "op": "in",
            "value": "404684003"
          }
        ]
      },
      {
        "system": "http://hl7.org/fhir/v3/NullFlavor",
        "filter": [
          {
            "property": "concept",
            "op": "=",
            "value": "UNC"
          },
          {
            "property": "concept",
            "op": "=",
            "value": "ASKU"
          },
          {
            "property": "concept",
            "op": "=",
            "value": "NI"
          }
        ]
      }
    ]
  },
  "expansion": {
    "identifier": "bde1fd5f-6122-4940-b1c9-ab78603bdf94",
    "timestamp": "2019-12-11T16:50:33+00:00",
    "total": 0,
    "parameter": [
      {
        "name": "version",
        "valueUri": "http://hl7.org/fhir/v3/NullFlavor?version=2016-11-11"
      },
      {
        "name": "version",
        "valueUri": "http://snomed.info/sct?version=http%3A%2F%2Fsnomed.info%2Fsct%2F999000031000000106%2Fversion%2F20190807"
      },
      {
        "name": "count",
        "valueInteger": 2147483647
      },
      {
        "name": "offset",
        "valueInteger": 0
      }
    ]
  }
}