{
  "resourceType": "ValueSet",
  "id": "CareConnect-NameUse-1",
  "text": {
    "status": "generated",
    "div": "<div xmlns=\"http://www.w3.org/1999/xhtml\">\n         <h2>NameUse</h2>\n         <div>\n            <p>The use of a human name</p> \n         </div>\n         <p>\n            <b>Copyright Statement:</b> Copyright © HL7.org 2011+\n         </p>\n         <p>This value set includes codes from the following code systems:</p>\n         <ul>\n            <li>Include these codes as defined in \n               <a href=\"http://hl7.org/fhir/STU3/codesystem-name-use.html\">\n                  <code>http://hl7.org/fhir/name-use</code>\n               </a>\n               <table class=\"none\">\n                  <tr>\n                     <td style=\"white-space:nowrap\">\n                        <b>Code</b>\n                     </td>\n                     <td>\n                        <b>Display</b>\n                     </td>\n                  </tr>\n                  <tr>\n                     <td>\n                        <a href=\"http://hl7.org/fhir/STU3/codesystem-name-use.html#name-use-usual\">usual</a>\n                     </td>\n                     <td>Usual</td>\n                     <td>Known as/conventional/the one you normally use</td>\n                  </tr>\n                  <tr>\n                     <td>\n                        <a href=\"http://hl7.org/fhir/STU3/codesystem-name-use.html#name-use-official\">official</a>\n                     </td>\n                     <td>Official</td>\n                     <td>The formal name as registered in an official (government) registry, but which name might not be commonly used. May be called &quot;legal name&quot;.</td>\n                  </tr>\n                  <tr>\n                     <td>\n                        <a href=\"http://hl7.org/fhir/STU3/codesystem-name-use.html#name-use-temp\">temp</a>\n                     </td>\n                     <td>Temp</td>\n                     <td>A temporary name. Name.period can provide more detailed information. This may also be used for temporary names assigned at birth or in emergency situations.</td>\n                  </tr>\n                  <tr>\n                     <td>\n                        <a href=\"http://hl7.org/fhir/STU3/codesystem-name-use.html#name-use-nickname\">nickname</a>\n                     </td>\n                     <td>Nickname</td>\n                     <td>A name that is used to address the person in an informal manner, but is not part of their formal or usual name</td>\n                  </tr>\n                  <tr>\n                     <td>\n                        <a href=\"http://hl7.org/fhir/STU3/codesystem-name-use.html#name-use-anonymous\">anonymous</a>\n                     </td>\n                     <td>Anonymous</td>\n                     <td>Anonymous assigned name, alias, or pseudonym (used to protect a person's identity for privacy reasons)</td>\n                  </tr>\n                  <tr>\n                     <td>\n                        <a href=\"http://hl7.org/fhir/STU3/codesystem-name-use.html#name-use-old\">old</a>\n                     </td>\n                     <td>Old</td>\n                     <td>This name is no longer in use (or was never correct, but retained for records)</td>\n                  </tr>\n                  <tr>\n                     <td>\n                        <a href=\"http://hl7.org/fhir/STU3/codesystem-name-use.html#name-use-maiden\">maiden</a>\n                     </td>\n                     <td>Name changed for Marraige</td>\n                     <td>A name used prior to changing name because of marriage. This name use is for use by applications that collect and store names that were used prior to a marriage. Marriage naming customs vary greatly around the world, and are constantly changing. This term is not gender specific. The use of this term does not imply any particular history for a person's name</td>\n                  </tr>\n               </table>\n            </li>\n         </ul>\n      </div>"
  },
  "extension": [
    {
      "url": "http://hl7.org/fhir/StructureDefinition/valueset-map",
      "valueCanonical": "https://hl7.org.uk/fhir/ConceptMap/CareConnect-PersonNameType-1"
    },
    {
      "url": "http://hl7.org/fhir/StructureDefinition/valueset-sourceReference",
      "valueUri": "http://hl7.org/fhir/ValueSet/name-use"
    },
    {
      "url": "http://hl7.org/fhir/StructureDefinition/structuredefinition-wg",
      "valueCode": "fhir"
    },
    {
      "url": "http://hl7.org/fhir/StructureDefinition/structuredefinition-fmm",
      "valueInteger": 0
    },
    {
      "url": "http://hl7.org/fhir/StructureDefinition/structuredefinition-ballot-status",
      "valueString": "Informative"
    }
  ],
  "url": "https://hl7.org.uk/fhir/ValueSet/CareConnect-NameUse-1",
  "identifier": [
    {
      "system": "urn:ietf:rfc:3986",
      "value": "urn:oid:2.16.840.1.113883.4.642.3.58"
    }
  ],
  "version": "4.0.0",
  "name": "NameUse",
  "status": "draft",
  "date": "2017-04-18T22:44:47+01:00",
  "publisher": "INTEROPen",
  "contact": [
    {
      "telecom": [
        {
          "system": "other",
          "value": "https://chat.fhir.org/#narrow/stream/179189-uk"
        }
      ]
    }
  ],
  "description": "The use of a human name",
  "jurisdiction": [
    {
      "coding": [
        {
          "system": "http://unstats.un.org/unsd/methods/m49/m49.htm",
          "code": "826"
        }
      ]
    }
  ],
  "copyright": "Copyright © HL7.org 2011+",
  "compose": {
    "include": [
      {
        "system": "http://hl7.org/fhir/name-use",
        "concept": [
          {
            "code": "usual",
            "display": "Usual"
          },
          {
            "code": "official",
            "display": "Official"
          },
          {
            "code": "temp",
            "display": "Temp"
          },
          {
            "code": "nickname",
            "display": "Nickname"
          },
          {
            "code": "anonymous",
            "display": "Anonymous"
          },
          {
            "code": "old",
            "display": "Old"
          },
          {
            "code": "maiden",
            "display": "Name changed for Marraige"
          }
        ]
      }
    ]
  }
}