{
  "resourceType": "ValueSet",
  "id": "CareConnect-AllergySeverity-1",
  "text": {
    "status": "generated",
    "div": "<div xmlns=\"http://www.w3.org/1999/xhtml\"> \n         <h2>Care Connect Allergy Severity</h2> \n         <div> \n            <p>A code from the SNOMED Clinical Terminology UK coding system that describes the severity of an allergy.</p> \n         </div> \n         <p> \n            <b>Copyright Statement:</b> This value set includes content from SNOMED CT, which is copyright © 2002+ International Health Terminology Standards Development Organisation (IHTSDO), and distributed by agreement between IHTSDO and HL7. Implementer use of SNOMED CT is not covered by this agreement. \n         </p> \n         <p>This value set includes codes from the following code systems:</p> \n         <ul> \n            <li>Include codes from \n               <a href=\"http://www.snomed.org/\"> \n                  <code>http://snomed.info/sct</code> \n               </a> where constraint  =  (255604002 |Mild| OR 6736007 |Moderate| OR 24484000 |Severe| OR 399166001 |Fatal| OR 442452003 |Life threatening severity|) \n            </li> \n         </ul> \n      </div>"
  },
  "url": "https://hl7.org.uk/fhir/ValueSet/CareConnect-AllergySeverity-1",
  "version": "4.0.0",
  "name": "Care Connect Allergy Severity",
  "status": "draft",
  "date": "2018-11-14T00:00:00+00:00",
  "publisher": "INTEROPen",
  "contact": [
    {
      "telecom": [
        {
          "system": "other",
          "value": "https://chat.fhir.org/#narrow/stream/179189-uk"
        }
      ]
    }
  ],
  "description": "A code from the SNOMED Clinical Terminology UK coding system that describes the severity of an allergy.",
  "jurisdiction": [
    {
      "coding": [
        {
          "system": "http://unstats.un.org/unsd/methods/m49/m49.htm",
          "code": "826"
        }
      ]
    }
  ],
  "copyright": "This value set includes content from SNOMED CT, which is copyright © 2002+ International Health Terminology Standards Development Organisation (IHTSDO), and distributed by agreement between IHTSDO and HL7. Implementer use of SNOMED CT is not covered by this agreement.",
  "compose": {
    "include": [
      {
        "system": "http://snomed.info/sct",
        "filter": [
          {
            "property": "constraint",
            "op": "=",
            "value": "(255604002 |Mild| OR 6736007 |Moderate| OR 24484000 |Severe| OR 399166001 |Fatal| OR 442452003 |Life threatening severity|)"
          }
        ]
      }
    ]
  },
  "expansion": {
    "identifier": "8cadbd35-d2c6-46b4-8508-3ad46b7a7cb1",
    "timestamp": "2019-12-11T16:50:33+00:00",
    "total": 5,
    "parameter": [
      {
        "name": "version",
        "valueUri": "http://snomed.info/sct?version=http%3A%2F%2Fsnomed.info%2Fsct%2F999000031000000106%2Fversion%2F20190807"
      },
      {
        "name": "count",
        "valueInteger": 2147483647
      },
      {
        "name": "offset",
        "valueInteger": 0
      }
    ],
    "contains": [
      {
        "system": "http://snomed.info/sct",
        "code": "442452003",
        "display": "Life threatening severity"
      },
      {
        "system": "http://snomed.info/sct",
        "code": "399166001",
        "display": "Fatal"
      },
      {
        "system": "http://snomed.info/sct",
        "code": "6736007",
        "display": "Moderate"
      },
      {
        "system": "http://snomed.info/sct",
        "code": "255604002",
        "display": "Mild"
      },
      {
        "system": "http://snomed.info/sct",
        "code": "24484000",
        "display": "Severe"
      }
    ]
  }
}